,Rating,Name,Rating Agency Name,Date,Sector,currentRatio,quickRatio,cashRatio,daysOfSalesOutstanding,netProfitMargin,pretaxProfitMargin,grossProfitMargin,operatingProfitMargin,returnOnAssets,returnOnCapitalEmployed,returnOnEquity,assetTurnover,fixedAssetTurnover,debtEquityRatio,debtRatio,effectiveTaxRate,freeCashFlowOperatingCashFlowRatio,freeCashFlowPerShare,cashPerShare,companyEquityMultiplier,ebitPerRevenue,enterpriseValueMultiple,operatingCashFlowPerShare,operatingCashFlowSalesRatio,payablesTurnover
0,AA,Company 44,Rating agency 5,8/16/2005,Energy,0.885237125,0.550895603,0.14346857,36.8175195,0.094024081,0.188131342,1.009959139,0.190213112,0.143913354,0.1846892414,0.160120912,1.541118673,3.390180691,1.912761043,0.6313354682,0.0,0.547603248,0.04919789099999985,10.4331757,1.088335687,0.190116552,1.274560211,3.0937359244,0.153534039,0.0
1,BB,Company 135,Rating agency 3,4/28/2009,Basic Industries,2.052827911,0.511835041,0.26038495,0.0,0.094189455,0.13276184,0.121489602,0.137468843,0.130517717,0.223958635,0.1408792866,1.388711526,3.344360555,2.253042523,0.686884916,0.284568811,0.998441565,6.286350177,12.01626103,3.298016065,0.133657299,0.959816986,6.333348846,0.032842542,13.69678966
2,CCC,Company 118,Rating agency 3,8/3/2010,Health Care,1.340031649,1.090468285,0.235971229,45.13722927,0.121168977,0.017073824,1.0044734,0.069100955,0.131112216,0.023242041,0.045285278400000004,1.093697756,2.137543442,3.829918205,0.795181028,0.3093161164,1.001744147,0.965079773,3.277277402,4.811878556,0.017046022,15.62536357,0.973798896,0.051749423,0.0
4,BBB,Company 309,Rating agency 3,8/31/2010,Energy,1.393784174,0.439913549,0.027211181,21.43561587,0.199471394,0.201419663,0.990007562,0.202474787,0.08360873,0.090809243,0.211588925,0.418873954,0.487557421,1.518486564,0.606278453,0.004394823,-0.524238712,-2.024696925,4.7791358694,2.550233412,0.200256196,11.76062347,3.911740071,0.274350216,0.0
5,BBB,Company 56,Rating agency 3,9/30/2010,Miscellaneous,1.187288451,0.514919682,0.190278118,53.10290003,0.054139747,0.097922254,0.508210955,0.099159112,0.034475497,0.089894908,0.2366125114,0.639344469,12.74171997,1.3841586124000003,1.016996475,0.386875807,0.881114782,4.040228134,2.519301432,2.4030302752,0.099138203,10.45917465,4.61506864,0.176764585,0.077433965
6,BB,Company 96,Rating agency 3,11/3/2010,Technology,1.301075446,0.597312999,0.206298453,38.02280052,0.012812583,0.018366742,0.074278329,0.024210814,0.026665018,0.088756532,0.108421321,2.117047844,9.152856788,2.998592502,0.754615935,0.309391307,0.067505243,0.134037929,7.2326097162,4.060735277,0.018411207,4.357798754,1.983754864,0.031669555,4.518718987
7,BB,Company 437,Rating agency 3,11/19/2010,Basic Industries,2.0548523552,1.2507041938,0.6445491146,38.6260668804,0.07650972079999999,0.021426184799999998,1.666514321,0.1341065486,0.047713401,0.050062154000000005,0.079495839,0.406378791,4.633125065,0.0,0.6822272825999999,0.12206627839999999,1.270039405,-0.236367105,6.424199427,0.383804025,0.021290692000000003,7.535758472,-0.183911596,-0.043853674,6.6260545236
9,B,Company 586,Rating agency 3,12/17/2010,Consumer Services,0.890879093,0.86921441,0.05329359,56.758989076,0.0753973554,0.0604745724,0.645544068,0.056085972000000005,0.063668325,0.112893489,0.148562166,0.232947839,0.489276023,1.119658108,0.476537193,0.25877469,0.578013158,0.380378111,2.7469029552,2.345653101,0.06564045700000001,12.33242737,0.651120388,0.287063889,0.699499401
11,BBB,Company 126,Rating agency 3,12/20/2010,Basic Industries,3.738410485,2.559168861,1.218740571,56.77958682,0.001678341,0.003361643,0.121088426,0.009168049,0.00125969,0.002915461,0.003501602,0.761974996,1.943566769,1.770861634,0.635726801,0.501327437,0.622891487,1.655707771,8.547110954,2.748558268,0.003371926,21.43925924,2.667638669,0.095164009,8.134319093
13,BBB,Company 198,Rating agency 3,12/22/2010,Health Care,2.405952508,1.718992539,0.728198538,46.64098283,0.189224408,0.259789812,0.910423882,0.266543711,0.110287349,0.17478304,0.164974644,0.585782903,2.86155994,0.493642326,0.32954378,0.270307456,0.891588174,0.4688069134000001,3.8785386232,1.487986784,0.259662246,0.027368544,1.7746233994,0.346351731,2.450978983
14,A,Company 220,Rating agency 3,12/23/2010,Consumer Services,1.120175655,0.769588894,0.245069241,55.05953893,0.103720104,0.164004264,0.993344625,0.169431786,0.056760193,0.115242088,0.105371465,0.553809042,2.138959185,0.801756828,0.43107599,0.371126571,0.679196155,2.344885593,5.6757081004000005,1.850921228,0.175974706,8.868642474,3.440671178,0.17140308,0.0
15,B,Company 296,Rating agency 3,1/13/2011,Transportation,1.735940818,1.56957957,1.212880128,39.35168327,0.215579508,0.21463761,0.439207734,0.258718423,0.039549525,0.072719856,0.137491152,0.183896816,0.258648328,2.210245915,0.645344059,0.002806203,0.424996872,0.8819634724000001,3.9963989,3.470823144,0.0681680866,6.723162646,6.704864869000001,0.279397048,7.775211553
16,A,Company 70,Rating agency 3,1/25/2011,Technology,1.707857679,1.056934492,0.103468763,59.80980111,0.068226551,0.074641515,0.296958766,0.086062585,0.053888076,0.082340578,0.12696447,0.798788383,5.531230941,1.342102741,0.565504746,0.096262121,0.689756525,2.643702812,3.6021747079999997,2.352119314,0.085110033,11.43906208,3.781460709,0.094399838,6.849027221
17,BBB,Company 310,Rating agency 3,1/28/2011,Energy,1.126382844,1.545495054,0.120496214,102.3394818,0.084950501,0.103830935,0.213377359,0.126952909,0.054940751,0.103067472,0.129464072,0.639879792,0.942701231,1.356470508,0.574484537,0.172428513,0.151521942,0.518311669,4.2439378142,2.35050923,0.142928192,8.276138542,3.437485712,0.204639199,2.293092925
18,B,Company 446,Rating agency 3,2/16/2011,Consumer Services,2.125046074,1.921347013,1.360646741,32.81902991,-0.006425869,-0.001912482,0.999351774,0.057506033,-0.004512312,-0.001521664,0.0934945916,0.704529911,0.349723209,1.477324182,0.599680512,0.2569609082,0.262400922,0.41566624,1.261760377,2.493622263,-0.001917187,7.514421751,1.591016972,0.270628193,0.0
19,BBB,Company 68,Rating agency 3,3/3/2011,Energy,1.203769178,0.883626467,0.299401938,96.26766904,0.022376766,0.01944213,0.425899128,0.019374801,0.008096289,0.008633466,0.017918358,0.361649322,0.542917067,1.175087073,0.54599493,0.21190488579999997,0.160397671,0.613869859,1.4638534408,2.194467528,0.019411681,11.34111741,3.886283911,0.262797257,6.835072729
20,BB,Company 270,Rating agency 3,3/15/2011,Public Utilities,0.756585017,0.660192363,0.448808087,39.81843107,0.1186970818,0.170738785,0.812344948,0.37352772,0.144635493,0.049589108199999996,0.411994554,0.547003429,0.91920477,1.858411252,0.651596227,0.249484526,0.701362586,-1.141587549,7.5828265654,2.844450665,0.1864358836,0.726566251,3.1114400972000005,0.070040701,1.004269999
21,BBB,Company 186,Rating agency 3,3/18/2011,Energy,1.249225054,0.964214875,0.428735932,42.61511826,0.202511736,0.309916522,0.404035464,0.336398421,0.157559235,0.290888198,0.302129548,0.783610777,1.472406058,0.916192659,0.477177838,0.346380405,0.28090266,0.2177599638,4.8725865934,1.922982003,0.307512394,0.432864988,2.4482905046,0.355767219,4.925565491
22,A,Company 67,Rating agency 3,3/24/2011,Public Utilities,0.991426061,0.807964564,0.020373379,46.97549054,0.069144896,0.092225144,1.000238367,0.146570812,0.025263522,0.037507152,0.094145012,0.365214582,0.525855107,2.700685622,0.732037347,0.248743821,-0.04311471,-0.263199397,2.830465278,3.702671545,0.093400696,8.143451198,6.047676136,0.198874904,7.007842347
23,BB,Company 460,Rating agency 3,3/24/2011,Capital Goods,2.424556032,1.261382371,0.501930119,71.62147207,0.007376665,0.01061789,0.222267364,0.017689117,0.005522818,0.009765829,0.013629342,0.736297651,4.100050717,1.459555035,0.592476479,0.313635248,0.509776901,0.720894415,2.878915548,2.460622947,0.01077335,8.933742435,1.417710742,0.064201023,5.397878079
24,BBB,Company 261,Rating agency 3,3/29/2011,Energy,1.215875813,0.891897353,0.628133381,43.91227306,0.1335575906,0.1488608214,1.008765897,0.358274683,0.136825238,0.124912391,0.237184865,0.301895469,0.506650553,0.706514189,0.416808506,0.347200743,-0.181459088,-2.301939054,6.698792967999999,1.706181774,0.14963695920000003,7.196075176,12.46965018,0.2684817752,0.0
25,A,Company 247,Rating agency 3,3/30/2011,Consumer Non-Durables,1.108308363,0.793333365,0.372584608,39.83434148,0.109984308,0.14326813,0.538717679,0.143021598,0.093463459,0.156670394,0.29565583,0.855506579,3.061091227,2.206319795,0.693544119,0.227953362,0.615173529,3.297195365,4.140637658400001,3.202066975,0.143506912,11.61222906,5.298119794,0.144851175,2.431107318
27,BBB,Company 100,Rating agency 3,4/4/2011,Public Utilities,0.667874181,0.523901731,0.111197658,58.11913812,0.122092806,0.156453694,0.395782269,0.211273339,0.060846468,0.122410204,0.215125497,0.498881644,1.021328316,2.511633398,0.71449755,0.22548394,0.316086409,1.791616427,1.001604577,3.552485179,0.195867942,5.903190681,5.67975716,0.241532999,2.801976909
28,BBB,Company 337,Rating agency 3,4/7/2011,Consumer Services,0.907759946,0.817008052,0.378765287,36.16366005,0.126593934,0.185279832,0.790354848,0.21862428,0.06397549,0.13110924,0.158495535,0.505039347,12.16709436,1.482951967,0.593263895,0.311693849,0.80361911,1.6963749713999998,1.8390671276,2.480974932,0.183559995,1.074381574,1.8746470692,0.232694927,3.834721407
30,B,Company 381,Rating agency 3,4/8/2011,Capital Goods,2.22075367,1.41484472,0.443699779,56.08330934,0.01091429,0.007855276,0.124621123,0.028140075,0.022582873,0.024635958,0.1069181954,2.080283072,10.05425797,2.3264390534,1.008312399,0.14595749260000002,0.421790866,0.286054205,1.6429959539999999,3.3324084111999994,0.007806679,19.09477567,0.675500148,0.029225499,8.623690368
31,B,Company 94,Rating agency 3,4/8/2011,Energy,0.734362946,0.676297353,0.022580758,76.27837258,0.18928725,0.306299193,1.007381931,0.300598067,0.047859915,0.088627083,0.115670782,0.253701531,0.288600959,1.430606548,0.58732065,0.382135632,-0.356638584,-2.893426377,3.1665780981999996,2.429466167,0.308665998,7.047737943,8.153172764,0.3174334484,0.0
32,BBB,Company 91,Rating agency 3,4/11/2011,Energy,1.374192405,0.2652826,0.0,30.343399995600002,0.14299166940000002,0.2038801512,1.005440831,0.1938191118,0.032218248,0.054397911,0.074246243,0.000160891,0.00019561,1.31018201,0.569825566,0.357905558,-0.578895756,-3.14354321,1.6737508736000002,2.289738054,0.2049390304,7.522518608,5.424834686,0.18880360040000002,0.0
33,A,Company 92,Rating agency 3,4/27/2011,Consumer Services,1.640953342,0.194475163,0.051807127,0.0,0.037942378,0.059747165,0.324214135,0.058806859,0.055902675,0.116659688,0.162941381,1.477589157,2.600817708,1.911276981,0.657474614,0.359733134,0.709151883,5.49489481,2.938886084,2.926858484,0.058904846,8.370225794,7.886192291,0.089956761,6.791133951
34,BB,Company 190,Rating agency 3,4/27/2011,Consumer Non-Durables,1.59408918,0.354489678,0.057956101,22.98437384,0.051440882,0.067267962,0.055053366,0.066770144,0.089881283,0.189753569,0.191274036,1.773079153,8.576777392,1.137908474,0.534261009,0.22658329,1.434723852,2.9592173994,4.385127728,2.116371215,0.067350368,3.435965323,3.600898377599999,-0.053599376,11.8976692
35,BBB,Company 10,Rating agency 3,4/27/2011,Public Utilities,0.7435431,0.507362485,0.259370848,29.65434129,0.056276861,0.085939072,0.231251147,0.126984008,0.026033761,0.069970012,0.089230348,0.459054484,0.59642117,2.421576139,0.704243734,0.342737274,0.421823966,3.440536174,2.7616383499999997,3.393730965,0.128522453,6.274724086,8.225616745,0.201152614,8.496322547
36,BBB,Company 36,Rating agency 3,4/28/2011,Transportation,1.11779962,0.92521106,0.51108704,34.1877112,0.147327154,0.149881065,1.000654175,0.286464057,0.056028212,0.062900964,0.1782355,0.379427024,0.446251898,2.251408703,0.695192164,0.611768759,0.435888141,3.736990549,3.509617613,3.246420841,0.149290291,4.038208534,8.447080781,0.305183792,0.0
37,BBB,Company 109,Rating agency 3,4/28/2011,Public Utilities,1.516803915,0.951740614,0.382738385,38.15929089,0.136846484,0.226488878,1.005931363,0.251559614,0.048910624,0.088295822,0.188545258,0.357824049,0.617374391,2.845740113,0.733519297,0.391151429,0.362294091,2.916440238,2.6821697375999998,3.875674371,0.225106472,4.980021783,7.945797687,0.282146148,0.0
39,B,Company 376,Rating agency 3,5/6/2011,Technology,1.164255197,1.023227064,0.613487809,48.44254177,-0.041442785,0.052219786,0.684247327,0.077069272,-0.020948126,0.034186074,0.2106812514,0.500688346,7.667777153,1.076190449,0.51519072,0.415808192,1.00559114,1.832138129,4.718100842,2.087473673,0.05195478,10.6536443,1.860910195,0.126111118,3.647786412
40,BBB,Company 217,Rating agency 3,5/16/2011,Energy,1.032969564,0.708097595,0.0085703,39.03481215,0.019337951,0.019826457,0.039882482,0.029860711,0.036684207,0.05403209,0.116904194,1.905261674,3.860625072,2.164491231,0.680378556,-0.001968749,0.1304345222,-1.398453998,2.5205555278,3.12490116,0.019775789,9.882443351,1.879202937,0.009996567,9.048427391
41,CCC,Company 278,Rating agency 3,5/24/2011,Capital Goods,1.827668817,1.8210186962,0.57619368,52.281155139999996,0.0723263932,0.09772228379999999,0.128301346,-0.123851292,-0.002171516,-0.01029882,0.13384957960000002,0.01752079,1.369826584,3.768404723,0.791447138,0.27202362280000003,0.99832657,1.255771208,5.0450948734,4.810402005,0.09776686479999999,7.782343588400001,1.269646068,0.19373091539999998,0.542462863
43,BB,Company 121,Rating agency 3,5/26/2011,Health Care,1.847943572,1.369296891,0.632207067,45.440950554000004,0.150423974,0.226620562,0.701792913,0.272840543,0.065779495,0.138792857,0.149296919,0.441659473,8.035017195,1.220412383,0.533980015,0.338927704,0.957656976,3.788525264,6.2331630208,2.261156544,0.254997537,8.80065069,3.95321847,0.26683239,2.100681854
45,A,Company 272,Rating agency 3,5/31/2011,Capital Goods,2.215198823,1.466005437,1.194909912,0.0,0.044785157,0.06410784,0.204643516,0.064257589,0.032246027,0.052914278,0.086078013,0.723461149,6.120173147,1.65032574,0.627108442,0.304230938,0.897979467,3.812237116,5.2795429866,2.657889826,0.064400362,14.12792904,4.252816056,0.151426405,12.544302675
46,A,Company 105,Rating agency 3,5/31/2011,Capital Goods,1.613782297,1.310726949,0.261159216,58.66991009,0.055029356,0.075916391,0.212865744,0.075857849,0.055862062,0.097713884,0.126978994,1.015079443,5.843983398,1.277538159,0.555703242,0.264047428,0.89423782,6.806219207,4.2508928808,2.257709587,0.07492308,9.955741469,7.5361951,0.123097372,8.837884568
47,B,Company 201,Rating agency 3,6/1/2011,Energy,0.680996654,0.118611087,0.117414256,0.0,0.168461708,0.182423023,0.994971147,0.237942839,0.083358421,0.109295271,0.278791932,0.495460577,0.133666223,3.388855291,1.0034853,0.091469854,0.621633364,3.876247127,4.2078905472,3.362179228,0.185434007,4.237401356,6.236572074,0.0104536056,0.0
48,BB,Company 47,Rating agency 3,6/1/2011,Basic Industries,1.407695574,0.955152919,0.466149181,56.36284877,0.057048975,0.075726627,0.279967063,0.118206936,0.047463492,0.087330914,0.107224886,0.826013881,4.778568613,1.24627575,0.553085274,0.256352138,0.823575854,2.485193347,4.295775848,2.227326597,0.076030871,7.090103775,3.033361677,0.108041562,13.82257148
49,BBB,Company 467,Rating agency 3,6/9/2011,Technology,1.541208958,1.1534699,0.645575423,64.69348006,0.043515229,0.053511406,0.306136877,0.05351891,0.047499376,0.10523657,0.129464394,1.088071546,6.498014975799999,1.577582914,0.589938583,0.192205704,0.894523444,1.507497301,2.7004584441999997,2.734890822,0.054363896,13.10161087,1.692088284,0.149555464,4.870214604
50,BBB,Company 81,Rating agency 3,6/21/2011,Public Utilities,1.115278738,0.625205107,0.352716367,27.16395579,0.100665805,0.105043275,0.99419747,0.172849295,0.027576619,0.031135269,0.10858348,0.270112561,0.407805004,2.986886603,0.752115895,0.270520171,-0.304734678,-3.29608038,4.701971754,3.952534653,0.104784528,5.760728426,10.56600498,0.280593513,0.85911737
51,BBB,Company 122,Rating agency 3,6/21/2011,Energy,1.937159511,1.004015476,0.315284822,53.20866739,0.078585445,0.018289097,0.239762148,0.120446591,0.100441807,0.034155994,0.224699185,1.269424452,6.426515809,1.21601229,0.551882221,0.224797878,0.643380728,3.245184653,2.8445826181999996,2.239510242,0.018236338,10.63066845,5.141624178,0.075591056,7.352434302
52,BB,Company 167,Rating agency 3,6/24/2011,Public Utilities,0.987546455,0.796675323,0.30963373,32.70015314,-0.114778234,-0.094929224,1.005386954,0.004540182,-0.044286967,-0.040704149,0.0788452412,0.386179907,0.473609583,2.416427251,0.713321333,0.032969878,-0.051307066,-0.232305819,2.056592805,3.437496842,-0.094762378,13.64264599,4.492541554,0.276246643,0.0
54,BB,Company 227,Rating agency 3,6/28/2011,Capital Goods,3.426459491,2.32247706,0.5212631167999999,44.52812423,0.130613872,0.148040963,0.298092119,0.154432333,0.120830897,0.164918044,0.239942586,0.920040472,3.008042436,0.992943608,0.498060279,0.111177485,0.732234179,0.9862027191999999,3.7789325022,2.002128911,0.148115429,-0.753365338,2.5593039271999998,0.201025664,11.35208143
55,A,Company 232,Rating agency 3,6/30/2011,Technology,1.19007846,0.557356611,0.264516253,39.88431814,0.148029401,0.197342688,0.462493502,0.198476539,0.131061478,0.269228666,0.1430221162,0.872139015,7.121271197,3.920472073,0.797613605,0.246600256,0.792888827,3.5318441008,7.898284121800001,4.913242399,0.197933376,9.016431967,4.4691527962,0.194799499,6.87506975
56,BBB,Company 459,Rating agency 3,7/1/2011,Energy,1.240587215,0.889605216,0.320330653,25.1827647,0.030317583,0.047196895,0.166641033,0.047219633,0.093263753,0.231882404,0.253007579,1.1554666831999998,6.388848255,1.711330608,0.634469562,0.355477586,0.642606524,5.93738978,3.8417611627999997,2.711320353,0.047280795,1.491602492,9.313179258,0.041600002,8.076603249
58,BBB,Company 309,Rating agency 3,7/29/2011,Energy,1.956393921,1.09905344,0.678294745,17.34390753,0.235372038,0.214909909,0.993474034,0.299012983,0.102265715,0.100993419,0.282346081,0.436603298,0.534129108,1.768438194,0.64393993,0.004942008,0.650190807,3.337535009,2.263465651,2.745158785,0.214599528,8.860032647,5.078786671,0.333063166,0.0
59,BBB,Company 467,Rating agency 3,8/2/2011,Technology,1.451682523,1.077533372,0.596518135,36.7835676796,-0.073154626,-0.067662632,0.350356455,-0.075406692,-0.032082102,-0.058280456,0.113301502,0.440550576,8.681567799,1.881835791,0.612782566,-0.067356973,0.670117515,0.303186498,3.035282115,3.022003269,-0.068192797,10.136808767,0.451727847,0.105540292,1.891087461
60,B,Company 401,Rating agency 3,8/11/2011,Basic Industries,2.487410002,2.039241068,0.872767711,70.38371709,0.026162259,0.042585426,0.147236905,0.086787092,0.020968237,0.040322745,0.05625908,0.799791452,2.034221672,1.699450157,0.628578836,0.358958786,-0.359316933,-0.151739576,2.6634094276000004,2.721099237,0.042594255,2.70412651,0.41695575,0.038930778,6.438590155
61,BB,Company 47,Rating agency 3,8/12/2011,Basic Industries,1.361069556,0.881424856,0.304784757,89.53706505,0.026560933,0.03825559,0.291000653,0.078767568,0.013083231,0.023778107,0.049948411,0.494721405,4.22555947,2.866784953,0.736495827,0.310284169,0.678918382,1.606913838,4.336168633,3.867534289,0.038199961,11.77376835,2.330332261,0.069536246,6.462546233
63,BB,Company 368,Rating agency 3,8/15/2011,Consumer Services,0.074282142,0.073199806,0.055063254,6.087906334,0.1410278866,0.16231733899999998,0.913405416,0.331437439,0.042036157,0.040253519,0.078589671,0.109706699,3.73092586,0.851247754,0.458554915,0.0,0.72318609,3.052581792,4.7482734958,1.873594638,0.330704207,22.67064584,4.224452492,0.3728188662,0.658349071
65,B,Company 376,Rating agency 3,8/31/2011,Technology,1.31350645,0.978489127,0.51567343,58.39820621,-0.055563576,0.067091595,0.999463847,0.066574893,-0.023770382,0.034764313,0.11896761360000001,0.426187812,6.269701886,1.504880453,0.604289037,0.24152515699999996,0.552885092,0.82048155,5.7628408668,2.505333016,0.067527721,10.83871544,1.481379418,0.119672711,0.0
66,BB,Company 370,Rating agency 3,9/1/2011,Energy,1.287019354,0.741313412,0.045812946,25.043235761600002,0.248455821,0.247316235,0.007496294,0.0904962984,0.035843493,0.03960136,0.080994696,0.144620254,0.108874649,1.258535415,0.559957676,0.571828523,-0.002230451,-0.016522868,0.404609251,2.254624284,0.248559491,5.360833309,7.317899305,0.21374986420000003,2.347060245
67,BBB,Company 282,Rating agency 3,9/2/2011,Consumer Non-Durables,1.06733997,0.490440009,0.169151593,28.70067791,0.121460132,0.144712327,0.399403723,0.185560975,0.096872026,0.142691748,0.281754986,0.803792171,4.429013662,1.945495715,0.66372966,0.339066058,0.578485384,1.357530049,0.979616348,2.96093933,0.145156897,9.151667255,2.368114409,0.102566118,9.056636022
69,A,Company 122,Rating agency 3,9/21/2011,Energy,1.932759019,1.088261324,0.406455171,45.70825822,0.102872576,0.148802177,0.255514636,0.149004938,0.159642179,0.15066427719999997,0.335148272,1.543648565,7.821908421,1.117846626,0.527442576,0.273720139,0.700009584,7.467837124,10.0779756444,2.109345522,0.147116515,6.49663732,10.79279833,0.115383567,8.756367417
70,BB,Company 372,Rating agency 3,10/11/2011,Consumer Services,2.0257998994,1.419964908,0.5527861262,0.0,0.033369239,0.051108207,0.302234411,0.050964745,0.058123602,0.106290339,0.082758022,1.744775265,13.17788504,0.428304366,0.299739599,0.342660708,0.701437833,1.46754237,4.489111019,1.427907426,0.051093879,7.806272892,2.082444894,0.064570068,15.79796163
71,B,Company 296,Rating agency 3,10/24/2011,Transportation,1.468297616,1.313716113,0.707222222,79.74791913,0.05948348,0.059512222,0.433038968,0.239252553,0.01400087,0.055358681,0.038516407,0.236585542,0.374524824,1.643100654,0.595160433,-0.001369019,0.638123933,3.5318063786000002,3.4792643638,2.743414593,0.215550306,6.501321034,10.16328313,0.149757126,7.422317531
72,BB,Company 169,Rating agency 3,10/26/2011,Technology,0.860249759,0.835769728,0.546984147,6.12185191,0.056995744,0.088334365,0.706892018,0.102203841,0.058894081,0.097862432,0.120994496,1.027855708,9.96447706,1.064093246,0.515330464,0.359316842,0.53648897,2.527267564,2.9485286763999996,2.072289232,0.089136623,2.360934682,4.706856787,0.099996287,7.872313779
74,BB,Company 118,Rating agency 3,11/4/2011,Health Care,1.306500934,0.777024131,0.061679313,48.46236932,0.006107148,0.016944467,1.008039587,0.06795976,0.006805294,0.024425464,0.041084442,1.141161372,2.185202812,4.958206668,0.825068181,0.378994359,1.005825632,1.067391486,0.291869306,5.944956243,0.016797657,12.93764359,1.067316924,0.052349185,0.0
76,BBB,Company 112,Rating agency 3,11/10/2011,Technology,1.250327599,1.046913746,0.689922813,54.52048292,0.119754303,0.127950521,0.666164894,0.145827909,0.063301643,0.088224709,0.119228505,0.534987254,13.1966244,0.859603106,0.466458816,0.070691691,0.842811325,3.276779558,4.4425978592,1.877063788,0.12956801,3.45332182,3.907986644,0.215302702,2.680164486
77,BB,Company 437,Rating agency 3,11/11/2011,Basic Industries,1.402543778,0.267981386,0.14546148,10.49699516,0.023313874,0.037129368,0.106199413,0.045471987,0.023690497,0.061595838,0.061507892,1.028233149,7.571208226,1.589118412,0.618570049,0.372011628,0.3060640148,-2.079443129,5.669081696,2.581277785,0.036961139,5.514112594,-0.645515502,-0.008177155,4.26819582
78,BBB,Company 15,Rating agency 3,11/13/2011,Consumer Non-Durables,1.626035078,1.095771825,0.764455382,8.017778482,0.066157032,0.109748797,0.213393087,0.127267383,0.080846724,0.200912196,0.0977270526,1.220053243,12.3402571758,1.3021226644000001,0.5599623882000001,0.387214468,0.668525407,0.310130743,0.9156704358000001,3.3225897102,0.109632268,8.448990492,0.454879429,0.031831785,1.1277117242000003
79,BB,Company 255,Rating agency 3,11/14/2011,Consumer Services,2.830520567,0.465710926,0.5039865378,0.0,-0.003015501,-0.002419143,0.792466282,0.064484776,-0.001147388,-0.000930419,0.10102253480000001,0.384160967,0.442989132,0.966257069,0.485319385,0.083644721,0.502838807,0.479972184,3.14320316,1.942159041,-0.002379686,10.4574297,0.947692646,0.133410406,6.074949874
80,BBB,Company 109,Rating agency 3,11/18/2011,Public Utilities,1.096840714,0.617543854,0.204029031,31.11117005,0.132436485,0.207870135,0.998382875,0.238260645,0.045732453,0.079243518,0.173016637,0.342443987,0.580997001,2.805527899,0.734667809,0.368343018,0.166675184,1.211544922,2.175064197,3.817121697,0.208573944,5.6032471,7.311592878,0.255811348,1.279411417
81,BB,Company 419,Rating agency 3,12/15/2011,Technology,1.6222142653999998,1.515529736,0.5915537752,67.22160971,0.224630412,0.246796599,0.463504635,0.249982662,0.037471826,0.239308164,0.290357614,0.790190231,12.07274011,0.642376029,0.388954325,0.095903775,0.84878874,6.096017612,17.10910812,1.642235899,0.246166648,5.296995984,7.193776623,0.272704774,10.55818363
82,BB,Company 270,Rating agency 3,12/16/2011,Public Utilities,0.609132695,0.525220801,0.380080602,39.86631616,0.211036893,0.284559292,0.811467675,0.282143587,0.078157553,0.172439701,0.204760286,0.372736637,0.744646795,1.617584272,0.613199087,0.255205863,0.667275445,-0.42852329840000014,5.6933981208,2.600932265,0.326602086,1.056005697,3.1114400972,0.1313084226,0.873536157
83,A,Company 220,Rating agency 3,12/22/2011,Consumer Services,1.134268285,0.781725623,0.265582065,55.5882768,0.11849674,0.186641903,1.008254236,0.188951773,0.067029223,0.133198321,0.128661997,0.569974818,2.083146851,0.868263438,0.456111504,0.3663259,0.491877685,1.834549207,1.715539654,1.947514073,0.193560827,7.473016688,3.7456734,0.171240671,0.0
84,BBB,Company 337,Rating agency 3,12/22/2011,Consumer Services,0.899553841,0.653171282,0.271362813,36.1240135,0.137041761,0.117469277,0.776054367,0.139039308,0.072103834,0.101747741,0.212633118,0.533823403,10.72778122,1.950533869,0.666129658,0.18701833,0.75538623,1.16779422,3.0164477841999995,2.946474232,0.117147156,0.905399629,1.4708402034,0.237108317,4.379125793
86,A,Company 113,Rating agency 3,1/17/2012,Energy,1.078711602,0.865056305,0.042237844,96.42746915,0.062636834,0.154292557,0.276059118,0.155071554,0.048268369,0.226705435,0.123178016,0.758513722,1.48602495,1.50279951,0.579651614,0.593692487,0.198665468,0.713554794,4.1988354744,2.574712329,0.224777961,6.150513662,3.607346338,0.133718333,3.439047668
87,BB,Company 167,Rating agency 3,2/16/2012,Public Utilities,1.130452209,0.934298027,0.531527103,29.40073559,0.047632321,0.15086396,1.005036809,0.235905699,0.022566714,0.08087135,0.288333505,0.481398263,0.627225788,1.6265194388000002,0.926411908,0.103040616,0.185272438,1.096763944,3.0835737316,3.0514509246,0.151785771,7.03692695,5.874955707,0.432849579,0.0
88,AA,Company 425,Rating agency 3,2/17/2012,Transportation,1.89598411,1.618684674,0.466202167,43.03257389,0.071262943,0.107705567,0.995627441,0.113566271,0.108685648,0.204672111,0.1216195226,1.519048719,2.995286959,3.935684001,0.797147266,0.340314142,0.716248506,5.21204649,4.39745209,4.945932816,0.108623521,10.62848735,7.186728284,0.132981799,1.765958336
90,B,Company 446,Rating agency 3,2/29/2012,Consumer Services,1.3741554144,0.8333077136,0.2677627884,29.97231558,0.024631193,0.018417533,0.563735533,0.118955295,0.012549644,0.010146352,0.046103586,0.514426983,0.983342185,2.621639708,0.722235297,0.2577980104,0.396693867,0.659935559,3.690407394,3.625847215,0.018383402,5.743358033,1.679118197,0.245734081,9.382121097
91,BB,Company 460,Rating agency 3,2/29/2012,Capital Goods,2.884528254,1.633849917,0.771470706,53.33473657,-0.00405983,-0.00786615,0.216503017,0.030612421,-0.004016163,-0.009323937,0.10560307259999999,0.982975674,5.1910673,1.846207732,0.650072785,0.477831094,0.2726323212,-0.891246772,4.120034315,2.871473656,-0.007883969,8.656721936,0.596170972,0.019144474,7.913123888
92,BB,Company 193,Rating agency 3,3/5/2012,Miscellaneous,1.249754264,0.949602252,0.305652569,54.7690217,0.081527907,0.129479518,0.305564121,0.185350727,0.033954317,0.059363285,0.072803056,0.418389448,13.90385712,1.134379249,0.535635518,0.323219073,0.890498971,3.456138129,8.6264579124,2.143059301,0.128713389,7.379844605,3.922943522,0.204503691,6.232207885
93,BB,Company 253,Rating agency 3,3/5/2012,Energy,0.843263698,0.380535006,0.048411678,81.43527956,0.1158973252,0.14289431719999998,1.004153789,0.1610241856,0.075979907,0.15246327,0.187511007,0.2911023,0.349867941,1.452068019,0.594449616,0.373400838,0.995147416,6.023355159,3.7815899354000004,2.449217166,0.143626609,7.496186794,6.052190406,0.21356084179999998,0.0
94,BB,Company 81,Rating agency 3,3/6/2012,Public Utilities,1.028967497,0.570088069,0.337724778,25.8090463,-0.002907466,0.001872789,1.006356354,0.025203285,-0.000763325,0.000547192,0.0711273266,0.263398962,0.393563176,3.352048327,0.767875688,0.20182935359999998,-0.230317525,-2.761907242,4.851883193,4.321724759,0.001899066,10.85917007,11.91777084,0.307941,0.829586172
95,A,Company 247,Rating agency 3,3/27/2012,Consumer Non-Durables,0.965906936,0.626159266,0.225627012,37.6719451,0.097670984,0.131798035,0.527862561,0.144725553,0.088987084,0.160072329,0.310141658,0.916215599,3.347311399,2.495843795,0.721454534,0.269864461,0.628164611,3.557999441,2.811027974,3.544899138,0.134109646,10.17706555,5.635697271,0.134610287,2.689044623
96,BB,Company 96,Rating agency 3,4/5/2012,Technology,1.308406319,0.514748043,0.230195842,24.18724617,0.027695709,0.027542893,0.997839833,0.029052323,0.064364412,0.142993797,0.245185316,1.2234746824,10.09236035,2.77402405,0.73400052,0.217502226,0.448938258,1.710641557,2.94838656,3.808904643,0.027496734,5.187244813,3.840625244,0.049802649,5.277651651
97,BBB,Company 211,Rating agency 3,4/17/2012,Basic Industries,1.8549322894,1.5914200558,0.148195396,40.27426792,0.043296622,0.062333851,0.241774056,0.070796317,0.062002185,0.101238726,0.108375833,1.457680335,7.293953542,0.729198139,0.4213662,0.319932858,0.333002916,1.038641167,4.2539481949999995,1.715404796,0.062783907,7.517561964,3.161608493,0.0290283,18.36606162
98,BB,Company 190,Rating agency 3,4/23/2012,Consumer Non-Durables,1.877760635,0.484134719,0.120300626,15.41075104,0.016091776,-0.004812456,0.046344187,0.016079544,0.04024255,-0.017415262,0.079764313,1.9120677422,10.68419435,0.986918516,0.493748664,-0.156470262,0.566547553,2.7614133074000002,3.0417525050000003,1.974325117,-0.004796232,7.409152699,2.7177101693999997,0.044065912,17.72347738
99,A,Company 136,Rating agency 3,4/24/2012,Technology,2.786725648,2.480175941,1.13654802,68.13536122,0.24018087,0.319544824,0.947523906,0.335459507,0.11720014,0.193726679,0.215482881,0.484663843,12.56740171,0.856771001,0.457328982,0.253089132,1.009152073,2.231871473,4.0318065785999995,1.831538445,0.322926899,14.09210433,2.229674012,0.315358541,2.919406
100,B,Company 457,Rating agency 3,4/24/2012,Energy,0.576532283,0.479379631,0.131492044,53.95094158,0.206730143,0.1624236904,0.852077651,0.0947720176,0.064837907,0.152118236,0.137567974,0.310464526,0.368871514,1.148347968,0.536652435,0.358888819,0.20878442979999998,-2.923586248,0.223432796,2.130980684,0.16198200160000004,7.356540282,2.778055349,0.21591731339999995,1.708409809
101,B,Company 201,Rating agency 3,4/26/2012,Energy,0.556562039,0.360385033,0.015733661,37.08256375,0.179607545,0.270962527,0.99979927,0.337452573,0.092640925,0.168613827,0.315226841,0.518528534,0.589992509,2.451737702,0.711100907,0.347198045,0.994218321,7.108983405,0.060392952,3.401952455,0.274124956,3.694459789,7.056299807,0.1598974292,0.0
102,BB,Company 237,Rating agency 3,5/7/2012,Energy,0.915995892,0.650384864,0.237782432,48.25789098,0.134714318,0.210760296,0.993977444,0.239408018,0.057140577,0.103283251,0.147984485,0.422054901,0.512738236,1.592455314,0.609551907,0.366408284,0.995129614,6.041329061400001,4.828921008,2.598922069,0.210556519,5.287942962,11.8838188,0.479092134,0.0
103,B,Company 69,Rating agency 3,5/14/2012,Public Utilities,1.984196681,1.2543391439999998,1.236036516,34.84234296,0.071144622,0.11106424,0.995069333,0.165549186,0.022029844,0.038018451,0.1290420106,0.312912619,1.122676571,1.7702019057999998,0.958943831,0.357500758,0.678507531,2.846835028,3.8228745728,2.7081979499999997,0.111488352,8.786298941,4.205556338,0.348681753,10.25319286
104,BB,Company 165,Rating agency 3,5/21/2012,Technology,1.557684013,1.184938616,0.674593884,39.11316042,0.033051453,0.035950403,0.177443971,0.070395532,0.033227853,0.046998492,0.132489442,1.004228725,1.682943353,3.017753261,0.747493061,0.071078084,0.096303272,0.261288279,4.7448164092,4.031771133,0.036193648,3.339451083,2.705027289,0.184870022,5.361497463
106,A,Company 105,Rating agency 3,5/24/2012,Capital Goods,1.817133102,1.35535073,0.273417355,58.90284594,0.085372739,0.114968379,0.238060018,0.114482626,0.097267109,0.165666853,0.193715766,1.138023878,6.815594725,1.026581136,0.505374616,0.252359258,0.816059529,5.996372268,4.2151536014,2.010598111,0.115383923,7.953266485,7.248629783,0.094699548,7.993704426
107,BB,Company 311,Rating agency 3,5/24/2012,Public Utilities,0.368717488,0.295044654,0.090012566,41.66203116,0.074803895,0.120543407,0.376910573,0.180820424,0.019228467,0.062649953,0.179114718,0.259621307,0.447529075,1.5145750652,0.719956035,0.381656357,0.50495171,1.468738688,0.503785668,2.5291979428,0.204127057,15.15784485,2.894050628,0.297877778,6.744193385
108,BBB,Company 101,Rating agency 3,5/25/2012,Consumer Non-Durables,1.146796367,1.8461124865999998,0.206256863,23.28182518,0.085023763,0.115025218,0.671032663,0.131256081,0.118729834,0.25067236,0.18564767959999998,1.396734976,9.409107539,2.680734863,0.724703698,0.259281932,1.014285431,4.632032089,4.660092904800001,3.715439085,0.113609583,12.52379922,4.528787504,0.104959826,5.490956869
110,AA,Company 232,Rating agency 3,5/30/2012,Technology,1.214073244,0.668591038,0.282188458,38.22001535,0.148670218,0.196673474,0.470606107,0.194889885,0.135314597,0.283008364,0.14287786440000003,0.92284766,7.746668257,4.735562369,0.826572779,0.24282505,0.786154929,3.6477718612000003,13.95450301,5.80266037,0.196109392,9.594694465,4.4110364306,0.184123706,6.692364925
111,BBB,Company 356,Rating agency 3,5/30/2012,Capital Goods,3.096970627,0.880914329,0.884044103,0.0,0.085924953,0.087443195,0.250184402,0.097952992,0.099422207,0.12210456,0.198629247,1.164256887,5.863809495,1.007684213,0.498505426,0.019608323,0.447350882,2.504557582,13.73700096,2.026221462,0.087725201,8.593451096,5.651920923,0.055722142,8.436141756
112,BBB,Company 273,Rating agency 3,5/31/2012,Consumer Non-Durables,1.402653817,0.75289366,0.169536978,45.67697401,0.053661055,0.059192228,0.258896438,0.078132013,0.045775936,0.128338375,0.098149801,0.86079839,2.620117036,1.133261461,0.53377519,0.102421386,-0.446932794,-0.590884634,2.7589609114,2.112138962,0.111306136,6.580211434,1.308456882,0.04502965,7.168458783
113,BB,Company 227,Rating agency 3,6/1/2012,Capital Goods,1.7960106684,1.4431671161999997,0.5489152097999999,38.11192827,0.091439662,0.128359666,0.278812456,0.127063419,0.079424309,0.130170064,0.149785024,0.868430595,2.829070008,0.875703896,0.460048132,0.274801806,0.553246242,1.306724796,6.29579747,1.854255076,0.127304369,3.479983487,2.369883573,0.145073935,12.0085011
114,BBB,Company 310,Rating agency 3,6/7/2012,Energy,1.145255848,1.220457568,0.14514967,84.03971921,0.093454947,0.140419816,0.240872718,0.162829917,0.066889496,0.142343092,0.157747264,0.714109428,1.037790904,1.371646747,0.571497847,0.329938373,0.146234743,0.634671485,3.7914209216000003,2.372426285,0.1683428,7.02718778,4.3806905,0.207474879,2.497362799
115,A,Company 328,Rating agency 4,6/15/2012,Technology,1.5571109374,1.25792106,0.5226728310000001,53.41001945,0.184335611,0.226773992,0.414872041,0.229625861,0.139927452,0.186384513,0.15224113579999998,0.759830299,12.19697953,-1.005147486,0.5261199866,0.191962408,1.007023115,1.832043259,4.725378465,2.3770993436000003,0.226592596,3.467997715,1.853151057,0.230538109,4.02302382
116,A,Company 77,Rating agency 2,6/15/2012,Public Utilities,1.008923352,0.843012956,0.43155846,38.68947876,0.021702324,0.094526601,0.582025094,0.115628334,0.010511969,0.052961159,0.02794815,0.48044365,1.244907386,1.671685101,0.6317884,0.027034702,0.453610373,4.771617787,5.4583149396,2.685318048,0.095492397,5.053712841,10.53557742,0.270660095,3.129676995
118,A,Company 6,Rating agency 4,6/15/2012,Public Utilities,0.749327188,0.660222606,0.104170468,38.8225521,0.031290282,0.053292884,0.544855155,0.073005417,0.014697554,0.027845747,0.037550226,0.465386066,1.182210365,1.554002848,0.608345941,0.376607071,0.419950142,2.431356238,2.3398020688,2.571564819,0.053474788,8.583432553,5.815914219,0.271897633,2.893752981
119,A,Company 430,Rating agency 4,6/15/2012,Consumer Services,1.245703189,0.992251974,0.383808599,33.78401466,0.027600145,0.051325767,1.008822543,0.069914719,0.023380937,0.053621268,0.045124731,0.845675971,3.692908908,0.933791079,0.477438768,0.446704267,0.447929654,1.6957604788,4.8502820153999995,1.939487466,0.051426585,3.45992707,4.2800103391999995,0.094085815,0.0
120,A,Company 462,Rating agency 4,6/15/2012,Finance,1.577777473,1.56791928,0.038629237,0.0,0.075530476,0.158429037,0.609296584,0.075115152,0.014133058,0.031073566,0.056315616,0.188988303,1.047458053,3.031234767,0.752293477,0.241755895,0.784832548,7.706382356,5.397671031000001,3.984030755,0.157398662,12.24625788,9.73616553,0.282822043,3.5071295782
121,A,Company 204,Rating agency 4,6/15/2012,Public Utilities,0.9751637,0.451892953,0.118047007,46.08070028,0.061602184,0.099497418,1.006635745,0.14670391,0.023708664,0.044568865,0.083720655,0.383452123,0.407336214,2.569884042,0.721295628,0.351734398,0.110837606,0.508068439,1.379446426,3.551812085,0.097987728,6.740060455,4.701903287,0.166801826,0.0
122,A,Company 263,Rating agency 2,6/15/2012,Capital Goods,1.535050043,0.922879799,0.323832465,56.42599875,0.11397601,0.095314575,0.501471178,0.107170928,0.049566009,0.047274148,0.088921976,0.437965085,7.104606894,0.782329837,0.443684264,0.095470055,0.850084017,3.714952715,2.776159005,1.769497481,0.096407467,12.30771828,4.407411385,0.14520025,9.348768266
123,A,Company 521,Rating agency 4,6/15/2012,Consumer Non-Durables,-0.561963338,-0.138860073,0.017649835,0.0,0.099870423,0.147868517,0.370098709,0.000129545,0.05274465539999999,0.070016455,0.089815329,0.3503341214,2.402519239,0.0,0.926445169,0.0,0.542359953,1.793690144,-0.570550424,-0.098755429,0.147160313,9.126805074,3.3377212,0.081087382,6.1804516532000005
124,A,Company 212,Rating agency 4,6/15/2012,Basic Industries,2.776375634,1.77071157,0.502030432,31.14830509,0.039052047,0.062005903,0.097478062,0.062551371,0.053873607,0.103824436,0.10383222,1.386151438,5.339357627,0.955392234,0.485471923,0.314815384,0.572723192,1.863087292,8.020553218,1.956734693,0.062196956,9.362179971,3.262758496,0.051949153,18.72168633
125,A,Company 67,Rating agency 4,6/15/2012,Public Utilities,0.609402119,0.464941541,0.01255672,48.32630631,0.082541971,0.090971148,0.55909524,0.147414233,0.028862688,0.037676631,0.107744137,0.349466044,0.499960781,2.734541733,0.727584309,0.097248655,0.194146329,1.241186214,2.045428936,3.717684904,0.092219361,8.100176804,6.396702825,0.207135528,6.458901667
126,A,Company 171,Rating agency 4,6/15/2012,Consumer Non-Durables,2.08235272,0.10186079,0.046300361,0.0,0.025030669,0.037613191,0.053472088,0.025214852,0.047975277,0.103047564,0.107873798,1.930730133,8.441617521,1.248644862,0.552969684,0.33175984,1.530312135,0.6520505774,1.7037870852,2.227118132,0.03715686,9.421447911,-3.616146762,-0.029139276,10.1554191
127,A,Company 57,Rating agency 4,6/15/2012,Basic Industries,1.452040785,1.224675077,0.647999866,48.73374496,0.096915468,0.203267427,0.404915053,0.234147864,0.048201194,0.122224881,0.112676497,0.50674145,0.904685769,1.163061588,0.511055962,0.52081654,0.544898502,9.761186492,6.943407344,2.303471047,0.213178978,5.472857368,7.741311841999999,0.456229204,3.517767381
128,A,Company 55,Rating agency 4,6/15/2012,Health Care,2.046805089,1.440120552,0.12497111,73.00525802,0.148859596,0.189501289,0.783394283,0.190505944,0.052714281,0.079364853,0.121268325,0.355756645,3.963932521,1.279972264,0.566520066,0.312426811,0.917557111,2.385818963,5.0714379252,2.272944477,0.190716705,9.242762088,2.591592758,0.300522616,3.919539633
129,A,Company 470,Rating agency 4,6/15/2012,Consumer Services,1.137961972,0.472676286,0.334937554,0.394986798,0.016460459,0.027023105,0.124467934,0.027174888,0.054504416,0.160426598,0.122794429,1.1141938746000002,7.219411764,1.23039238,0.546213593,0.354899748,0.598483054,4.367317486,11.788274763999999,2.246879895,0.026843971,10.58691697,7.324155996,0.035947405,11.76474195
130,A,Company 8,Rating agency 4,6/15/2012,Capital Goods,1.498327132,1.090050883,0.129434858,69.70133054,0.133729157,0.153367471,0.51232075,0.162714111,0.072391838,0.09473242,0.129279998,0.539494529,7.700380407,0.775000224,0.439852225,0.208955766,0.875030219,3.363797492,4.9339613138,1.76566548,0.150666268,9.693860336,3.85205007,0.163423232,5.513766494
131,A,Company 288,Rating agency 4,6/15/2012,Basic Industries,1.574145289,1.4644773956000001,0.3288095124,50.46798731,0.04584562860000001,0.122397155,0.45242949,0.215980735,0.099854078,0.037471686,0.133984799,0.282780326,0.738396614,0.321840333,0.24085097,0.42294064,0.993702604,2.044198037,3.32444064,1.322591586,0.122351222,6.528419183,2.03244439,0.403755346,4.428209738
133,A,Company 149,Rating agency 2,6/15/2012,Energy,0.964551444,0.059055629,0.059656374,0.0,0.093546713,0.0993703296,0.999424722,0.266332062,0.086910797,0.143691434,0.155124657,0.323544928,0.366940087,0.799557683,0.439644007,0.332247379,0.997421628,3.8679386608,0.764652305,1.810377245,0.0988065606,5.12535911,3.6843763771999996,0.10576353619999998,0.0
134,A,Company 322,Rating agency 2,6/15/2012,Basic Industries,1.544196066,0.91454981,0.563356802,19.41271249,0.025496239,0.0424235,0.049076411,0.043015927,0.072075045,0.227376099,0.173910578,0.722515602,6.84880817,1.445814869,0.584169723,0.302808369,0.618669016,3.166153334,4.369456357599999,2.440373193,0.042974727,6.69976692,5.163311253,0.037837424,12.86386469
135,A,Company 137,Rating agency 4,6/15/2012,Health Care,1.8778674545999998,2.625532034,0.496723831,62.08322485,0.161011862,0.201239972,0.656790245,0.203707527,0.107506099,0.160869352,0.175272359,0.673686215,9.278456919,0.610061092,0.382683674,0.202172825,0.849619939,3.113641666,8.794302497,1.611135438,0.20346214,10.22673779,3.673884387,0.174122394,8.095502885
136,A,Company 424,Rating agency 4,6/15/2012,Finance,2.339584412,2.359531071,0.024396388,68.55169714,0.065098008,0.095541,1.004686852,0.065690741,0.046072588,0.095485511,0.176237988,0.704209896,17.10484877,2.766033764,0.739715216,0.318703033,0.940450348,2.22392333,2.5581215984,3.760253787,0.096156063,13.75896942,2.37921194,0.095735062,0.0
137,A,Company 362,Rating agency 4,6/15/2012,Consumer Non-Durables,2.571514329,1.291787371,0.596865124,21.53012673,0.060087995,0.091653106,0.168075104,0.090765865,0.111034764,0.205561195,0.179431664,1.844037557,8.694884255,0.595595501,0.37203957,0.330866742,0.807403395,1.472536779,2.014004111,1.611599947,0.090969028,4.336088616,1.829779609,0.062016872,16.74573649
139,A,Company 70,Rating agency 4,6/15/2012,Technology,1.60135465,0.966928631,0.105484853,55.93154281,0.084492958,0.095945284,0.295535448,0.100758812,0.075782663,0.117583969,0.181340497,0.899060869,6.141094369,1.401649102,0.585598568,0.129565365,0.543622045,2.024632191,6.6586146414,2.377658236,0.103699639,8.159470264,3.707217766,0.077997911,7.609728079
140,A,Company 188,Rating agency 4,6/15/2012,Technology,1.006583306,0.535458245,0.158912687,52.32240638,0.055656521,0.023813218,0.48408726,0.07640187,0.054879796,0.038427344,0.182625841,0.98220078,10.42368447,2.337025429,0.704922432,0.623576243,0.637966516,3.853770487,4.127006775,3.381432187,0.02400396,3.36150282,6.076616183,0.098901276,4.428867555
142,A,Company 42,Rating agency 4,6/15/2012,Health Care,0.846710328,0.594926993,0.39095097,8.23969453,0.04999575,0.078046086,0.971163745,0.083534168,0.076273642,0.180012606,0.182716111,1.497256315,3.2917756986,1.385623332,0.578104678,0.351585479,0.843189218,5.490061103,11.21316658,2.388002185,0.077865854,5.88047551,6.574298871,0.069012952,0.348251894
143,A,Company 129,Rating agency 2,6/15/2012,Technology,2.831756013,1.984497541,1.012634975,54.66242712,0.111993289,0.138216808,0.380512232,0.152173545,0.0935268,0.131007565,0.182920624,0.83726312,7.902985494,0.934327033,0.478438624,0.226423639,0.741124015,2.2906703774,2.6412388060000005,1.926333358,0.137166259,0.651592588,2.7866819222,0.134256129,9.041744109
144,A,Company 92,Rating agency 4,6/15/2012,Consumer Services,1.711036496,0.171509638,0.057332904,0.0,0.042990479,0.067178662,0.319438965,0.066530165,0.06731335,0.132395614,0.187097348,1.530010581,2.651349864,1.828570989,0.639485299,0.348192031,0.598212714,4.35426672,2.7022251046,2.83258831,0.06703015,7.508691573,7.322764701,0.077868686,6.836848114
145,A,Company 177,Rating agency 4,6/15/2012,Capital Goods,1.372666318,1.109740979,0.238373872,49.542247,0.07737469,0.11437264,0.47309812,0.116022972,0.072602256,0.157864697,0.189126407,0.937450659,9.983636296,1.632786923,0.618697094,0.312241293,0.865626973,7.679100461,13.3523532116,2.649185626,0.11461887,5.953738385,8.904634235,0.098484297,5.99479474
146,A,Company 50,Rating agency 4,6/15/2012,Energy,1.081646867,0.743361874,0.206141903,21.82470898,0.051066607,0.093542881,1.001187286,0.050848353,0.080955538,0.181735955,0.190928655,1.604529507,2.924704718,1.355404993,0.569599892,0.459900025,1.003889455,5.1743109768,4.584638355,2.351379203,0.092892512,4.367259083,14.1803639,0.080135588,0.0
147,A,Company 272,Rating agency 4,6/15/2012,Capital Goods,1.823089623,1.155743088,0.804801356,0.0,0.063750363,0.091231492,0.184427603,0.092542845,0.060787967,0.10410003,0.193234377,0.956902258,8.302621466,2.218453317,0.681163556,0.30864064,0.785618846,3.474459821,7.670037183599999,3.219594789,0.091624001,8.255938765,4.381809101,0.098294231,7.450967074599999
149,A,Company 229,Rating agency 4,6/15/2012,Consumer Non-Durables,1.912652994,0.893126062,0.204089888,43.06721862,0.09388679,0.122293148,0.461494846,0.131180874,0.094483552,0.152321352,0.196019906,1.025282977,12.72026992,1.062889212,0.509530866,0.234097548,1.003513865,9.782071251,11.830696269199999,2.042261946,0.124169567,3.365564219,9.94506337,0.114308296,8.075102593
150,A,Company 99,Rating agency 4,6/15/2012,Consumer Durables,1.444314645,0.302362587,0.289043544,0.0,0.088042696,0.119749831,0.29933654,0.000238949,0.084145447,0.19648987,0.211849345,0.959455033,7.722032228,1.491279833,0.586992464,0.0,0.994970743,1.566076585,2.190652425,2.521822619,0.119941201,9.5037250046,1.566505255,0.095439792,5.502356322
151,A,Company 37,Rating agency 4,6/15/2012,Energy,2.81320492,0.696072955,0.651450463,0.0,0.113936553,0.180738758,0.826019185,0.191364675,0.120115078,0.228243233,0.216554668,1.051910573,2.943740856,0.792330819,0.440946507,0.326186112,0.196848547,0.803455122,3.108600087,1.783087936,0.178699007,6.063271953,4.033783682,0.147806519,2.407124235
153,A,Company 481,Rating agency 2,6/15/2012,Energy,1.07712031,0.76887372,0.169141431,46.16640864,0.065127161,0.097803851,0.176646959,0.103406321,0.08649639,0.187252844,0.227863401,1.312277459,2.129390512,1.632326342,0.613777381,0.33366886,0.349918785,0.415971608,2.3792651061999996,2.643157534,0.101479027,16.39746046,1.188267953,0.057041288,5.78248181
154,A,Company 208,Rating agency 4,6/15/2012,Transportation,1.076928524,0.835927976,0.34799109,33.03792919,0.0928719874,0.19080459319999998,0.492226436,0.367611481,0.094654568,0.153394076,0.231555206,0.349712155,0.381059591,1.443573575,0.595478641,0.268469601,0.581520983,1.854974046,2.8026405438,2.46057916,0.2548880472,9.096898116,3.254960174,0.331804087,2.899925071
155,A,Company 279,Rating agency 4,6/15/2012,Health Care,1.981010292,1.424583436,0.738651412,38.27289079,0.173885504,0.132619708,0.742042406,0.331236361,0.111708755,0.277399144,0.231969625,0.64276572,4.733792035,1.064924553,0.511493248,0.244493973,0.918662388,2.60776844,5.140572949,2.2681262118,0.330110643,7.07694443,2.827364822,0.227856538,2.168220269
156,A,Company 25,Rating agency 4,6/15/2012,Energy,1.445533948,1.018773074,0.319104481,68.40774428,0.102842169,0.15116757,0.393283736,0.148864228,0.103562059,0.207825549,0.236960566,1.006731464,7.071629579,1.292867311,0.56359917,0.308415345,0.80439273,3.457344369,3.938726267,2.275363905,0.149688432,8.929323366,4.311610536,0.133186461,5.478601649
158,A,Company 207,Rating agency 4,6/15/2012,Consumer Non-Durables,1.883084869,1.134365268,0.651191773,39.22120648,0.080333577,0.115817054,0.775677928,0.123004942,0.111559099,0.235640225,0.269521915,1.393409523,7.668597842,2.38093354,1.002588621,0.311595038,1.005824523,5.224615852,6.404827142,2.405791395,0.117031522,7.349544901,5.170828811,0.115944071,4.377739803
159,A,Company 214,Rating agency 4,6/15/2012,Technology,1.5582398622,1.107574311,0.5344565454000001,51.08537493,0.238288761,0.241126059,0.494318974,0.248527131,0.0612199348,0.269714318,0.275800972,0.948733316,7.368214761,0.217189881,0.6420056908,0.016190978,0.843201973,2.501866183,3.406813638,1.23032393,0.243897875,9.910887012,2.964823976,0.308695087,5.431683791
160,A,Company 134,Rating agency 4,6/15/2012,Consumer Durables,1.154581101,0.685705934,0.140163082,45.68209318,0.076835215,0.105705531,0.294850517,0.1160241,0.081586339,0.156880979,0.304147545,1.077154072,2.60782141,2.69535436,0.733093875,0.305305204,0.580074159,3.353583719,2.768932262,3.715556578,0.104080799,9.199040328,5.760725733,0.110183515,6.137341439
161,A,Company 45,Rating agency 4,6/15/2012,Health Care,1.793688534,1.092746483,0.59765289,63.44897681,0.159658004,0.203866906,0.510472542,0.202843948,0.117001012,0.198442858,0.33795706,0.732164583,2.492756888,1.885776449,0.652949348,0.197036989,0.653960259,3.251445594,7.0141615889999995,2.918518633,0.200767236,5.521918723,4.920709034,0.202360497,1.544919272
162,A,Company 11,Rating agency 2,6/15/2012,Public Utilities,0.932870001,0.727037875,0.227554324,67.57196182,0.121101654,0.177534553,0.583132984,0.227230024,0.08800577,0.209761464,0.357841462,0.740387468,1.479561154,3.064192811,0.754963702,0.323343743,0.37576592,2.436371469,7.9618005572,4.067224449,0.207041925,1.443061748,5.525195447200001,0.278893766,2.040395789
163,A,Company 130,Rating agency 4,6/15/2012,Capital Goods,1.339152597,0.5685784,0.10653615,62.08450117,0.082666089,0.11270072,0.277645396,0.118915168,0.060287986,0.127141449,0.383943536,0.737118155,4.159962358,1.2567942112,0.846999796,0.254791286,0.641475814,6.984009238,9.48968394,2.2556718992,0.110811009,7.655081766,10.90297041,0.117061171,5.292349876
164,A,Company 74,Rating agency 4,6/15/2012,Capital Goods,0.648348928,0.39744189,0.207135466,40.73302803,0.094560375,0.143236639,0.254984994,0.144452787,0.058012512,0.137386686,0.411019776,0.61656336,6.726595716,2.0058618344,0.853619278,0.334425393,0.548684575,3.057757206,4.2394596952,3.0313984090000003,0.144307699,10.4313367,5.561794146,0.079549991,2.808386663
165,A,Company 438,Rating agency 4,6/15/2012,Miscellaneous,1.457647741,1.141845446,0.715591711,43.34094457,0.083284962,0.12905794,0.304394403,0.125857076,0.144015883,0.119254868,0.1479434922,1.726038488,5.968910451999999,3.043463893,0.760868794,0.271474197,0.889777481,4.717862907,8.914859962,4.037379654,0.129280021,7.160996498,5.292108578,0.125941474,20.03455594
167,A,Company 249,Rating agency 4,6/15/2012,Consumer Non-Durables,0.979315374,0.502619099,0.24492757,24.38792653,0.104847126,0.152717955,0.404780106,0.166488532,0.117993956,0.238519374,0.1137121096,1.132918547,3.700057541,2.3474727362000003,0.837239442,0.312410761,0.764639651,2.644485593,1.408392919,3.4968437432000004,0.150022465,8.408794873,3.484596707,0.148417601,7.832630845
168,A,Company 157,Rating agency 4,6/15/2012,Miscellaneous,1.632084917,1.630842865,0.30765705880000005,0.0,0.211626147,0.233250977,0.432707623,0.251045309,0.128241344,0.154035036,0.1757268174,0.605053588,7.5385533716,2.2713608228,0.909669376,0.085475661,0.870880211,1.628902436,2.156489019,3.3037872805999995,0.230003438,6.764971187,1.865294858,0.213690482,5.819510213
169,A,Company 399,Rating agency 4,6/15/2012,Capital Goods,1.204645732,0.41079151,0.243769956,30.9673596,0.097694109,0.078302359,1.679411465,0.004021065,0.084339802,0.138509952,0.2115664858,0.860451866,7.442293538,1.0273933196,1.003955301,0.28097098800000003,0.574436002,3.12393637,14.82184341,2.0367097573999997,0.078290992,10.096058741799999,5.399085296,0.058939484,-5.585684793
170,A,Company 5,Rating agency 4,6/15/2012,Consumer Non-Durables,0.995429461,0.415391704,0.171584452,15.39854467,0.113289882,0.163948497,0.268101289,0.174876135,0.0476031066,0.10966806459999998,0.1690202588,2.147727204,12.23352213,2.735738017,1.000068189,0.292744409,0.907144978,5.438172151,1.669971109,4.346911571,0.165055205,10.30567204,6.01966151,0.137439555,10.35786916
172,AA,Company 44,Rating agency 2,6/15/2012,Energy,1.358364103,0.744121136,0.300108547,44.25619426,0.074096057,0.159115093,0.318328974,0.138789948,0.075578639,0.229558741,0.185005899,1.009928618,2.599248421,1.435097061,0.579793909,0.528996308,0.155310458,1.276375511,6.210483937,2.444064827,0.163216792,3.946926942,8.258209481,0.116832703,5.204608316
173,AA,Company 359,Rating agency 4,6/15/2012,Health Care,2.238142141,1.379904521,0.405318678,47.73902528,0.145438418,0.20363273,0.468181577,0.207707926,0.136737615,0.230223418,0.275354685,0.944923391,3.898141536,1.0399779,0.510152049,0.279131989,0.745232085,5.480852126,4.9342357782,2.03659859,0.202072725,8.721296976,7.413544362,0.176799825,9.50476378
174,AA,Company 95,Rating agency 2,6/15/2012,Consumer Non-Durables,1.173949688,0.763286905,0.236910427,36.42829977,0.143998454,0.228184712,0.571929859,0.230112606,0.08890335460000001,0.1295987616,0.2199650584,1.315103002,4.603883871,4.38131477,0.820799271,0.328696775,0.812330103,4.831760657,6.4784549236,5.385265357,0.226737575,6.026365867,5.951623168,0.174213731,5.740995452
175,B,Company 480,Rating agency 4,6/15/2012,Finance,2.024486568,2.052043112,0.839519602,53.245430322000004,0.058817195200000005,0.084496188,1.017170142,0.09212067260000001,-0.04881325,-0.085958641,0.1241498462,-0.058477753,0.4319257786,1.4699673604,0.927764295,0.408505753,1.010768694,3.0354850522000003,5.572968038400001,1.8651515704000001,0.08462843540000001,-1.181884175,3.76664197,0.1513045832,0.500389321
176,B,Company 421,Rating agency 4,6/15/2012,Capital Goods,2.772070681,1.91299725,0.847593772,54.21302186,-0.068091377,0.009659819,0.231280568,0.035489951,0.0122326156,0.013227849,0.09810043859999999,1.101149182,8.764886329,1.94657092,0.664425875,0.27868814799999997,0.999901273,0.172619539,5.530965631,2.954981197,0.00974618,10.11845777,0.170535846,0.006232239,10.71821116
177,B,Company 361,Rating agency 4,6/15/2012,Basic Industries,1.9604843786,1.1655429146,0.350164347,22.6324376304,0.1084815782,-0.125533406,0.083055939,-0.104205066,0.0658211522,-0.08557316,0.182286196,0.635036196,1.734546868,1.137594502,0.529478387,0.228186381,1.527672549,-0.464139754,3.143400726,2.136959479,-0.126198542,5.116026256,-0.29977521,-0.029911783,10.25468215
178,B,Company 552,Rating agency 4,6/15/2012,Consumer Services,1.466660866,1.110886424,0.3430982,45.66452493,-0.017061741,-0.001585739,0.586095144,0.024241732,-0.013777601,-0.001568252,0.119496445,0.805933541,2.12907619,4.694827128,0.821380465,0.26865003680000005,0.394015464,0.196714236,1.900865081,5.728024538,-0.001595496,10.19449408,0.502863837,0.03185216,9.175437584
180,B,Company 538,Rating agency 4,6/15/2012,Energy,3.30042515,1.7114177724000001,0.315166229,47.54106477999999,0.06905927840000001,0.176916575,0.282243557,0.1638939698,-0.011052647,-0.014455391,0.14305124379999998,0.040190607,0.094858673,1.915081139,0.653491633,0.189287698,-0.09055733559999998,-1.204943385,2.6705590584000003,2.946764447,0.11712721420000001,11.912554438,0.268479512,0.158548747,5.209791024
181,B,Company 497,Rating agency 4,6/15/2012,Technology,1.721448199,2.629771612,0.438608295,75.72935045,-0.014178417,0.003894337,0.947611996,0.095991619,-0.005820887,0.001762566,0.0524305746,0.405583563,2.060853845,3.879209239,0.796778781,0.22774493499999998,0.739604345,1.399638386,6.522342243599999,4.843152269,0.003870828,11.5710044,1.862231144,0.19563524,0.575686772
182,B,Company 135,Rating agency 4,6/15/2012,Basic Industries,1.578947448,0.299560482,0.112812879,0.0,-0.002685713,0.001359553,0.078671612,0.013304159,-0.00326504,0.002189613,0.1399587934,1.231851745,3.019360107,3.597239736,0.777783995,0.1971625422,0.2285662516,-4.735709522,5.497878657799999,4.630399725,0.001345567,8.017256513,1.167963762,0.008468775,9.33421681
183,B,Company 114,Rating agency 4,6/15/2012,Basic Industries,1.1185317196,1.940583274,0.2844719778,6.350634922,0.030044398,0.031672333,1.002864914,0.031543568,0.010135459,0.011451254,0.033911899,0.335482497,9.602175113,2.413330241,0.702246933,-0.148906207,1.009679952,0.06642723820000011,2.3484100024,3.401617218,0.031586191,-0.886786263,0.7581802867999999,-0.084251017,10.67755403
184,B,Company 226,Rating agency 4,6/15/2012,Basic Industries,1.941728927,1.013372191,0.071164328,52.10473618,0.015022321,0.030698601,0.190911441,0.015108778,0.022252843,0.058534852,0.056176853,1.510071347,5.698350624,1.501266272,0.593925717,0.512859862,-0.366796774,-0.225212772,7.53591359,3.2489918778000004,0.030449357,5.81082802,0.615457117,0.02451381,8.181081624
185,B,Company 66,Rating agency 4,6/15/2012,Capital Goods,1.591885135,1.157356252,0.467604608,48.16787306,0.00999134,0.035015447,0.080221235,0.020533877,0.01604487,0.082100753,0.060834721,1.633096148,5.696468846,2.817174121,0.736930563,0.447829089,-0.471356837,-1.612130046,5.0593758092000005,3.767455061,0.035116317,4.859037704,3.397675997,0.021664727,7.305955867
186,B,Company 240,Rating agency 4,6/15/2012,Consumer Durables,3.14166594,1.166670952,0.063090346,44.03924451,0.017303382,0.029185284,0.300266379,0.052336821,0.025754601,0.052938671,0.062310538,1.503836326,9.169698086,1.393543204,0.577918358,0.411445511,0.384294129,0.344691549,0.533362222,2.409474074,0.029207312,7.882866056,0.904476389,0.031077324,9.705864604
187,B,Company 271,Rating agency 4,6/15/2012,Energy,1.52063664,2.207433565,0.043049954,28.07596585,0.016468216,0.016271562,0.998093129,0.026798345,0.029803372,0.033585006,0.065145721,1.779335252,7.352330184,1.185486158,0.537618698,-0.024417817,0.517006233,0.450238564,4.621775893,2.174115973,0.016143753,20.74381015,0.852810518,0.018770824,13.27270014
188,B,Company 385,Rating agency 4,6/15/2012,Basic Industries,2.080326076,1.5657917,0.31889947020000003,19.5420957,0.10178486100000003,0.062377504400000006,0.455133415,0.1375376304,0.05334602,0.083230355,0.078505038,0.20485273,0.259144401,0.473406093,0.32359755,0.307491098,-0.258569021,-0.211461184,2.2280879255999997,1.471067726,0.061782391000000006,12.86696734,0.8200647,0.472569645,3.813522128
190,B,Company 593,Rating agency 2,6/15/2012,Finance,0.913689026,0.741907757,0.308029778,57.633266058000004,0.087940046,0.130476129,0.414582098,0.287088011,0.021353897,0.040656546,0.082015362,0.241001353,1.28545911,1.900707123,0.497823938,0.333137867,0.696099243,0.749932645,1.462671098,3.860260324,0.129443205,22.48146297,1.071818481,0.218090376,2.013936538
192,B,Company 476,Rating agency 4,6/15/2012,Consumer Non-Durables,2.137856566,1.239641922,0.233742916,85.87670523,0.058129812,0.077023496,0.230412311,0.093808336,0.062095958,0.111133481,0.115288517,1.071126864,5.728309624,0.872978632,0.46746349,0.251195561,0.217656762,0.333968072,6.6065838318,1.86027093,0.077463025,7.421225044,1.537580196,0.038751635,6.011518419
193,B,Company 51,Rating agency 4,6/15/2012,Energy,1.041533453,0.35051246,0.028102226,41.099563065999995,0.11000560740000001,0.164794056,1.004384018,0.20169726100000002,0.056056799,0.096880284,0.118826657,0.00170905,0.002190982,1.116630836,0.528568173,0.009001209,0.997471671,3.030470907,5.0602408726,2.123616173,0.1652089336,7.485048552,3.026305899,0.20862353520000002,0.0
194,B,Company 557,Rating agency 4,6/15/2012,Technology,2.784771238,2.184078593,1.167547646,59.44879803,0.028006062,0.038423262,0.302922594,0.094593404,0.036004469,0.064143088,0.131276867,1.283281321,4.188610027,2.596986525,0.718341537,0.271638127,0.536200625,1.445794645,4.544327707,3.622826523,0.038612379,3.361632505,2.686155718,0.134688653,6.878280383
195,B,Company 394,Rating agency 4,6/15/2012,Health Care,1.3953345538000002,1.1217178885999999,0.2724722744,68.33854007,0.211313093,0.096548063,0.472536822,0.213087929,0.081942443,0.040739082,0.164256668,0.388927018,6.017523124,0.978547901,0.495011341,0.180945692,0.562566439,1.441818438,3.603563697,2.8120844824,0.096644926,6.752714618,2.556112736,0.067499762,12.11366124
196,B,Company 550,Rating agency 4,6/15/2012,Basic Industries,2.123440528,1.086756499,0.200113189,52.73391463,0.098276471,0.125385092,0.245971084,0.13843203,0.098419751,0.154371983,0.168144832,1.003376705,1.934418445,0.721999719,0.416099945,0.238962934,0.073174572,0.125464861,0.711122015,1.703225283,0.126010228,10.55653568,1.715176193,0.122915975,7.481783664
197,B,Company 408,Rating agency 4,6/15/2012,Capital Goods,1.445809416,0.270943652,0.253388715,0.0,0.035999221,0.054664632,0.141899553,0.065813896,0.056206059,0.131592833,0.172764115,1.57180674,19.55421167,2.004299746,0.666657621,0.346345997,0.787379629,3.338414364,5.054273446,3.003383396,0.055320253,4.092833077,4.260858931,0.051409097,8.45764455
198,B,Company 238,Rating agency 4,6/15/2012,Energy,0.583275466,0.8933888354,0.000482996,42.685678884,0.15616216319999998,0.19465671160000003,0.999413018,0.19828928080000002,0.079726516,0.121428269,0.184456342,0.255451357,0.274301531,1.290575102,0.568972275,0.381183855,1.007068263,5.411655248400001,0.019729875,2.32088261,0.194569297,10.01694093,11.74812246,0.1282458018,0.0
199,B,Company 119,Rating agency 4,6/15/2012,Health Care,1.965729063,1.393640875,0.339321932,61.87529267,0.068445148,0.128916269,1.000195032,0.160701296,0.05340504,0.116339713,0.223954964,0.779165418,4.831972089,3.143275298,0.756485118,0.350547692,0.662102037,8.237015624,4.373059544,2.3098605493999997,0.126991977,5.744156123,12.40280941,0.169211339,0.0
200,B,Company 535,Rating agency 4,6/15/2012,Basic Industries,2.100930225,2.683022588,0.277409502,41.89916584,0.059651832,0.068379586,0.351722927,0.086685406,0.081104456,0.122994497,0.298098743,1.371339158,7.183561807,2.666577964,0.730758748,0.372223455,0.401721298,0.761372728,1.5415750033999998,3.637721152,0.068983105,12.53808896,1.885852234,0.043325286,12.0195445
201,B,Company 450,Rating agency 4,6/15/2012,Consumer Services,1.066339848,1.1315904157999999,0.210686429,65.39652759,0.130042041,0.116283253,1.001475457,0.188910577,0.066003286,0.068149636,0.320277988,0.499167721,1.258065398,3.817604947,0.785910148,0.300483961,0.624748516,1.986465592,3.2840175196,4.829011887,0.117858534,9.752749536,3.186182605,0.205869281,7.922846647
202,B,Company 202,Rating agency 2,6/15/2012,Consumer Services,0.963382754,1.073387714,0.269516514,44.42087722,0.13309479480000003,0.1602759906,0.701595779,0.20916214239999995,0.113939872,0.20730139,0.344466244,0.362181108,0.54823664,1.824475305,0.606693397,0.279840149,0.899018104,6.023591965,2.1806152770000002,2.983146694,0.161491217,4.520263237,6.71785694,0.30809962679999997,0.549760618
204,B,Company 528,Rating agency 4,6/15/2012,Capital Goods,1.927402921,0.999851829,0.395295067,45.38879919,0.055816717,0.074092099,0.293211824,0.121816334,0.061712295,0.103890677,0.349896546,1.09237375,6.756369594,4.634800423,0.817038626,0.365419529,0.659984273,1.848463078,3.6152062678,5.65373855,0.073612674,5.520668269,2.818766967,0.088558895,5.212798223
205,B,Company 563,Rating agency 4,6/15/2012,Technology,1.166616568,0.929659218,0.492297374,75.13598709,0.039136593,0.053257618,0.669485958,0.10104715,0.020863571,0.037607813,0.371776209,0.525399237,7.926869091399999,2.5997798402,0.743341822,0.260294447,0.872290554,1.806683956,4.909117963,3.5993596553999994,0.053224214,9.617500398,2.042960209,0.096631582,6.412226197
206,B,Company 582,Rating agency 4,6/15/2012,Basic Industries,2.483807936,1.449300294,0.317048399,38.43581777,0.024124547,0.033791,0.131557655,0.050832738,0.050458077,0.093840105,0.390154491,2.120579671,9.881424354,1.304248806,0.866604435,0.284064297,0.562731707,2.111309018,3.1181480870000002,2.3137626228,0.034384237,8.116840254,3.759007039,0.050468507,13.10981103
207,B,Company 246,Rating agency 4,6/15/2012,Consumer Services,2.706226814,2.58543568,0.2567370048,82.96909708,-0.041801287,-0.012347854,0.995113059,0.181068066,-0.0176052,-0.005611655,0.066321537,0.413210804,2.956047473,2.4887977062,1.005942144,0.07538710959999999,0.51923599,0.106725291,0.689504912,3.1160578402000003,-0.012465587,8.415602859,0.207183515,0.091341053,0.0
208,BB,Company 46,Rating agency 2,6/15/2012,Capital Goods,1.514538343,0.51583662,0.112852344,32.04329602,0.123213794,0.023105226,0.194004523,0.022753529,0.141485646,0.042981427,0.1668399346,1.127175408,8.914847958,1.1827525268,0.994400294,0.25899074680000006,0.481521931,5.887038299,17.39982326,2.1836092220000003,0.022720365,10.05555759,12.07203955,0.063273362,5.255518197
209,BB,Company 231,Rating agency 2,6/15/2012,Consumer Durables,2.024346144,1.31339607,0.395310821,74.14847816,0.042688883,0.032588488,0.314786395,0.087183994,0.050707526,0.053295534,0.1596304014,1.173448273,8.989410172,1.9030624301999999,1.047020503,0.5682556,0.783911637,0.875814293,3.5164628078,2.6947031867999995,0.032529634,7.202041152,1.113564704,0.047002407,7.166846139
211,BB,Company 384,Rating agency 2,6/15/2012,Transportation,0.612081818,0.409245428,0.210898435,16.35245328,0.024338525,0.021903296,0.999529873,0.05584557,0.019581106,0.02504402,0.1370903244,0.810354849,1.738322586,1.2437058404,1.025575473,-0.109660889,1.009735518,3.399774183,4.313765905,2.048060888,0.02199394,5.455856484,3.399709337,0.080760745,6.10920729
212,BB,Company 397,Rating agency 4,6/15/2012,Consumer Services,2.549803328,1.460807236,0.630118974,88.26808573,0.106420279,0.177634132,0.636262708,0.275330569,0.057461707,0.115618869,0.1045605834,0.53875141,18.46399933,1.8925731308,0.7401243331999999,0.396158316,0.941201979,3.491556511,4.4012554914,2.8020810616,0.178362239,3.615341768,3.672100152,0.214406341,6.908493482
213,BB,Company 139,Rating agency 4,6/15/2012,Miscellaneous,1.394481306,1.0851355,0.212721422,63.68074064,-0.01146785,-0.022214825,0.325699058,0.006196066,-0.01489382,-0.038914763,0.1060159748,1.276555211,5.72183029,1.7304336114,0.882060308,0.494181279,0.730213007,3.56929586,4.4260239308,2.5908186374,-0.022296045,8.810739621,4.877946166,0.089716419,6.756686735
214,BB,Company 454,Rating agency 4,6/15/2012,Technology,1.440349064,1.239441806,0.638526377,63.42999488,0.031328137,0.053472426,0.255393301,0.084170476,0.045971861,0.136519235,0.1192941472,1.474011813,7.843506242800001,1.2494300594,0.5372251832,0.3140215,0.706232577,5.202735059,6.1650806311999995,2.2637536878,0.053435031,1.008267911,7.306417995,0.082305013,11.87001577
215,BB,Company 87,Rating agency 2,6/15/2012,Capital Goods,1.447552177,0.705139173,0.699755265,0.0,-0.076858895,-0.063139687,0.239826692,-0.03939931,0.07767579919999999,-0.095278545,0.14964796740000003,1.022534994,4.722970549,0.90546086,0.897731877,0.103778306,0.364629301,0.25234124,4.818136812,0.993632185,-0.06259705,6.2988391526,0.681083846,0.032153643,7.432946405
216,BB,Company 283,Rating agency 4,6/15/2012,Public Utilities,0.896520363,0.827389541,0.206244474,44.59122643,0.012638645,0.029545014,0.851489446,0.176616448,0.006896946,0.018304706,0.0522481962,0.53670084,1.040742176,1.1071857204,0.5959006874,0.578675554,0.11894156,0.173373734,3.9219124891999995,2.463250232,0.030028575,12.45057516,1.465241322,0.196682124,1.610152298
217,BB,Company 163,Rating agency 4,6/15/2012,Technology,1.661083343,1.06456553,0.507054979,48.54112612,0.003358812,0.011033918,0.295906847,0.032830617,0.003016684,0.014632662,0.007958239,0.889096627,3.082361919,1.65336116,0.625043054,0.601528306,0.418942101,0.508056437,2.022582687,2.643121775,0.010886218,11.90568678,1.223741723,0.158338634,5.436877179
218,BB,Company 395,Rating agency 2,6/15/2012,Basic Industries,1.086250505,0.658910155,0.203387686,53.36958964,0.003359796,0.125924036,0.237639231,0.126173498,0.001272546,0.058489533,0.009807829,0.377458402,0.671980729,2.3713648848,0.868224477,0.28992616,0.156352388,0.586775919,2.3894492032,3.3887449312,0.126460067,2.396537719,3.680816255,0.167488593,6.440821561
219,BB,Company 428,Rating agency 4,6/15/2012,Transportation,2.615775871,1.343982905,1.165775798,0.0,0.019005733,0.024877638,0.201941847,0.057704289,0.010371609,0.015207588,0.023153029,0.550392567,0.983784571,1.205383275,0.541253924,0.400477552,0.6155348644,6.0011663638,3.6698709991999996,2.18546764,0.024800051,3.120129429,9.722599952,0.096662219,8.514247969
220,BB,Company 570,Rating agency 4,6/15/2012,Consumer Durables,1.366351699,1.028329283,0.191648582,40.66874832,0.008279442,0.021093683,0.291844048,0.021011732,0.009937795,0.040725482,0.027787778,1.22495767,7.123580422,0.755985439,0.273147936,0.605740068,1.009284651,0.541237116,4.1113568017999995,2.793727132,0.020776501,15.7944716,0.545010459,0.029631254,8.6883684
221,BB,Company 206,Rating agency 4,6/15/2012,Consumer Non-Durables,1.293184305,0.707585501,0.103231801,62.97618642,0.02149378,0.026192859,0.379674574,0.043530079,0.020259882,0.034007587,0.067120735,0.945673386,10.62979759,2.314741503,0.698154096,0.117279486,0.597895812,1.143589663,0.58318289,3.313266753,0.026067973,17.73435499,1.912674957,0.094774513,7.763561531
223,BB,Company 551,Rating agency 4,6/15/2012,Consumer Services,0.318907392,0.1140419,0.085866291,0.0,0.080363493,0.080888491,0.343036791,0.123151956,0.030877429,0.036202242,0.07182804,0.380408044,0.44326572,1.349880469,0.575662861,0.0,0.192543696,1.31021152,2.5848762356000003,2.370447122,0.080413205,8.675265712,6.645017981,0.191936996,16.32163115
224,BB,Company 259,Rating agency 4,6/15/2012,Capital Goods,1.793377595,0.2926413378,0.057689643,0.0,0.051903878,0.065723861,0.193451833,0.066101071,0.036413273,0.053586989,0.073882229,0.709816321,1.852432154,1.037602387,0.505725905,0.207813559,-0.526395501,-1.243614895,3.14320316,2.014368189,0.065833568,9.012299183,2.356702939,0.054102985,4.944624733
226,BB,Company 22,Rating agency 4,6/15/2012,Consumer Services,2.209840933,1.249462039,1.006731212,2.393534651,0.053622151,0.040980433,0.178067013,0.094916643,0.026485477,0.022205467,0.077938081,0.493214233,2.162780589,1.943074462,0.666327461,0.2639883748,0.268776975,0.148127534,2.2226870452,2.943224782,0.041145115,13.23341503,0.540753579,0.047260784,15.14560765
227,BB,Company 345,Rating agency 2,6/15/2012,Technology,1.65838752,1.308821631,0.27874563,98.89067255,0.039758754,0.036820947,0.282492502,0.06302979,0.024261408,0.030934676,0.081488483,0.617312555,6.947042933,2.327916005,0.703225465,0.084282131,0.999968508,6.406409741,4.9264539454000005,3.302761193,0.03743482,6.030713173,6.370307471,0.070236702,5.097155109
228,BB,Company 61,Rating agency 2,6/15/2012,Technology,2.094949713,1.298865971,0.502505587,56.1870278,0.010410325,0.00643475,0.076839003,0.032232108,0.020421327,0.020223652,0.090056191,1.986582383,11.26484626,3.359100631,0.776489729,0.1739573178,0.542526619,1.584836186,5.7425662616,4.358326516,0.006423081,4.324750034,2.919161291,0.035464222,6.166974997
229,BB,Company 366,Rating agency 4,6/15/2012,Consumer Services,1.569089836,1.49296446,0.224246247,72.26607549,0.015231587,0.022839478,0.494877024,0.057696229,0.028178087,0.059265843,0.092794937,1.849186339,5.8548551656,2.327578863,0.70463551,0.335523008,0.705557164,0.001805516,0.001670906,3.0473509755999997,0.022899805,7.5060185104,0.002569347,0.052630371,7.005942558
230,BB,Company 94,Rating agency 2,6/15/2012,Energy,0.449256108,0.403195532,0.049469046,78.71888908,0.151023708,0.249234888,1.004052621,0.248723623,0.041679076,0.082364438,0.105152584,0.279946592,0.319404244,1.507402961,0.606492387,0.389628615,-0.073281798,-0.676142243,2.936075823,2.52252768,0.2491447,5.574134077,9.254707731,0.18254132359999997,0.0
232,BB,Company 507,Rating agency 4,6/15/2012,Health Care,1.120663578,1.030122492,0.688595095,10.7339642,0.020784328,0.032492438,0.981175577,0.035811782,0.050274091,0.128593636,0.118796065,0.7260751233999999,15.12760314,1.330377345,0.578175925,0.38248231,0.729920104,3.810009192,4.608426711,2.338389316,0.03245275,1.321311108,5.214347741,0.049238103,0.359663161
233,BB,Company 584,Rating agency 4,6/15/2012,Consumer Services,1.760400703,0.297732866,0.293129296,0.0,0.046236045,0.075056215,0.14611055,0.079392635,0.075081297,0.156993514,0.121903999,1.626372626,4.3248492902,0.614299118,0.380829511,0.385029704,0.750294483,2.4816748232,8.701442055,1.626095046,0.074839186,1.947788485,2.9007354984,0.077677548,8.751387292
234,BB,Company 304,Rating agency 4,6/15/2012,Consumer Services,2.885436078,0.121401812,0.120209239,0.0,0.064132205,0.103272515,0.429758575,0.110324837,0.065317893,0.119738933,0.127678385,1.029535313,7.737634578,0.949349369,0.489172553,0.374503655,0.5919724,0.852009527,2.393684653,1.945401625,0.102718023,7.905661942,1.462637446,0.06418578,8.919910467
235,BB,Company 24,Rating agency 4,6/15/2012,Consumer Services,3.101171657,1.076295279,0.276386376,48.05457435,0.061387052,0.066626408,0.19631831,0.098970078,0.069926734,0.099915356,0.132547718,1.148295764,8.152259891,0.875641108,0.465648018,0.450964785,0.27710798,0.650656605,9.421503081,1.869179732,0.067433524,4.300648182,2.342654622,0.021035302,9.624648316
237,BB,Company 123,Rating agency 4,6/15/2012,Miscellaneous,1.482441312,1.258544514,0.562311509,73.1308918,0.194332651,0.295130518,0.69203894,0.360321424,0.056053809,0.100375907,0.134031325,0.292401383,3.7487131835999996,1.364444768,0.581658273,0.341568928,0.902602372,1.923780328,6.5714922872,2.38860637,0.291207283,11.5424592,2.102865553,0.284392821,4.299122212
238,BB,Company 16,Rating agency 4,6/15/2012,Public Utilities,1.107939037,1.030209414,0.069043291,49.07671405,0.06374668,0.09273354,1.006478951,0.155193807,0.025383349,0.042803743,0.135726469,0.39765516,0.442106424,4.437645269,0.816490425,0.317502921,0.246076593,1.138552509,6.230092136,5.442546131,0.092383348,7.938662093,4.679426607,0.180185042,2.630249522
239,BB,Company 484,Rating agency 4,6/15/2012,Technology,3.764627097,2.469152742,1.268403306,0.0,0.160537165,0.174908414,0.591527,0.173827892,0.109200873,0.139718516,0.138504692,0.694658391,7.99238571,0.25062169,0.7854493224000001,0.085751825,1.00101755,1.511132301,3.2526706761999997,1.256881332,0.174307863,14.04932958,1.49431845,0.204854501,6.22589895
241,BB,Company 519,Rating agency 4,6/15/2012,Capital Goods,1.93111267,1.280996406,0.532520031,64.25666544,0.087134072,0.130771261,0.287263862,0.136205922,0.07806041,0.157647167,0.162304241,0.913442011,8.83420323,1.057424351,0.515471595,0.331272634,0.842001139,4.4227978,3.654291552,2.061998698,0.130258659,5.584359553,5.239728803,0.126532768,5.685598409
242,BB,Company 146,Rating agency 4,6/15/2012,Energy,0.747200386,0.081486287,0.003899274,9.816449216,0.0816350652,0.1029544124,0.998726859,0.11862207040000002,0.09682503,0.17581263,0.167705259,0.324266936,15.00259253,0.737568298,0.41945251,0.366619658,0.99797148,1.8270787208,4.608426711,1.740028159,0.121180362,4.366697001,2.179070956,0.103164601,0.0
243,BB,Company 576,Rating agency 4,6/15/2012,Finance,0.143234725,0.145049425,0.110433002,6.258048039,0.220580359,0.300606193,1.000680906,0.219507669,0.094709813,0.167719205,0.168574316,0.425174108,17.70171458,0.80008876,0.447284389,0.267958612,0.947160047,9.618482806,8.105080218,1.8069511,0.2994942,5.007594127,10.09106957,0.375540554,0.0
244,BB,Company 287,Rating agency 4,6/15/2012,Consumer Services,1.007643723,0.453870806,0.298567998,9.390994081,0.03149283,0.043844052,0.662108523,0.069014506,0.061916543,0.124588146,0.170166819,1.951427687,3.597874253,1.775996708,0.638654028,0.21823465,-0.223396095,-0.273573387,0.823263294,2.76347781,0.043444273,13.7933054,1.227498619,0.071190534,6.608952216
245,BB,Company 218,Rating agency 4,6/15/2012,Consumer Non-Durables,1.717362866,1.261943766,0.308995855,19.42418615,0.094417488,0.150589591,0.293059347,0.175093034,0.120172336,0.21024805,0.182353506,1.265750847,4.497651827,0.542098645,0.350095563,0.37607952,0.749193387,1.580082836,2.9841083436,1.527272663,0.151768634,5.005915911,2.078194754,0.134554359,8.248709543
246,BB,Company 321,Rating agency 2,6/15/2012,Capital Goods,1.784877482,0.959522953,0.228419189,85.57885026,0.095210154,0.080566928,0.3349138,0.137901226,0.09328171,0.115851323,0.187326655,0.978350777,7.496235592,1.046653477,0.506458287,0.439760656,0.507447693,1.981564246,6.114456263,2.03968102,0.079982661,2.988852823,3.925551304,0.048213581,5.023380024
247,BB,Company 219,Rating agency 4,6/15/2012,Consumer Services,1.191234759,1.301703888,0.183490925,48.11992144,0.087559538,0.124661223,0.430664995,0.158713857,0.069106961,0.114022113,0.195115669,0.784732136,3.19356415,1.834597152,0.643872051,0.234495777,0.910155258,3.121121478,2.058856581,2.817689079,0.123514064,3.658593263,3.413500028,0.1561835,15.72439611
249,BB,Company 223,Rating agency 4,6/15/2012,Capital Goods,1.669504159,0.845568929,0.329933325,41.49328417,0.066332331,0.064150001,0.201929207,0.069453899,0.080998016,0.110264211,0.195507207,1.214830027,7.112746796,1.429827935,0.590423451,0.043649075,0.581921336,4.474533347,9.016353888,2.434648117,0.064457454,7.132311426,7.649921297,0.083110452,7.462744487
250,BB,Company 363,Rating agency 4,6/15/2012,Energy,1.766381314,1.239870713,0.601284307,33.87614667,0.06570563,0.107187891,0.178437395,0.111478761,0.098360529,0.214003591,0.195558404,1.498585076,5.079511821,0.974078093,0.496481635,0.352596903,0.743007894,6.322592594,11.37048922,1.982716111,0.1053007,2.301669052,8.392837845,0.087140524,5.675863667
251,BB,Company 63,Rating agency 4,6/15/2012,Basic Industries,2.30097911,1.006319088,0.211191676,25.44928204,0.042181729,0.062002646,0.099778944,0.078273693,0.093406055,0.178832124,0.202565443,1.4294974934,7.007140972,1.149375967,0.531308744,0.328634027,0.634836914,3.184915684,4.001423044999999,2.161791745,0.062652031,5.459935827,5.047869566,0.056124952,17.77009037
252,BB,Company 333,Rating agency 4,6/15/2012,Capital Goods,1.558060039,1.190200399,0.568400081,48.04576923,0.038281342,0.043755838,0.08428845,0.043261994,0.076551023,0.157209825,0.223626318,2.011319769,13.14810076,1.886876288,0.650565307,0.111013276,0.582840284,4.428078665,17.02329331,2.903179347,0.043460876,4.995451621,7.561048939,0.056070063,6.394812337
254,BB,Company 257,Rating agency 4,6/15/2012,Basic Industries,1.957091489,1.472475901,0.756284467,40.824965,0.122291267,0.193082765,0.199406888,0.11481948,0.099475858,0.184720729,0.245384611,0.799874599,2.200294381,1.475879828,0.592373984,0.365363064,0.070047761,0.185699073,1.8404309282,2.461721872,0.195210741,6.171413235,2.718029253,0.110061626,10.61875239
255,BB,Company 463,Rating agency 4,6/15/2012,Consumer Durables,2.24820149,1.24959527,0.664668624,35.16207417,0.055164498,0.076126128,0.149066648,0.100681462,0.06467093,0.112005218,0.293217173,1.187118509,3.32753704,3.529452765,0.773290977,0.363964374,0.518853028,2.641358721,5.663271998,4.56688105,0.07533026,4.678268617,5.088788607,0.102391307,9.455873453
257,BB,Company 491,Rating agency 4,6/15/2012,Basic Industries,1.967795951,1.1603131,0.495505043,46.71223074,0.090295765,0.112238241,0.212945923,0.102630531,0.071245059,0.10555857,0.1180174584,0.787912406,2.066383208,1.7889758292,0.842901594,0.196507219,0.457347594,1.833911743,1.5270795847999998,2.7381571318000004,0.112393243,10.11613615,4.104290817,0.095210323,7.972866992
258,BB,Company 465,Rating agency 4,6/15/2012,Consumer Durables,0.640769585,0.499797283,0.095227037,17.79628167,0.10183771,0.152394296,0.650446101,0.192166193,0.104428856,0.199152696,0.22584345020000002,1.02581188,12.47510277,3.589118041,0.775964007,0.333296492,1.00416006,4.576071771,1.567353879,4.552412116,0.152314031,5.63174784,4.594469537,0.164595455,7.632390301
259,BB,Company 145,Rating agency 4,6/15/2012,Consumer Services,1.618679648,1.500094772,1.061401229,27.60399038,0.0679903018,-0.114663742,0.887895301,0.1606473308,0.11111147,-0.034440937,0.1103214138,0.284622311,0.529593266,3.53123845,0.775133921,0.443875587,0.557909208,0.763883553,3.2173729232,4.583852103,-0.114827031,3.59460039,1.374444718,0.085896306,4.864280082
260,BB,Company 323,Rating agency 4,6/15/2012,Energy,1.490710621,0.844433789,0.371657375,33.68887876,0.019023588,0.006427032,0.232121415,0.051370272,0.028562017,0.015235116,0.1041627568,1.504098055,6.369215282,1.3028317674000003,0.978417023,0.2616696182,-0.010172719,-0.010168148,4.673278949,2.1777919813999995,0.006470344,7.43216499,1.000494574,0.023981229,10.17964203
262,BBB,Company 56,Rating agency 4,6/15/2012,Miscellaneous,1.060624991,0.512522636,0.278709751,49.82398183,0.117844108,0.078686896,0.975809298,0.078629802,0.076229901,0.082404527,0.21096662919999995,0.642341782,13.06236305,1.6067702418000003,1.011131955,0.106775309,0.822637124,3.800603886,3.6095389598000005,2.6236632256,0.079015801,10.55312543,4.590985882,0.172858277,0.068667251
264,BBB,Company 243,Rating agency 2,6/15/2012,Consumer Durables,0.939191997,0.190112021,0.190112635,0.0,0.107085,0.085533028,0.433760537,0.107488466,0.132623496,0.159421947,0.085810892,1.253101931,5.002969287,1.8442454046,1.02352042,0.614562209,0.677289853,3.44752927,1.882048373,2.6532249842,0.085689722,16.74569986,5.091978121,0.133494858,6.973214581
265,BBB,Company 76,Rating agency 4,6/15/2012,Energy,1.415351564,0.749199147,0.749455617,0.0,0.076836266,0.0800695218,1.009482953,0.12076091159999999,0.0410069036,0.03253838739999999,0.13326309279999998,0.235432187,0.285156104,0.895187526,0.395627192,-0.073238086,1.009258081,5.581144664,4.012051046,2.226634175,0.07958307340000001,1.2684839394,5.519864972,0.215953533,0.0
266,BBB,Company 290,Rating agency 4,6/15/2012,Public Utilities,2.111634752,0.719423044,0.078144314,39.71086694,-0.012296589,-0.006955984,0.397334375,0.048099712,-0.007804848,-0.004986278,0.2268206884,0.639842421,1.001376589,1.961836465,0.660537692,0.06542354660000001,0.296540222,0.863088137,3.4332636067999998,2.966951834,-0.006992141,10.30535414,2.894508143,0.096760101,5.588854243
267,BBB,Company 284,Rating agency 4,6/15/2012,Consumer Services,1.473842132,0.992797736,0.156101963,68.02615594,-0.003478175,-0.00225046,0.869958354,0.026556854,-0.003443354,-0.002945174,0.055064780800000004,0.988921984,2.579357765,1.84662413,0.65361778,0.2384357178,-0.047722068,-0.176684999,2.0634408,2.824219236,-0.002264399,6.335296704,3.686736249,0.090445941,1.612142296
269,BBB,Company 420,Rating agency 2,6/15/2012,Technology,2.171763166,1.322420596,0.75132861,38.94795692,0.015823691,0.034447631,0.364225501,0.004697458,0.012893166,0.035495358,0.020503662,0.799823112,2.460237062,0.544158736,0.340019426,0.1926145542,0.9944843,0.991939756,4.1537521568,1.582500633,0.034439761,4.289482205,0.995615088,0.089873112,9.453811384
270,BBB,Company 306,Rating agency 4,6/15/2012,Capital Goods,1.920764131,1.243068436,0.462586206,50.45782609,0.010345668,0.007995193,0.340585078,0.016642827,0.009188841,0.008932928,0.03206911,0.896013755,9.013747431,2.483915479,0.716665778,0.1980752408,0.763295197,1.980718952,5.346335969,3.515954585,0.007954295,9.614591487199998,2.585945063,0.059065413,8.696465184
271,BBB,Company 440,Rating agency 4,6/15/2012,Capital Goods,1.826019237,1.078819121,0.473915205,62.88185874,0.019325864,0.04131147,0.226797432,0.054867026,0.012640226,0.054942937,0.036805888,0.653537591,3.983962599,1.897091662,0.64493669,0.530646658,-0.149388984,-0.095751146,5.6317063443999995,2.925709865,0.056755548,9.5143236752,0.642086491,0.082725327,4.040434934
272,BBB,Company 175,Rating agency 4,6/15/2012,Health Care,1.728096924,0.83745151,0.146398471,59.6496272,0.058031774,0.084173503,0.652865696,0.118075468,0.02060955,0.032834137,0.039198607,0.355686582,4.55515409,0.878951848,0.467406346,0.314426891,0.698684417,0.465113788,6.2810422742,1.88197976,0.083930248,7.990001886,0.6687392,0.132197274,13.10847761
273,BBB,Company 289,Rating agency 4,6/15/2012,Public Utilities,0.86129841,0.225745917,0.024617536,45.42154705,0.039120479,-0.007251958,0.551268032,0.145513932,0.01210132,-0.002853642,0.040773413,0.309530837,0.459943383,2.42791334,0.713196713,0.30636504999999997,1.002555946,5.574659482,1.015141086,3.416156329,-0.007269547,8.028843261,5.633092114,0.176268087,5.48588341
274,BBB,Company 68,Rating agency 4,6/15/2012,Energy,1.702957367,1.185520184,0.219493533,94.83973135,0.039969056,0.080627418,0.3745838,0.080050303,0.019041432,0.043863817,0.043755252,0.465810112,0.707649037,1.30456967,0.567364676,0.2928383,-0.401109039,-2.030921551,1.89394329,2.324761675,0.079867954,6.56023901,5.079474659,0.24167752,4.83590579
275,BBB,Company 433,Rating agency 4,6/15/2012,Public Utilities,1.801033351,1.224478391,0.592237554,28.97223998,0.040126723,0.072285875,0.81678868,0.064037742,0.027473714,0.055586562,0.048800559,0.684876877,1.548180144,0.754165213,0.431221509,0.361495775,0.219713434,2.523925057,6.431267267,1.76148507,0.072041662,5.020084241,11.6311971,0.227791758,2.574867778
276,BBB,Company 447,Rating agency 4,6/15/2012,Finance,2.155285787,2.153965744,0.139484962,54.92113095,0.14724088,0.193462744,1.000537498,0.194579008,0.021902859,0.032429346,0.049409216,0.152633171,0.4060095542,1.214407226,0.544825543,0.249428772,0.923630843,9.87544363,5.563721494000001,2.200140689,0.19616519,12.52000263,10.6978261,0.095586658,0.0
277,BBB,Company 49,Rating agency 4,6/15/2012,Public Utilities,1.286618506,0.69912703,0.142741134,51.60987823,0.085238196,0.124807127,0.286738594,0.166853297,0.022090897,0.053342544,0.065222637,0.258722829,0.337618339,1.976683394,0.653400079,0.331031029,0.501775795,3.87706641,1.1561571408,2.98687658,0.187069993,8.449807138,7.765736972,0.308401427,6.382871488
278,BBB,Company 14,Rating agency 4,6/15/2012,Public Utilities,0.684614363,0.400648726,0.04136792,34.53052562,0.054139551,0.088862518,0.855841114,0.105172741,0.018856871,0.033679473,0.067031739,0.344408565,0.535231417,2.549671301,0.722036001,0.395469214,0.253889449,1.973353637,1.103527461,3.559765694,0.088815923,10.07387783,7.663490091,0.187271116,1.988187752
279,BBB,Company 7,Rating agency 4,6/15/2012,Public Utilities,1.244484351,0.43951797,0.381235129,3.225176555,0.118264622,0.16968882,0.997945408,0.19103346,0.027027007,0.04317567,0.075104022,0.232359974,0.339762623,1.746264724,0.630340916,0.307015258,-0.189564474,-0.515187929,1.721547719,2.5251075276000003,0.168059863,21.31775871,2.739343453,0.250282976,0.24484809
280,BBB,Company 256,Rating agency 4,6/15/2012,Basic Industries,2.990008271,1.258073457,0.444234683,50.1361233,0.041300103,0.066103077,0.158104655,0.082660735,0.035178227,0.064924451,0.085799278,0.865582458,2.195558766,1.451567032,0.588978768,0.339459838,0.062876352,0.182891711,2.6668089822,2.427785056,0.066087202,9.552022153,2.909043765,0.057029668,8.965381531
282,BBB,Company 187,Rating agency 4,6/15/2012,Consumer Services,0.649849866,1.185374383,0.122564752,28.28214019,0.074683864,0.145704592,1.001781064,0.193440785,0.026459831,0.057165188,0.08751161,0.350812626,2.008847703,2.324143223,0.703306476,0.374280571,0.560597644,2.92626124,2.955140948,3.325331401,0.147628525,5.745435945,5.248681327,0.256800927,0.0
283,BBB,Company 21,Rating agency 4,6/15/2012,Health Care,1.54451359,0.624957369,0.118376511,20.46828116,0.032195505,0.053669476,0.193680162,0.058913049,0.053611477,0.109587176,0.090199953,1.666457969,12.73135269,0.701458951,0.414494475,0.390213996,0.685790665,2.981136623,1.04959122,1.7058112,0.053290853,8.139454684,4.396643325,0.054984333,19.79917124
285,BBB,Company 10,Rating agency 4,6/15/2012,Public Utilities,0.546919155,0.289908141,0.041169144,40.42626969,0.059606641,0.093267226,0.238263818,0.13375337,0.026030273,0.071246311,0.092500919,0.437854087,0.585235893,2.480319788,0.719708867,0.361054161,-0.514229083,-2.787145351,0.759689774,3.484958058,0.131173146,6.827816876,5.507045173,0.134461929,7.729107127
286,BBB,Company 281,Rating agency 4,6/15/2012,Public Utilities,1.155463789,0.484850767,0.152147873,23.08625399,0.048052214,0.07217248,0.302936539,0.101279131,0.028372178,0.049048629,0.092595936,0.600824639,0.849283462,2.233977661,0.691033072,0.363057146,-0.068229714,-0.447773102,1.645093407,3.200625778,0.071442045,7.578553753,6.44048559,0.133450262,10.41658973
287,BBB,Company 126,Rating agency 4,6/15/2012,Basic Industries,2.935367367,1.974241851,1.239241288,56.42829199,0.042571141,0.052033323,0.148226535,0.057361136,0.035834131,0.05490463,0.092862558,0.833985065,2.541367925,1.612354749,0.613614908,0.182268777,-0.237622779,-0.347445909,2.2558812666000003,2.616844922,0.05285227,15.56905567,1.460258359,0.03795126,8.312319584
288,BBB,Company 1,Rating agency 2,6/15/2012,Consumer Durables,1.013944153,0.505336031,0.174591349,41.5029678,0.02090923,-0.01290161,0.137075249,0.042704094,0.025796676,-0.027212709,0.093408878,1.241781701,5.966539581,2.614230084,0.726186212,0.3532628538,-0.146778594,-1.011487719,14.35005424,3.614216711,-0.012860329,4.079502622,6.885173041,0.02814424,4.610356918
289,BBB,Company 316,Rating agency 4,6/15/2012,Finance,1.4097909039999998,0.307919245,0.343690142,0.0,0.076693248,0.091026467,0.483411879,0.076608797,0.021278607,0.030085082,0.098362699,0.277212545,19.63578199,3.604255302,0.78853484,0.262029431,0.937243582,4.445380105,6.4188676716,4.573537023,0.092599647,8.438796498,4.756565712,0.131230712,11.01929052
290,BBB,Company 141,Rating agency 4,6/15/2012,Energy,1.210221541,0.924373591,0.183071283,20.62986784,0.031669674,0.055771026,0.21307993,0.056243937,0.061376617,0.136133855,0.098766494,1.969599273,2.661954011,0.612638061,0.377205341,0.521791926,-0.224386724,-2.49349328,5.414685835,1.605336338,0.055499233,3.644888672,11.15995352,0.076807726,11.34793761
292,BBB,Company 53,Rating agency 4,6/15/2012,Public Utilities,0.838299322,0.639123617,0.017038396,25.88825097,0.078873117,0.122769643,1.002472265,0.167942389,0.028527384,0.050763914,0.099171088,0.363615689,0.480836936,2.473092915,0.709529791,0.356389782,0.08358612,3.5671583499999997,8.547761048400002,3.487564194,0.12284281,3.505708977,5.7707998012,0.225562763,1.315488646
293,BBB,Company 400,Rating agency 4,6/15/2012,Technology,1.32709,1.263391228,0.153826221,69.03973811,0.011389173,0.021646337,0.167676622,0.023609564,0.036668332,0.15307486,0.101191514,0.6198488072,11.4537718656,1.762971065,0.637113448,0.476403041,0.062326187,0.052468754,7.126465404,2.753610406,0.021899721,5.450820596,0.848462959,0.003157571,3.8182828276
294,BBB,Company 82,Rating agency 4,6/15/2012,Public Utilities,1.204194474,0.614046323,0.026091238,53.8459135,0.080497678,0.080306178,0.604486999,0.160921381,0.027428834,0.030240297,0.10204322,0.341948746,0.652522287,2.687985428,0.725674876,0.373027271,0.999668307,-0.49833708200000004,6.3906636818,3.725954268,0.08039277,2.877280402,3.0451656808000003,0.223901747,4.545561321
295,BBB,Company 575,Rating agency 2,6/15/2012,Capital Goods,1.6939314554,2.659858675,1.240374492,70.27311631,0.086423226,0.113709578,0.56516075,0.142688032,0.05731926,0.089945388,0.103164425,0.67135257,5.944094205,0.776360254,0.432500139,0.243635538,0.998027654,9.361099332,8.508922077400001,1.762931724,0.113793126,8.222214417,9.273009371,0.124389261,6.888726583
296,BBB,Company 318,Rating agency 4,6/15/2012,Consumer Services,0.849643223,1.0117918972000002,0.335571397,0.0,0.062547854,0.097632702,0.204866457,0.157916191,0.015613924,0.025072847,0.104969378,0.245922741,1.432818921,0.9530477258,0.852123577,0.350855378,0.690812541,1.163000802,6.858728744,1.9472551776,0.097954861,7.925363901,1.653013939,0.166629691,5.076004792
297,BBB,Company 245,Rating agency 4,6/15/2012,Public Utilities,1.004712157,0.248495857,0.013246193,18.72579018,0.086994486,0.101638704,1.003315413,0.131488577,0.033068104,0.042248412,0.107362982,0.374626173,0.521821277,2.236457715,0.691070018,0.147260993,0.041313235,0.47435665380000014,6.7687326516,2.8137284289999998,0.10168393,2.260712708,4.006002619,0.190379668,0.950375323
299,BBB,Company 143,Rating agency 4,6/15/2012,Energy,0.914492013,0.79027665,0.11955602,55.68525842,0.030259729,0.05016727,0.219141842,0.097289582,0.019634807,0.064554624,0.107913855,0.64343522,0.925258692,4.14203276,0.737949264,0.393028978,-0.091427362,-0.402835155,0.964580614,5.538041669,0.083884319,13.5904654,4.331625172,0.12691486,4.393850401
300,BBB,Company 117,Rating agency 4,6/15/2012,Technology,1.244745853,1.544982435,0.141333114,51.198665068,0.05945265,0.07691334,0.337437304,0.069582447,0.04329859,0.070044266,0.109009903,0.731251969,10.29870307,1.503219274,0.587845993,0.22547606,0.756124624,4.286529949,2.597462608,2.554490623,0.075830395,5.223233528,5.60317077,0.088970171,7.292795091
301,BBB,Company 151,Rating agency 4,6/15/2012,Basic Industries,1.969604884,0.921060046,0.122759667,55.15463461,0.05583281,0.078852793,0.211978726,0.085680994,0.056928429,0.099921856,0.121221043,1.035633768,5.70012784,1.085582879,0.517532413,0.2848454,0.583626249,1.823676839,3.9484400524,2.3439089934000004,0.079318348,10.0892657,3.086016125,0.059869177,9.81021507
302,BBB,Company 73,Rating agency 4,6/15/2012,Finance,1.128950227,0.308779319,0.019728318,102.863598,0.087243577,0.121439176,0.992810124,0.141867791,0.032869655,0.088062769,0.122394495,0.382066715,14.42120018,2.633366948,0.727695612,0.271017277,0.767964872,2.331904618,-0.7238136359999999,3.625208333,0.123816883,9.245787997,3.032336595,0.089470265,0.0
303,BBB,Company 39,Rating agency 4,6/15/2012,Basic Industries,2.685360248,0.614677264,0.614130096,0.0,0.065272565,0.090364443,0.255496998,0.10497719,0.062063861,0.098572243,0.123232357,0.954380431,1.625200455,0.983331506,0.490160085,0.262313876,0.831771908,4.2089475948,4.1465022112,1.990286085,0.09029184,2.185794581,7.312902429199999,0.157473357,6.049058017
304,BBB,Company 382,Rating agency 4,6/15/2012,Consumer Non-Durables,2.071279067,1.171727567,0.40929785,70.87284754,0.056567154,0.041097453,0.460147167,0.056072355,0.038821533,0.034821102,0.124710234,0.69906044,5.298655242,2.15619075,0.681679368,0.2322911328,0.758774411,4.549783558,6.708003403,3.179057257,0.041321486,12.87568049,5.881299475,0.089203159,8.591728211
305,BBB,Company 75,Rating agency 2,6/15/2012,Technology,1.7164924931999999,0.8936619924,-0.164090727,8.4387572166,0.08452835,0.093310957,0.926487423,0.118025656,0.073955055,0.051797241,0.125192161,0.896071293,13.68492212,0.653725533,0.393165201,0.098207964,0.644343748,0.337689005,1.546975516,1.703836035,0.119360016,5.989750892800001,0.522100833,0.066749973,-0.067141721
306,BBB,Company 239,Rating agency 4,6/15/2012,Health Care,0.889601049,0.682417858,0.10531933,44.17522047,0.062075098,0.067831694,0.41585013,0.133305829,0.050656662,0.06506099,0.126229028,0.810613004,9.350257042,1.531894464,0.599199435,0.686288012,0.824876903,4.581659439,5.6856095066,2.524374147,0.068128593,10.28907209,5.635983039,0.119569196,4.853236537
307,BBB,Company 125,Rating agency 4,6/15/2012,Energy,1.251633972,0.161398886,0.081314106,0.0,0.016580563,0.026502618,0.082266029,0.029222645,0.049170728,0.110199326,0.12674739,1.4376441342,4.996410095,1.611648601,0.617462103,0.36947299,0.414279183,2.972801223,11.9018267194,2.1299175988,0.026515981,3.66281145,7.121586552,0.031856145,12.14698938
308,BBB,Company 174,Rating agency 4,6/15/2012,Consumer Services,1.488307164,0.897084231,0.045650125,59.44668651,0.099534271,0.159671203,1.001233413,0.168366701,0.062285653,0.11387483,0.127442371,0.626609454,1.011861196,1.060867593,0.508216688,0.371451197,0.277286175,1.574107026,4.6646537172,2.035399931,0.160479634,10.16887785,5.714358537,0.170227473,7.731985945
309,BBB,Company 108,Rating agency 2,6/15/2012,Capital Goods,3.041950676,0.890679139,0.891077611,0.0,0.1046812,0.148421026,0.405633831,0.166803771,0.067939956,0.106718501,0.128547352,0.641797688,8.673485693,0.87018352,0.470007518,0.290140695,0.84513854,2.20728394,2.8179897514000003,1.881180484,0.149888641,10.1550309,2.666653184,0.118017531,10.0077962
310,BBB,Company 532,Rating agency 4,6/15/2012,Health Care,1.389665936,0.757055929,0.105717441,61.49334606,0.096941165,0.013457631,0.504171155,0.11870005,0.051837244,0.008443782,0.132464105,0.538921387,4.248450563,1.568991381,0.616537096,0.322251128,0.810643575,2.270129211,0.87491388,2.554640029,0.013446291,17.80628795,2.808026772,0.153750211,8.533132822
311,BBB,Company 91,Rating agency 4,6/15/2012,Energy,2.105825488,1.406577202,1.036016082,39.268277214,0.11210897179999998,0.15199517720000003,1.002280357,0.1610833646,0.054933251,0.095907753,0.132994864,0.003864457,0.005052647,1.452975712,0.592906555,0.368766074,-0.390280016,-2.393069646,6.918617274800001,2.445612069,0.1523659068,4.955525525,6.152527723,0.234181214,0.0
312,BBB,Company 153,Rating agency 4,6/15/2012,Public Utilities,0.655476413,0.331363486,0.004617031,30.34502892,0.088072164,0.133042266,0.419915194,0.166679007,0.038243069,0.06567104,0.134986181,0.437546326,0.524286932,2.466988496,0.706594515,0.307796537,-0.524986806,-4.454980509,3.2915997206,3.446350561,0.133011095,5.841160003,8.499582811,0.214348222,5.83676143
313,BBB,Company 33,Rating agency 4,6/15/2012,Finance,1.238268297,1.142860086,0.349583601,53.40815584,0.118565739,0.207982747,0.608351715,0.241265696,0.066165593,0.128966421,0.135517032,0.558925613,6.69915779,1.054910877,0.516144362,0.41264507,0.813868855,2.721130884,4.615920136,2.054743156,0.206513283,8.923305605,3.375986641,0.209034021,4.5420443954000005
314,BBB,Company 203,Rating agency 4,6/15/2012,Public Utilities,0.729153109,0.609563735,0.151403969,3.552802929,0.145156881,0.144299819,0.994222074,0.246881434,0.048805816,0.053401957,0.136354847,0.337267937,0.445242387,1.782401437,0.642720729,0.638381606,-0.234823467,-1.955881394,3.682204458,2.783640164,0.142356481,9.249213177,8.156332133,0.382634153,0.0
315,BBB,Company 138,Rating agency 2,6/15/2012,Public Utilities,0.56370225,0.367122479,0.0607859,43.8078905,0.135874374,0.170450839,0.9946509,0.048032182,0.040963782,0.058595545,0.13869723,0.301043402,0.425345603,2.376761398,0.700817551,0.211555866,-0.521019024,-4.098394201,1.398658154,3.385287043,0.172142616,13.21282979,7.789539488,0.187050187,0.0
316,BBB,Company 489,Rating agency 2,6/15/2012,Public Utilities,1.310716259,0.662453214,0.279884368,32.02673803,0.135082225,0.215584784,0.992078799,0.248153211,0.049994563,0.088237598,0.146868342,0.370331136,0.440448337,1.897594382,0.660461838,0.408304731,0.416755054,2.923119836,3.632972608,2.894421632,0.216018515,5.711734684,6.990953724,0.319303227,0.0
317,BBB,Company 195,Rating agency 4,6/15/2012,Basic Industries,2.2029818666,1.6212510954,0.6053783124,41.44931892,0.071976231,0.112620825,0.154274209,0.123796338,0.079784439,0.138025225,0.147335656,1.114196615,2.915482062,0.856454453,0.464861192,0.351206838,0.507795609,2.812529397,4.0395182514000005,1.867660736,0.111015711,3.125245487,5.535288271,0.100734398,13.56880009
318,BBB,Company 435,Rating agency 2,6/15/2012,Basic Industries,2.561163587,1.558713311,0.590872804,77.43534776,0.05572066,0.087179624,0.416515055,0.08667203,0.053968302,0.106314256,0.149118658,0.963807,8.637575732,1.788675535,0.642840464,0.311252937,0.829662632,1.555934702,4.4127638114,2.792003004,0.087341199,9.71609137,1.878734264,0.069817906,5.563101903
320,BBB,Company 332,Rating agency 4,6/15/2012,Energy,1.467408005,1.04045389,0.53133608,36.13670275,0.1663244714,0.234817844,1.006099172,0.23463438,0.072243677,0.062922358,0.151107342,0.243983451,0.32421971,1.094772069,0.524692677,0.301864145,0.9905033,7.487658531400001,4.6935432004,2.119784969,0.235320885,10.60962964,13.00815291,0.2289695698,0.0
321,BBB,Company 293,Rating agency 4,6/15/2012,Consumer Durables,1.556717708,0.925882748,0.209667896,47.9788545,0.047576053,0.010877148,0.165320947,0.06144184,0.054833652,0.015915396,0.153878787,1.159047068,4.52137335,1.824398185,0.646323498,0.35268026999999996,0.294538588,0.711522097,1.721192093,2.82590582,0.010909795,9.236249173,2.408341409,0.053109279,8.840681012
322,BBB,Company 536,Rating agency 4,6/15/2012,Public Utilities,1.561612965,1.154532099,0.435258942,16.07708794,0.017690384,0.023707899,0.072628475,0.030226682,0.062737395,0.185768057,0.154782411,0.6529643388,11.44144977,1.477782337,0.596780516,0.262026562,0.639457593,0.995629085,1.6023367233999999,2.452771591,0.036179548,5.756638474,1.531494595,0.034586963,6.4238587602
323,BBB,Company 148,Rating agency 4,6/15/2012,Energy,1.111510154,0.400394279,0.017671657,42.23545628,0.214592228,0.13979838560000002,0.650785914,0.367132557,0.080256519,0.161054989,0.159247282,0.373666973,0.446968056,0.982298162,0.498536981,0.389756755,-0.167202895,-0.840376858,1.8856215884000005,1.989670054,0.139496089,8.000554459,4.96542138,0.23772428620000002,1.966863453
324,BBB,Company 100,Rating agency 4,6/15/2012,Public Utilities,0.619957513,0.484358099,0.025719606,58.05460354,0.120029069,0.157099899,0.394952547,0.202447325,0.059693716,0.118888166,0.170374949,0.490931433,1.04097905,1.775868113,0.62676704,0.233448834,0.328382317,2.133290035,2.8012574656,2.856055835,0.202241863,6.114878907,6.482908403,0.247256397,2.890859721
325,BBB,Company 461,Rating agency 4,6/15/2012,Consumer Durables,2.175815058,1.268880623,0.412151456,44.67623832,0.060608163,0.092772953,0.206357773,0.104433941,0.065018813,0.119754952,0.171175421,1.092398575,1.789359824,1.610731737,0.619434359,0.351910425,0.187660046,0.661473432,3.2834816804,2.592843909,0.092107881,7.99233869,3.446462371,0.132174733,13.38695257
326,BBB,Company 26,Rating agency 4,6/15/2012,Energy,0.736016266,0.596190731,0.112452158,45.87257989,0.191445471,0.234524162,0.590492098,0.316746352,0.09360364,0.131611132,0.171878526,0.487574246,0.600628919,0.824948378,0.453495117,0.1579623698,0.492657964,4.531123586,1.02079555,1.845647203,0.235585081,3.707809381,9.198556235,0.429569108,3.313322473
328,BBB,Company 131,Rating agency 4,6/15/2012,Transportation,1.114698471,1.141994666,0.36410578,25.94081435,0.166808972,0.268831204,0.994916363,0.291820091,0.072578047,0.12633371,0.175915187,0.436781833,0.489318305,1.421578189,0.58692898,0.371629787,0.458747468,5.498717844,6.6159303104000005,2.40669053,0.268890877,4.803094331,11.99360407,0.301607965,1.145974193
329,BBB,Company 217,Rating agency 4,6/15/2012,Energy,0.962491013,0.75098928,0.005801467,34.19462274,0.028416051,0.030608223,0.0453184,0.037538621,0.062917288,0.095040896,0.176962378,1.026265418,4.413986236,1.808138121,0.648741073,0.03649382,0.724573004,1.363042755,5.378600543199999,2.808008589,0.030564368,6.886071467,2.551874935,0.069525906,9.012416919
330,BBB,Company 464,Rating agency 4,6/15/2012,Health Care,1.840070981,1.681411054,0.228019148,10.18307768,0.038407248,0.061227332,1.006268547,0.064078494,0.080637733,0.189910214,0.176992543,2.10011267,3.0165285126,1.206558853,0.540724196,0.368409421,0.834855177,8.7067581744,6.489064003999999,2.19367775,0.06100317,5.578120039,12.54100985,0.05673888,0.0
331,BBB,Company 264,Rating agency 4,6/15/2012,Capital Goods,2.627480979,1.352679026,0.315203916,58.8310818,0.096465391,0.14368012,0.471987932,0.167215741,0.075936007,0.133713297,0.179967999,0.784298068,8.133702363,1.389094361,0.585500628,0.324009407,0.997391102,2.212105408,5.150732398200001,2.386969433,0.144843211,7.443571923,2.188031554,0.045179073,12.22807517
332,BBB,Company 198,Rating agency 4,6/15/2012,Health Care,3.265878963,2.503242135,0.559484454,42.53817666,0.243871562,0.09578642420000001,0.904711228,0.340107653,0.135374095,0.211817163,0.190226467,0.563326359,3.244914434,0.404682857,0.291309075,0.257678197,0.847861655,1.5067670633999999,5.6657397550000015,1.418372139,0.09543394360000002,0.276342151,2.290511888,0.345081404,2.521044111
333,BBB,Company 466,Rating agency 4,6/15/2012,Capital Goods,1.587379117,0.794955462,0.079066442,45.24477574,0.02647673,0.039318088,0.254628906,0.044503207,0.051510994,0.115750234,0.19038767,1.953598615,10.61235666,2.641581805,0.723031298,0.32080594,0.436340043,0.622452203,0.864382598,3.644332159,0.03922623,11.25198012,1.453410636,0.023177854,8.850091371
335,BBB,Company 209,Rating agency 4,6/15/2012,Basic Industries,2.244814778,1.082557694,0.949249143,10.8468255,0.10189967920000001,0.1476628632,0.557451421,0.12540958419999998,0.091192546,0.151600275,0.190908344,0.290299667,0.491941568,1.001163151,0.479897749,0.336418283,0.063819336,0.341702055,1.9141118528,2.078247085,0.15022559539999997,7.478707074,5.28811765,0.37387967,2.968400053
336,BBB,Company 111,Rating agency 4,6/15/2012,Transportation,1.033206745,0.783345875,0.161975594,33.16853127,0.172308383,0.153235333,0.996074138,0.290243316,0.066470878,0.063216556,0.192379844,0.394230335,0.457967289,1.889412426,0.649456711,0.595144097,0.328181023,3.106937831,2.8536363810000003,2.896124756,0.152726688,7.924562599,9.404143782,0.289027627,1.449552502
337,BBB,Company 64,Rating agency 4,6/15/2012,Consumer Non-Durables,2.249979459,1.337927737,0.431926716,49.33335588,0.066493358,0.095732046,0.180271281,0.10861741,0.078543548,0.134766073,0.196285701,1.169386523,2.859475084,1.529531501,0.605811792,0.285637617,0.124542178,0.486329083,5.381227192,2.509595611,0.0949071,6.57418603,3.951730494,0.048509777,9.547894162
338,BBB,Company 128,Rating agency 4,6/15/2012,Basic Industries,2.188374618,1.678604835,0.839892412,49.30205208,0.051526046,0.056220707,0.27048151,0.056238223,0.050143321,0.06506476,0.204489038,0.96767334,2.210530394,3.106480065,0.752349895,0.21471626,0.569755305,3.506171372,6.1948872754,4.057736009,0.056337895,6.837464181,6.136258232,0.102403483,7.520639095
339,BBB,Company 144,Rating agency 4,6/15/2012,Health Care,1.360666145,1.179279484,0.19946442,45.9434408,0.093115137,0.151952447,0.412647243,0.170729478,0.084627592,0.154680853,0.205532648,0.898110393,9.550117649,1.460277181,0.592401816,0.397462422,0.835393696,7.134671728,2.342247389,2.438071229,0.150457418,9.497222046,8.491122963,0.153651858,12.62424155
340,BBB,Company 583,Rating agency 2,6/15/2012,Technology,1.858633829,1.354824666,0.780343343,50.01889444,0.046516367,0.009039834,0.196404815,0.073928093,0.055622672,0.017365782,0.208395748,1.192751453,4.846668268,2.768199907,0.733463704,0.679448007,0.335167837,0.927230673,7.004294853,3.713686901,0.00911547,4.551595556,2.823671811,0.115253018,4.283802294
341,BBB,Company 110,Rating agency 4,6/15/2012,Consumer Services,1.941105907,0.8580314572000001,0.438229673,23.30168254,0.186320708,0.206636324,0.279220658,0.238643366,0.106597454,0.128295586,0.208455889,0.578163524,3.231681712,0.941681379,0.487425341,0.099962175,0.665569421,2.378573675,3.8004851908,1.95576289,0.205531652,9.779604146,3.545363048,0.287969529,14.79192234
342,BBB,Company 566,Rating agency 2,6/15/2012,Miscellaneous,0.952094252,0.825315626,0.308013698,68.02525224,0.078973181,0.124546638,0.253091325,0.123926123,0.088673143,0.242760273,0.213947716,1.135659644,7.5253156928,1.386762024,0.575607994,0.359780733,0.75597572,1.146624408,1.940953517,2.38551353,0.125133492,9.296930066,1.540479164,0.088409394,13.6408271
343,BBB,Company 36,Rating agency 4,6/15/2012,Transportation,1.084971792,0.913448421,0.289387344,35.24911967,0.155578781,0.244620148,0.802594304,0.293208572,0.061595486,0.1080661,0.217121852,0.397226297,0.467986968,2.494439395,0.716739839,0.36658219,0.344796721,1.100988391,5.266957875799999,3.465093238,0.245773825,7.494249321,3.228022271,0.298131958,1.93718346
345,BBB,Company 172,Rating agency 4,6/15/2012,Basic Industries,3.467465896,2.637514086,0.6365099653999999,32.72969285,0.253182845,0.252070283,0.312010948,0.269869625,0.160171006,0.181576519,0.218021519,0.626528968,1.50299861,0.353817709,0.260919818,0.29633525,0.478683954,2.59109925,2.3420896646,1.368538095,0.253001037,8.685581885,5.411899431,0.246059422,7.175132389
346,BBB,Company 261,Rating agency 4,6/15/2012,Energy,1.385515832,1.261947481,0.826021246,44.34718158,0.0975454428,0.1086198856,0.999265855,0.15480938360000002,0.11517664,0.12586239,0.221089909,0.280379822,0.463146607,0.925309801,0.482235675,-0.033247249,-0.209975784,-3.15686786,16.97615881,1.912736083,0.1088839082,4.716844454,7.551318771999999,0.15297177039999998,0.0
348,BBB,Company 265,Rating agency 4,6/15/2012,Capital Goods,1.130392776,0.371704179,0.187008067,0.0,0.080549425,0.107321166,0.196244874,0.11215981,0.095203285,0.18950097,0.237569949,1.183875559,4.245808031,2.488560264,1.006683465,0.25460679,0.995145846,6.478129911,6.41714503,2.5612629788000003,0.107978056,4.118566521,6.544546865,0.100366967,4.434666175
349,BBB,Company 386,Rating agency 4,6/15/2012,Technology,1.248673287,0.885853821,0.397276749,16.31557224,0.163133589,0.249311892,0.96834645,0.264040429,0.124611677,0.292448075,0.240118788,0.759640638,6.82949736,0.962130855,0.49066826,0.346034754,0.868842828,2.897979368,4.590069217,1.946606524,0.250679642,12.31201592,3.268714637,0.263030441,1.107743036
350,BBB,Company 493,Rating agency 4,6/15/2012,Capital Goods,3.370826469,2.184123841,0.798476411,71.15110016,0.132529122,0.181329169,0.317743697,0.190321078,0.118176349,0.187512254,0.240225063,0.885323508,10.31637936,1.040687625,0.51646561,0.263451811,0.816428714,2.718150192,3.828704934,2.039739628,0.183621759,6.259387249,3.360223663,0.144098019,7.094973889
351,BBB,Company 431,Rating agency 2,6/15/2012,Technology,1.321667724,0.63552153,0.258384779,33.4996005,0.020744906,0.022003681,0.054981005,0.021266691,0.050955277,0.131662247,0.258986668,1.162815315,13.47046737,4.06600575,0.810444432,0.030866866,1.006824964,1.112897169,4.153571192399999,5.050037758,0.021924112,5.368266109,1.09217926,0.029648882,5.279994128
353,BBB,Company 150,Rating agency 4,6/15/2012,Basic Industries,1.196414177,0.611751086,0.34589162,16.40630485,0.237002669,-0.005091770799999998,0.394510114,0.346165997,0.110751187,0.172451368,0.278619703,0.464536698,0.642824159,1.525232904,0.605718891,0.186937317,0.613812762,1.4607873662,4.2225576426,2.500260564,0.329102252,4.740999043,2.7986730164,0.336733824,10.77212348
354,BBB,Company 199,Rating agency 4,6/15/2012,Consumer Services,1.844867726,1.140009798,0.556392723,12.13495533,0.107138506,0.155117807,0.997886356,0.146592806,0.0484206794,0.106345702,0.281823603,1.598738826,4.9969991,0.684825935,0.40480596,0.308928948,0.669303935,1.435492366,2.675544589,1.662948948,0.153256069,6.493753544,2.142345785,0.138803906,9.161617217
355,BBB,Company 225,Rating agency 4,6/15/2012,Basic Industries,3.408304764,1.7141440172,0.5335687189999999,15.61579505,0.218615253,0.102084404,0.476168924,0.13522065020000001,0.141306555,0.072647257,0.288844361,0.656573927,1.121320488,1.043757714,0.511487233,0.27620631279999996,1.005512105,6.982122977,5.6389406410000005,2.035447824,0.101617167,4.144784302,7.051105185,0.320193166,4.813829248
357,BBB,Company 161,Rating agency 4,6/15/2012,Basic Industries,2.019563504,0.203083752,0.174409398,0.0,0.109112453,0.121883434,0.342637851,0.172923449,0.09836675,0.145558969,0.293004582,0.895037155,3.41591333,2.032942036,0.664516022,0.328222256,0.557792684,3.354364473,2.647197717,3.026797481,0.123684693,4.88421081,5.954110784,0.127057117,4.832585693
358,BBB,Company 258,Rating agency 2,6/15/2012,Consumer Durables,1.255153221,0.549391534,0.089963233,35.76978148,0.051121944,0.076571642,0.146985829,0.096553397,0.061112642,0.122316771,0.366832617,1.187710213,3.833634216,4.99912261,0.838475169,0.307264066,0.53708009,3.061124069,4.7940158338000005,4.283071215400001,0.075710183,5.355133661,5.756386227,0.11003723,8.4221425
359,BBB,Company 158,Rating agency 4,6/15/2012,Basic Industries,2.058246323,1.329565897,0.522810159,32.41668409,0.097459955,0.134500277,0.228259927,0.142162694,0.111676714,0.188988984,0.372054981,1.153512652,2.299782433,2.299072375,0.700149146,0.317956949,0.268216614,1.211703605,1.7642265477999999,3.30482455,0.133355974,6.228360387,4.456712091,0.086726921,5.786278258
361,BBB,Company 186,Rating agency 4,6/15/2012,Energy,1.275180915,0.994033843,0.505445285,34.36435893,0.235444645,-0.000694770599999997,0.467391678,0.150626163,0.0415710768,0.07310012140000001,0.409088954,0.88326252,1.512170122,0.897677259,0.463347947,0.360213807,0.333003779,-0.32130802440000006,4.314723517599999,1.979102639,0.006370813,0.153287676,0.8672505814000001,0.351842693,6.431318069
362,BBB,Company 509,Rating agency 4,6/15/2012,Capital Goods,1.470399378,0.620600422,0.22331967,27.75923871,0.062913095,0.092918698,0.337477092,0.097040214,0.133839373,0.0832509292,0.1563955724,2.167586226,9.820986334,2.242490047,0.691715868,0.327422157,0.492698471,1.807178227,4.236700891,3.293434828,0.093318683,2.514455328,3.669315157,0.060300009,10.5070949
363,BBB,Company 196,Rating agency 4,6/15/2012,Basic Industries,3.113300815,2.354395159,0.851512383,37.41154758,-0.04134221,-0.0383241562,0.552678584,-0.009173527199999998,-0.0096534342,-0.037215043600000004,0.1801998948,0.847005582,1.554619048,1.001128039,0.505033609,0.440814876,0.71082693,1.717681237,4.064087294,2.017363235,-0.038588629400000005,8.059286526,2.453549614,0.30290652,6.181358864
365,BBB,Company 350,Rating agency 4,6/15/2012,Consumer Services,0.943006941,0.679577006,0.486279964,8.199861195,0.104605147,0.130605499,0.274409266,0.144411838,0.14996412,0.261485988,0.1048390342,1.440516616,3.107223911,3.875783659,0.794501035,0.194550078,0.568295337,2.633519877,2.929530327,4.805202339,0.131169443,9.708535177,4.668621704,0.172771609,4.856038288
366,BBB,Company 89,Rating agency 4,6/15/2012,Consumer Non-Durables,0.927311905,1.14151506,0.431267584,0.0,0.142526168,0.236740286,0.376969663,0.256196257,0.091743101,0.190593475,0.1282238524,0.63780427,10.84278735,1.1985910194,0.905516292,0.388739996,0.977114506,1.689934749,4.9985259514,1.9929996436000004,0.233184842,10.84955797,1.737075641,0.150409117,15.21975041
367,BBB,Company 18,Rating agency 4,6/15/2012,Capital Goods,1.157375511,0.294521055,0.296613547,0.0,0.05655432,0.07880923,0.078909129,0.086027253,0.070110411,0.139843806,0.131543074,1.223124319,10.17179568,3.2801799654,0.964190918,0.267166113,0.814690186,6.6323980019999995,9.6206362662,4.5049847518,0.078583862,6.426012661,12.78200424,0.090815169,18.92311437
368,CCC,Company 501,Rating agency 4,6/15/2012,Finance,1.7685957858,1.3166161938,0.6375743548,17.27576867,0.014940087200000002,0.014345422399999997,1.009308563,0.06091162800000001,-0.067180503,-0.073971029,0.0282595002,0.207853629,2.1062138154,5.015144506,0.836383366,-0.003262902,1.000305613,-0.7138834011999999,6.0072293782,4.5441821752000005,0.014469758,-0.787634378,0.5134329047999999,0.1122431612,0.0
369,CCC,Company 478,Rating agency 2,6/15/2012,Consumer Services,0.722500948,0.547537569,0.377595933,9.081400859,-0.001641826,-0.002665845,0.905220362,0.100032682,-0.000653627,-0.001159029,0.087724676,0.395728753,0.657330309,3.907570102,0.792457886,0.1585309774,0.555619911,1.617813464,4.6943599346,4.878830974,-0.00270261,8.904619671,2.892435353,0.107610575,2.042307477
370,CCC,Company 262,Rating agency 4,6/15/2012,Basic Industries,2.544924932,1.225065599,0.956599712,12.90326034,0.008275362,-0.054424529,0.066260809,0.034728411,0.006264356,-0.04499137,0.010802485,0.752366126,1.112863549,0.739045533,0.425311749,0.22661015,0.8413169530000001,1.3193498018,6.4331778034,1.728478437,-0.054243651,0.988549069,2.5032586014,-0.002151997,14.72734501
371,CCC,Company 396,Rating agency 4,6/15/2012,Capital Goods,2.129875065,0.410921844,0.411961065,0.0,0.006976591,0.013047761,0.148669821,0.012519333,0.006446831,0.016534282,0.023900862,0.920132273,7.731651445,2.708557766,0.727434987,0.591314496,0.7492105654000001,-0.546433188,2.2001084684,3.728980217,0.012965512,18.14361646,0.173334696,0.002908308,7.296627682
372,CCC,Company 407,Rating agency 4,6/15/2012,Technology,1.9371327835999999,1.3141616128,1.178791046,30.73904553,0.0036875225999999984,0.307166452,0.996940619,0.308991104,0.085429333,0.090280741,0.091898771,0.273440115,6.968746636799999,0.091072621,0.6053821504,0.20328502,0.981024493,-0.24939972160000004,5.201246499,1.087771323,0.307596079,-0.170765847,-0.05672691840000001,0.451034852,7.969312767
374,CCC,Company 373,Rating agency 4,6/15/2012,Energy,3.43840655,1.3475951254,0.5899908683999999,57.13096419,0.238532822,0.038151247,1.009804109,0.0809438476,0.045995683,0.080986568,0.125185055,0.190338031,0.303266593,1.735430616,0.638726872,0.3674119,1.007396735,1.902222324,5.330434259,2.703748132,0.06461804940000002,14.67342322,1.924837687,0.197981807,0.0
376,CCC,Company 472,Rating agency 4,6/15/2012,Finance,0.97511265,0.964934843,0.024755389,19.24979687,0.155277622,0.187342903,0.990969279,0.190685258,0.045382335,0.07003154,0.257327193,0.289959977,2.4378357504,4.636455216,0.818269339,0.181036172,1.001534413,0.8768612294,9.815873877,5.645615176,0.189440218,4.755795464,1.4534315226000003,0.13632306079999998,0.0
377,CCC,Company 567,Rating agency 4,6/15/2012,Consumer Services,2.599725595,2.316304136,0.11490091,65.77052133,0.177572104,0.135988763,0.314503035,0.206560819,0.074872566,0.058642972,0.271919138,0.413886242,6.602973117,2.642188581,0.719973923,0.22541504959999997,0.934848652,0.002192941,0.000104473,3.693354093,0.137011116,7.506446681199999,0.002369964,0.22441779,4.293521535799999
379,A,Company 19,Rating agency 4,6/19/2012,Energy,1.447391846,1.41643296,0.48041293,82.5675449,0.1354758956,0.1108244816,0.997294715,0.1317582582,0.113867406,0.200611699,0.181522471,0.400070311,0.52256852,0.601448493,0.373101992,0.398823683,0.388778137,5.918566408,7.254704344,1.597889439,0.11043593459999998,5.611919157,6.3847583303999995,0.1852803932,1.379856502
380,BBB,Company 31,Rating agency 3,6/21/2012,Basic Industries,2.387620159,1.659889176,0.433040911,77.875491,0.076471598,0.065363157,0.179061249,0.077988897,0.074758091,0.082044909,0.159910733,0.980954858,3.00397336,1.116420755,0.522964655,0.029547558,-0.17911428,-0.541685792,6.623469154,2.106150076,0.06594275,6.101837299,3.00252114,0.062258587,5.497279623
381,B,Company 414,Rating agency 3,6/25/2012,Consumer Durables,1.015368536,0.001670394,0.001669843,0.0,0.009732033,0.015994218,0.153656894,0.027459376,0.032656248,0.106855786,0.145138291,0.6953279376,14.22341061,4.434522007,0.994350013,0.16267182460000001,-0.032880954,-0.097392307,0.03638034,4.464095254,0.015854531,5.145009409,2.948443337,0.019642826,8.549114319000001
382,BBB,Company 405,Rating agency 3,6/26/2012,Consumer Services,0.930485182,0.08955186,0.088555088,0.0,0.028334091,0.028268197,0.207081414,0.02850869,0.022620682,0.026847413,0.130610696,0.792789096,9.691346464,4.75480221,0.8329276,0.636010561,0.5713373348000002,2.7217084270000003,10.6987910948,5.828782718,0.028330672,5.9829535931999995,6.651059933399999,0.17259594,12.32027258
383,BB,Company 248,Rating agency 4,6/27/2012,Consumer Services,1.741656201,0.363049078,0.364567516,0.0,0.076836266,0.0800695218,1.009277944,0.09025385639999998,0.066091974,-0.029909074,0.155060243,0.032912957,0.204049789,2.370328412,0.994735145,0.419949561,1.248260147,-0.329312542,1.6307189640000002,2.338865647,0.07958307340000001,1.2684839394,-0.257541636,0.0661143176,0.0
384,BBB,Company 302,Rating agency 4,6/27/2012,Finance,1.7017237567999999,1.0884879144000001,0.776574248,7.224342162,0.054450535,0.072968931,1.005078424,0.10444132,0.012237494,0.018175342,0.04217931,0.229486402,10.6492629,2.396678022,0.712423407,0.221152249,0.804382569,0.6391228553999999,3.1694989395999995,3.388908918,0.072145134,12.30631352,0.7662727200000001,0.119227705,0.0
385,A,Company 279,Rating agency 2,7/3/2012,Health Care,1.154362108,0.548770507,0.199510646,35.44907175,0.111619834,0.132516068,0.739191096,0.110719894,0.055076709,0.085322654,0.143511425,0.489444816,3.313174872,1.627897001,0.622195231,-0.068775867,0.927284657,3.852889163,3.3297647108,2.632320505,0.132690681,10.716601454000001,4.157655352,0.393567655,2.085464796
386,A,Company 113,Rating agency 2,7/4/2012,Energy,1.45647639,1.218114457,0.234590828,93.00463767,0.066969857,0.156817874,0.259350413,0.119075849,0.061961858,0.272179048,0.147807761,0.909914518,1.991766557,1.325470173,0.553363914,0.577047953,0.203387283,0.631387166,2.3269069422,2.359309542,0.224349017,5.350053053,3.161790197,0.096830253,4.038916314
388,BBB,Company 153,Rating agency 4,7/6/2012,Public Utilities,0.62007311,0.234402371,0.001401011,29.4449392,0.097144935,0.140634828,0.481712506,0.184488789,0.035910426,0.060659914,0.127144151,0.370140427,0.437189087,2.565112279,0.715627885,0.257616439,-0.100790292,-1.066769818,0.023456358,3.611151154,0.140316648,5.863063521,10.70186397,0.28371667,4.815693446
389,BBB,Company 31,Rating agency 4,7/6/2012,Basic Industries,1.57722711,0.921192362,0.130229708,26.60908404,0.117062524,0.074374004,0.195493432,0.08733471,0.088345345,0.070546036,0.216143234,0.747083945,2.145235102,1.412580882,0.583245509,0.223031922,0.322958378,2.128592517,1.0861628316,2.406031544,0.074001783,7.84520764,6.525306874,0.125309768,4.376005276
390,B,Company 305,Rating agency 4,7/10/2012,Energy,0.88153557,0.786334747,0.008360863,60.76927582,0.252806015,0.11059194219999999,0.567076533,0.35747011,0.101917079,0.163746571,0.199667337,0.402702526,0.446673577,0.95522688,0.48865048,0.310378046,0.554696569,2.722595712,3.8654876818000004,1.967503948,0.13094178,8.567094689,4.890089217,0.2567538464,2.107218248
391,BBB,Company 195,Rating agency 4,7/10/2012,Basic Industries,1.882593236,1.3268247919999998,0.26300713,40.97368994,0.108441636,0.163624941,0.205403166,0.172882026,0.112913622,0.1965095,0.207616232,1.038498849,2.351128231,0.822744446,0.454097254,0.342854368,0.379616921,3.605070218,5.9092590408,1.832067476,0.164689253,3.832325862,9.431085305,0.173109107,13.10588847
392,BB,Company 274,Rating agency 4,7/12/2012,Basic Industries,2.272545648,1.366621262,0.635891887,39.13035398,-0.020466749,-0.046751585,0.129603809,0.033349283,-0.006536012,-0.015630201,0.23908475979999996,0.315409841,0.811268992,1.170251938,0.533158595,0.55132058,0.610313166,1.125950797,2.0712583058,2.171029342,-0.047359892,4.683677856,1.823218866,0.092142324,19.52418507
394,BBB,Company 263,Rating agency 2,7/16/2012,Capital Goods,2.295730479,1.26618563,0.406494365,53.18382422,0.095000666,0.100741368,0.507365976,0.119101485,0.042943412,0.049591453,0.076215939,0.454738764,7.28633116,0.773655047,0.437649749,0.00870828,0.848176222,4.720974794,4.4552957128,1.777696881,0.100757519,12.97205676,5.571127761,0.161655818,9.482281511
395,BB,Company 61,Rating agency 2,7/19/2012,Technology,1.902458897,1.152563881,0.333791605,60.3216104,0.029566669,-0.001242442,0.071797854,0.022614469,0.056670794,-0.003877882,0.188453749,1.923073806,10.68053263,2.295067608,0.690034883,0.20521389839999998,0.637418017,1.680134672,4.4471696958,2.6565871725999997,-0.001235059,4.848505483,2.64113436,0.035493808,6.071971587
396,BB,Company 467,Rating agency 2,7/20/2012,Technology,1.522437149,1.176855316,0.691166593,33.7176233716,-0.049712216,-0.030306193,0.362658586,0.026817531,-0.025664788,-0.028502658,0.07898705380000001,0.509289145,10.73106654,2.607868791,0.688664743,0.2784103672,0.789573265,0.178967657,5.5445199324,3.752188208,-0.030436868,8.193601647,0.226043622,0.055072787,2.245401391
397,A,Company 438,Rating agency 3,7/24/2012,Miscellaneous,1.549129222,1.208892144,0.826167397,38.06486884,0.086090828,0.094053274,0.299272165,0.129758017,0.152797274,0.2114345734,0.20639967319999997,1.777125121,9.8930279454,3.031636927,0.746463856,0.381477175,0.905534948,5.991677864,9.1088002896,4.015125038,0.094210853,8.534896239,6.623514504,0.14191011,4.1166433080000004
398,BBB,Company 309,Rating agency 3,7/24/2012,Energy,1.794098132,1.017804528,0.836279625,18.85412892,0.251788578,0.245072179,1.000586431,0.311419201,0.100921149,0.108283408,0.297461962,0.401638083,0.507094687,1.920319161,0.651640594,0.005952065,0.447018926,1.293093261,1.352443546,2.911488794,0.245260105,19.64661189,2.851378106,0.367216533,0.0
399,A,Company 249,Rating agency 4,7/30/2012,Consumer Non-Durables,0.851603051,0.422805075,0.161890073,24.12953116,0.100254079,0.143093244,0.390664638,0.157661407,0.117871558,0.249511088,0.1137121096,1.182197873,3.613179198,2.7440262602,0.862076616,0.311925988,0.708157399,2.526343375,1.4533734922000001,3.4968437432000004,0.144895546,9.3849095,3.530590357,0.146600181,8.185327203
400,BB,Company 370,Rating agency 3,7/30/2012,Energy,0.859122223,0.608540796,0.051089559,41.335844228,0.199546884,0.202455995,-0.014802706,0.1684781894,0.014170558,0.01574891,0.039523574,0.071597672,0.077222513,1.775637263,0.639614307,0.508345595,0.4413746668,3.2829130001999998,0.448744474,2.774919523,0.204554166,10.80293918,7.320052437,0.2945535348,1.036350908
401,BBB,Company 209,Rating agency 3,7/30/2012,Basic Industries,1.313669157,0.580676064,0.471435561,11.43550824,-0.037184884,-0.044691522,0.49586347,-0.022212167,-0.011229323,-0.010812206,0.10808186980000001,0.305338034,0.488282504,1.036247483,0.483052638,0.160321413,-0.133055899,-0.793200165,1.7376277500000001,2.179781705,-0.032149976,7.9924305792,5.934503716,0.41846691,3.228010879
402,BBB,Company 112,Rating agency 3,7/31/2012,Technology,1.650990892,1.503259714,1.172251492,49.74559294,0.104652942,0.1131772,0.648952342,0.12378812,0.051402369,0.070270471,0.10667887,0.490865267,14.90188399,1.07587427,0.521111571,0.088508504,0.89861858,4.136224482,7.5033063342,2.087298467,0.113007355,2.180139278,4.559173015,0.220747983,3.203012601
404,A,Company 207,Rating agency 4,8/1/2012,Consumer Non-Durables,1.803851698,1.140729727,0.632736105,39.80886156,0.089515533,0.128912468,0.788355025,0.136314827,0.131686186,0.279518996,0.312433302,1.482720133,7.856140297,2.397858026,0.994692408,0.316970831,0.993854181,2.91963826,3.473819087,2.405145489,0.12973595,12.80192093,2.910429919,0.115946055,4.033285565
406,BBB,Company 111,Rating agency 3,8/3/2012,Transportation,1.087133923,0.850778656,0.312924394,36.64114292,0.157288931,0.151685171,0.999660616,0.281148229,0.057698722,0.058732017,0.180256624,0.362751098,0.432637447,2.105795879,0.684811954,0.606514384,1.008685379,9.585342889,2.061808032,3.137720711,0.150331412,9.520098537,9.552375499,0.277661433,1.166088807
407,BB,Company 222,Rating agency 4,8/6/2012,Consumer Services,2.173220645,1.789574118,0.88744674,86.55991977,0.092986917,0.13372895,0.391787648,0.137611469,0.067886988,0.123097333,0.152649309,0.722845916,9.522496327,1.21981585,0.551176645,0.303413698,0.733790313,1.017593969,2.110315405,2.231754511,0.135701919,11.24214572,1.382161066,0.163312483,2.2019026084
408,CC,Company 46,Rating agency 2,8/6/2012,Capital Goods,1.329767714,0.526121406,0.248778756,21.21216486,0.052223804,-0.091762681,0.099118307,-0.092138734,0.0361461178,0.057677120000000005,0.1336266762,1.420032863,7.843790885,2.7482188332,0.6968664116,0.18402141040000003,0.473264538,4.124292215,8.474609865400001,3.7388108988000006,-0.091549012,5.0568084614,8.796103773,0.046805799,6.890025024
409,B,Company 401,Rating agency 3,8/7/2012,Basic Industries,1.684038689,1.368292988,0.131340636,79.16760616,-0.003927372,-0.007799924,0.100135958,0.022494249,-0.003282289,-0.00843251,0.12037454080000001,0.833219071,1.965280887,2.016272657,0.663217511,0.382054965,0.3140458714,0.43484615479999994,2.9729791796000002,3.019240399,-0.007809106,4.234021859,4.3394241814,-0.002720426,5.021948445
410,BB,Company 257,Rating agency 4,8/9/2012,Basic Industries,1.719367685,1.237222119,0.377366832,46.30161798,0.068755327,0.102206471,0.19873613,0.118490041,0.053587616,0.096136165,0.150713601,0.789908042,2.106218109,1.767694193,0.644504549,0.335006783,0.084068671,0.293526741,3.199649221,2.785932716,0.103031073,6.327623362,3.507671924,0.128481822,10.05853867
411,BBB,Company 430,Rating agency 4,8/10/2012,Consumer Services,1.296228827,1.218643022,0.455436424,36.44182578,0.032908636,0.029753855,1.001542097,0.03561821,0.026019118,0.030437718,0.051015231,0.793532088,3.718842244,0.968831233,0.490165857,0.591123457,0.541658591,2.2467809744,5.162423383199999,1.973997625,0.029840053,4.345724552,6.2072189272000005,0.118417943,0.0
412,BBB,Company 405,Rating agency 3,8/10/2012,Consumer Services,0.817672508,0.052241756,0.052271738,0.0,0.03214348,0.048429509,0.200456068,0.00145734,0.02400445,0.042604175,0.138090066,0.756183205,10.06455161,4.702724778,0.825833168,0.33674212,0.3954603862,0.34471254320000005,5.375087988599999,5.671869605,0.048691726,3.642701865,1.8808576998,0.180098498,12.55866509
413,A,Company 214,Rating agency 4,8/13/2012,Technology,2.0083037602000005,1.3278370126,0.670513656,52.3697403,0.237300238,0.247103831,0.487414138,0.247059452,0.0877141276,0.233332446,0.231872196,0.82467265,4.659709463,0.184072742,0.6411013362000001,0.037814064,0.65779701,1.831551358,4.420664749,1.174475406,0.24778109,10.09325178,2.852165248,0.293655175,4.937524699
414,B,Company 238,Rating agency 4,8/14/2012,Energy,0.61589783,0.320746193,0.003863588,39.70137793,0.238298886,0.1975594698,1.008044145,0.183567997,0.050720041,0.084618022,0.124817965,0.213955745,0.229392952,1.47176497,0.595825093,0.382941936,1.009362703,8.1360457248,4.6935432004,2.47367412,0.19806813900000003,8.942804208,11.90784681,0.27724076740000003,0.0
415,B,Company 119,Rating agency 4,8/14/2012,Health Care,1.423823422,0.974807336,0.266259935,71.06629875,0.073173325,0.135244031,0.998167632,0.178187408,0.033620564,0.07135299,0.143811636,0.463500721,3.922233677,3.238686491,0.766541041,0.360828307,0.502089851,5.727300132,5.60793019,4.248385444,0.136359536,8.227361368,11.40663922,0.148693999,0.0
416,B,Company 454,Rating agency 4,8/16/2012,Technology,1.474575498,1.283380861,0.630616422,65.54738873,0.039494602,0.069230822,0.264206086,0.086407589,0.05958574,0.181624698,0.1460976534,1.536983684,8.9538390996,1.5572108286000002,0.6246079917999999,0.381868754,0.625924706,3.749085275,6.394014243799999,2.5431933474,0.068931557,1.036825369,5.983917702,0.070512518,11.89711569
417,BBB,Company 186,Rating agency 3,8/16/2012,Energy,1.135264061,0.888358664,0.45208901,36.01852715,0.219248213,0.033505355,0.428907949,0.350725724,0.060360012,0.1344337198,0.39192218,0.819987505,1.326486485,1.099460635,0.512230943,0.339791992,0.244123615,0.3617357684,3.6597511490000003,2.175713797,0.033532992,0.324430723,2.0587192756,0.302541899,5.28791166
419,A,Company 130,Rating agency 3,8/20/2012,Capital Goods,1.43771656,0.714711321,0.185315831,56.0837193,0.085452067,0.125672031,0.28818442,0.131214406,0.063265017,0.139061202,0.324118404,0.741673429,4.026957709,4.045612886,0.805959468,0.305290172,0.357924382,2.914030861,6.849390650799999,5.05270808,0.12568521,5.679240686,8.0820196,0.07948484,6.966182228
421,BBB,Company 39,Rating agency 4,8/20/2012,Basic Industries,2.641195996,0.879181191,0.870678701,0.0,0.031357232,0.042684525,0.212885462,0.066746525,0.02783262,0.044196152,0.059854634,0.89913054,1.597440007,1.121439935,0.525611013,0.247078394,0.571731986,8.820459912,5.376623745200001,2.135823059,0.043185659,2.720160834,9.7297075418,0.10108018,6.681105995
422,BBB,Company 144,Rating agency 4,8/20/2012,Health Care,1.346209437,1.228109243,0.457925224,45.91280743,0.102772127,0.108200268,0.396697913,0.181657904,0.086180545,0.105962703,0.215524069,0.839685687,9.000284563,1.498984794,0.594441074,0.586071263,0.788017942,6.981226106,5.737848258,2.518667371,0.107700954,8.60404629,8.800230214,0.146990507,14.56781173
423,B,Company 252,Rating agency 3,8/21/2012,Energy,1.761751731,0.533763393,0.067026696,17.06493125,0.044342695,0.044456835,0.110162536,0.061553991,0.090986936,0.11522158,0.228949154,2.058481999,4.685295743,1.518369079,0.60273053,0.003678275,0.85265476,2.1124891081999997,3.599450709,2.52393578,0.044201929,2.085676547,3.5103333676,0.082272322,12.49481633
424,BBB,Company 109,Rating agency 3,8/24/2012,Public Utilities,1.299427702,0.668881127,0.189384032,43.08771964,0.049584742,0.07669054,0.999897269,0.101023221,0.014986682,0.025161442,0.055168457,0.297391812,0.520931815,2.646373271,0.720395104,0.346517083,0.055755333,0.41614439,2.1134907668,3.658199208,0.076997617,6.586843412,7.55511229,0.262511147,4.151606907
425,BBB,Company 196,Rating agency 4,8/27/2012,Basic Industries,2.3033924542,1.3352363618000003,0.3909025045999999,36.89954177,0.027593274800000005,-0.0346820062,0.530604812,-0.002979282799999999,0.011426644,0.028355184599999993,0.409774993,0.644566433,1.292911145,1.188880615,0.539562661,0.363707401,0.475400729,1.123227116,3.028662749,2.168829375,-0.03482977080000001,10.16105701,2.34248226,0.298015133,5.792465055
427,AA,Company 425,Rating agency 3,8/28/2012,Transportation,1.875300174,1.66940234,0.874860805,41.50092763,0.014925133,0.018134172,1.009227228,0.024593326,0.020895912,0.032166396,0.175154208,1.392901912,3.006147831,2.1333073596000003,0.873920289,0.170963844,0.702569307,5.235634781,8.177944585,3.1373818914000005,0.017977998,4.5665175224,7.501612156,0.13388057,1.787315502
428,BBB,Company 591,Rating agency 4,9/5/2012,Capital Goods,1.314845058,0.6072588148,0.5332652188,1.078789653,0.056779955,0.086300476,1.006006903,0.077440679,0.069226288,0.112493097,0.121807767,1.233664979,4.7438530006,0.755534039,0.433154263,0.340991912,0.961390894,1.6320057823999996,1.6847282051999997,1.743341431,0.086433643,15.9940224,3.7138636131999996,0.082753672,15.83975043
429,BBB,Company 321,Rating agency 4,9/6/2012,Capital Goods,1.728796411,2.330843725,0.190541661,85.29356368,0.093421551,0.092248138,0.331020464,0.143043181,0.093884032,0.136330695,0.236659818,0.992798439,7.278943391,1.552639112,0.601270835,0.364414298,0.738286256,7.35609811,6.923018999600001,2.535392998,0.093200698,4.31154612,9.973251557,0.109390595,5.188962503
430,BB,Company 534,Rating agency 3,9/7/2012,Health Care,2.0512431436,2.142971525,0.932024552,0.0,0.0332321292,0.021816868999999996,0.669109049,0.048756583199999995,-0.0031371978000000007,-0.085387359,0.031454953,0.273503479,1.288778825,0.674685524,0.405226866,0.006223817,0.6994104381999999,-0.170567846,1.647953361,1.669817794,0.0221116454,9.703627702,-0.021775852,-0.006329726,1.600440728
431,BB,Company 390,Rating agency 4,9/7/2012,Miscellaneous,1.956300516,1.23435926,0.611389597,68.50266638,0.025449557,0.031551306,0.616532809,0.040707797,0.022839688,0.039557845,0.11748003,0.906512188,18.77775456,4.124315129,0.800770725,0.232228243,1.433317673,-1.630571751,2.4337768459999998,5.141412336,0.031595325,13.13550095,-1.1383777,-0.031144013,3.570122168
432,BBB,Company 90,Rating agency 4,9/10/2012,Health Care,3.807490243,1.5255659678,0.398861946,53.76202276,0.250035904,0.288458336,1.006249205,0.324646267,0.080049065,0.10764113,0.2285724,0.317006587,3.245936113,1.840636261,0.647161607,0.132030101,0.874885338,6.730403722,6.883140247600001,2.865482025,0.289745556,13.46546141,7.571598503,0.342270062,3.244992773
433,BB,Company 393,Rating agency 3,9/11/2012,Public Utilities,1.698370331,0.804545444,0.445939037,42.91072845,0.066479026,0.030084451,0.279544688,0.041583907,0.016028614,0.008290267,0.052634262,0.238373813,0.418763888,2.337475221,0.701489311,0.246894971,0.4531046812,2.7881103612,3.7819279563999997,3.309138742,0.030137259,12.78078489,4.927201541,0.136312856,5.240816183
434,BBB,Company 475,Rating agency 4,9/11/2012,Public Utilities,1.186778939,0.940622867,0.525418773,60.49870344,0.131074546,0.204359567,0.5138155,0.226676909,0.063679346,0.148764774,0.100451353,0.48427421,1.942166562,0.568531413,0.36616311,0.353655906,1.004780517,8.985336032,6.374504763,1.55676745,0.250391681,1.773495865,8.934117455,0.295472153,2.625944998
435,BBB,Company 243,Rating agency 4,9/12/2012,Consumer Durables,0.672434748,0.128522245,0.12826744,0.0,0.098793654,0.120463277,0.420245397,0.09894628,0.12373055,0.286509721,0.11845416680000001,1.26663964,5.029830963,1.5861276996,1.039068018,0.379844396,0.692672159,3.225669048,4.2467320291999995,2.3746261474,0.120357509,16.28724164,4.660844279,0.111619293,7.720372822
436,B,Company 437,Rating agency 4,9/14/2012,Basic Industries,1.612673576,0.303207043,0.136026772,13.91124347,-0.064253454,-0.065456735,0.099981314,-0.054068359,-0.0369815946,-0.12976533,0.0689292918,1.241587278,8.481777069,1.874980219,0.655640347,0.009185776,1.60464682,0.7455889552,1.5852683565999999,2.908757544,-0.065504014,-3.580491502,1.2932645274,-0.016463831,5.302447862
437,BBB,Company 510,Rating agency 4,9/14/2012,Technology,1.476782231,0.930893258,0.13782588,39.30123005,0.007759443,0.01121956,0.052996834,0.012310062,0.035709237,0.137360154,0.10366892,0.5918255594000001,5.6151086694,1.935321621,0.661927855,0.267854339,0.971440069,6.396354542199999,9.0919820452,2.918397338,0.011243494,5.011524033,11.59802337,0.019073218,8.177770392
439,BBB,Company 223,Rating agency 3,9/17/2012,Capital Goods,1.590869054,0.794112467,0.317625826,33.99682783,0.052512346,0.060836531,0.213950063,0.069444451,0.067664598,0.114913325,0.152483288,1.279953599,7.027073404,1.241912256,0.555067101,0.230945348,0.486904691,3.334117204,10.49872874,2.248533187,0.06001254,5.857611695,6.806491493,0.06716706,8.78605223
440,BBB,Company 218,Rating agency 4,9/18/2012,Consumer Non-Durables,2.22539364,1.61215269,0.7884386,21.06842549,0.076443483,0.121005658,0.277820797,0.136470825,0.084306973,0.1465161,0.122710261,1.085136859,3.765933901,0.459621863,0.31869889,0.367563796,0.53931307,1.129102225,3.9260901992,1.454422357,0.121851308,6.622422,2.134050814,0.146056361,7.4066587314
441,BBB,Company 64,Rating agency 4,9/18/2012,Consumer Non-Durables,2.522772002,1.53115005,0.65498638,45.81041608,0.066128265,0.092915447,0.189083806,0.101632136,0.076750701,0.12890213,0.175533592,1.167887275,2.962177136,1.30262854,0.563325762,0.27770376,0.57753227,5.495532134,8.275189855,2.303546665,0.092723123,7.106720418,9.572291693,0.113043419,8.97138946
442,BBB,Company 138,Rating agency 4,9/19/2012,Public Utilities,0.869152877,0.406803241,0.11067417,43.22318074,0.089889346,0.098335199,1.003426765,0.043718524,0.023380703,0.029267474,0.082978096,0.264366543,0.386412741,2.569113471,0.71136782,0.062672058,-0.469139658,-3.877183302,2.370486377,3.570531353,0.096846297,15.94415219,8.331384722,0.20816261,0.0
443,B,Company 313,Rating agency 4,9/24/2012,Consumer Non-Durables,3.389572106,1.658999417,0.538607889,78.61127196,0.049097276,0.05724421,0.383342092,0.068638429,0.030826233,0.040801416,0.124929161,0.624681021,11.03141296,3.070650606,0.751821261,0.141428008,0.831119824,1.560793002,3.523073599,4.082500972,0.057936366,15.06543462,1.858583293,0.055867226,6.322389256
444,BB,Company 139,Rating agency 2,9/24/2012,Miscellaneous,1.441020541,1.131928212,0.209731685,66.59833073,-0.063814774,-0.063898823,0.327940927,-0.036167372,0.0466639628,-0.124539655,0.1426151524,1.406040518,6.353055137,1.5678838956,0.991162343,-0.020929489,0.702910979,2.71357748,2.363857709,2.5321633278,-0.064573222,9.478916476399998,3.86454638,0.067709743,5.72813474
446,BBB,Company 282,Rating agency 3,9/25/2012,Consumer Non-Durables,0.96273,0.477071512,0.123219533,29.65259352,0.094540092,0.132780228,0.363862334,0.15507548,0.073638502,0.12714623,0.241846236,0.793991302,4.578271527,2.283079359,0.691925309,0.320264814,0.721954679,2.66255356,1.4926599864,3.277601434,0.132632718,9.988517664,3.704273977,0.144247855,9.194134294
447,BB,Company 353,Rating agency 2,10/3/2012,Consumer Services,1.28364917,0.512817917,0.357197326,28.88870621,0.077319655,0.105693723,0.923654783,0.340644698,0.011828549,0.017079994,0.064503365,0.151115154,0.351761076,4.450189094,0.819370106,0.3905572374,0.424633185,1.148015923,1.525684739,5.440712401,0.105556953,20.22484536,2.692302071,0.318734665,1.643768035
449,A,Company 122,Rating agency 2,10/12/2012,Energy,2.265081215,1.233632183,0.439577144,47.36962347,0.094843432,0.131571327,0.262360025,0.130064748,0.130112346,0.242068533,0.249212912,1.392238569,6.424114232,0.905183867,0.475812668,0.236961522,0.553859522,4.476751164,5.517522168,2.1684595428,0.132303527,8.205636503,8.09425459,0.087770478,9.501497087
450,BB,Company 500,Rating agency 3,10/12/2012,Technology,1.627811773,1.178253182,0.38971588,42.20248666,0.029972964600000002,0.038533722799999996,0.227496915,0.0537931206,0.0471731124,0.0765910846,0.15506573980000002,1.364596915,8.217353162,1.9552481590000004,0.859628391,0.027906606,1.405010511,-0.633038094,1.9597169834,2.93914308,0.0387993664,9.9026419766,-0.454353127,-0.061764514,15.11481342
451,A,Company 42,Rating agency 4,10/17/2012,Health Care,0.780448244,0.517498867,0.307520925,8.905120758,0.049643032,0.07758454,0.9694636,0.083178018,0.06807905,0.161576337,0.176642593,1.370665703,7.213832419400001,1.600124326,0.618403166,0.360284047,0.845854424,5.961783547,11.03941205,2.573932648,0.078698725,6.184152214,6.970786411,0.064713581,0.359778885
452,B,Company 201,Rating agency 3,10/17/2012,Energy,0.874643586,0.400108898,0.044247534,40.78361946,0.082867254,0.13721154,0.992457931,0.194744771,0.030693129,0.05727185,0.132283228,0.373147559,0.428589234,3.340878551,0.774864205,0.396645722,0.994318677,5.04307001,0.163111837,3.1125476720000003,0.136278703,4.537259777,5.102982542,0.441553254,0.0
454,BB,Company 372,Rating agency 3,10/17/2012,Consumer Services,2.580675578,1.540366134,0.5527861262,0.0,0.049048473,0.076693997,0.316736463,0.077132559,0.091780523,0.173867044,0.131335853,1.833061329,13.21480629,0.448648226,0.310860338,0.358092174,0.699844597,2.224472866,5.572354893,1.445158564,0.076712264,7.447414944,3.220199163,0.088580868,16.06907858
455,BBB,Company 36,Rating agency 4,10/17/2012,Transportation,1.062591749,0.895187664,0.29807323,30.12262554,0.156891893,0.252006738,0.819363134,0.295627539,0.060625091,0.106169901,0.206038429,0.382539085,0.451632586,2.400199639,0.707972473,0.373387271,0.205661274,0.582770605,1.319588327,3.410748488,0.251256002,7.074736422,2.81053962,0.248664897,2.115731695
456,B,Company 114,Rating agency 4,10/18/2012,Basic Industries,1.9719698255999998,1.99733483,0.2222911896,4.823217174,0.166492225,0.054071348,0.996648568,0.053835674,0.064895474,0.023174422,0.199022463,0.396165347,12.97435876,2.023813258,0.668725081,0.1242632276,0.99591447,-2.279120333,6.6089512032,3.052310051,0.054093153,7.029408875,-2.281087738,-0.103511406,12.58454346
458,BBB,Company 435,Rating agency 2,10/19/2012,Basic Industries,2.366633673,1.38978648,0.414855834,71.63256996,0.057051071,0.086929132,0.406347918,0.086329985,0.060594421,0.116507232,0.18248852,1.059898394,8.942615586,2.000218951,0.667798733,0.28549305,0.759903294,1.727359733,4.4925597466,3.035657491,0.087314058,10.69739746,2.311718465,0.077306568,5.68550859
459,A,Company 212,Rating agency 4,10/22/2012,Basic Industries,2.788047047,1.422132574,0.515598786,32.25869797,0.025888906,0.043714988,0.077683687,0.043590276,0.035653593,0.069861664,0.06613859,1.36874116,4.516006235,0.84709833,0.463138655,0.30764059,0.2091249,0.788629788,3.4504673458,1.863238709,0.043722801,11.90687568,3.756077483,0.06131488,16.96221993
460,BBB,Company 26,Rating agency 4,10/24/2012,Energy,0.741800073,0.611474593,0.134800397,54.21289435,0.096719438,0.093747093,0.681773173,0.176199308,0.045157701,0.050682802,0.086218894,0.456745706,0.570833993,0.933060178,0.486188919,0.28155926880000004,-0.230681351,-1.310176516,2.6396470276,1.925211049,0.093908274,3.348199707,5.738805298,0.249544275,2.281107214
461,A,Company 288,Rating agency 4,10/26/2012,Basic Industries,1.7546574806000002,1.7700933847999998,0.4330596248,59.52774382,0.216031432,0.062777727,0.420091376,0.165930399,0.058906584,0.018239503,0.080970993,0.272726191,0.748908246,0.369598542,0.266695284,0.276633754,0.994951501,2.150124707,3.1250805078,1.368989803,0.061932404,7.045003338,2.159203228,0.402187025,5.941404754
462,BBB,Company 259,Rating agency 3,10/26/2012,Capital Goods,1.774216652,0.061064053,0.060706069,0.0,-0.003674726,-0.007776459,0.154222931,-0.007743629,-0.002494261,-0.006059674,0.05192568239999999,0.68038376,1.775445635,1.136409096,0.535425596,0.698575418,-0.006113517,-0.016702168,4.577016768399999,2.120580281,-0.00770544,22.48820849,2.771862235,0.064205691,4.895857271
463,B,Company 296,Rating agency 3,10/31/2012,Transportation,2.483393251,2.692602739,0.6695075077999999,25.849245349199997,0.0598887114,0.280460754,0.377722433,0.067458886,0.059663581,0.101893718,0.144429318,0.212301748,0.354834753,1.331528147,0.553444415,0.001760841,0.751045904,1.5991388633999999,3.8686888148,2.427871124,0.062229020999999995,3.75815803,2.3962340342,0.370368275,6.067133331
464,A,Company 177,Rating agency 4,11/1/2012,Capital Goods,1.368439745,1.063879514,0.285349508,48.22345012,-0.010561639,0.017011095,0.484742909,0.026482972,-0.00976079,0.023933366,0.0986172552,0.911080583,9.293212522,2.012840722,0.668797084,0.23381544660000003,0.835908047,6.347549788,4.7146285478,3.036362403,0.017326308,19.21059772,7.634172626,0.08583162,6.624394289
465,BB,Company 142,Rating agency 2,11/1/2012,Basic Industries,1.914169771,1.337165706,0.684948263,0.0,0.068690436,0.081394214,1.007999913,0.153567298,0.025321908,0.031909981,0.109147785,0.366400683,0.639886344,3.326832295,0.770568435,0.192269997,0.626635551,1.648246012,3.711170188,4.291466159,0.080996391,9.556791662,2.601990382,0.209079149,0.0
467,BB,Company 507,Rating agency 4,11/2/2012,Health Care,1.155880184,0.829366785,0.710057009,0.0,0.000213593,-0.001354224,0.982283042,-0.003105206,0.000678497,-0.007480085,0.001936299,0.3057345522,6.7017993017999995,1.891191678,0.651906573,0.028333107,0.704352894,3.851479958,2.4703191054,2.875361779,-0.001345072,6.593344486,5.391133386,0.032147309,0.459541177
468,A,Company 276,Rating agency 4,11/5/2012,Technology,0.8294082551999999,0.6832037468,0.40829575260000006,0.0,0.0167554578,0.0035524032000000005,0.717802301,0.06465037700000001,0.035384964799999995,0.03644439619999999,0.39791808,0.488811215,5.711059787,0.709158766,0.402491542,0.0,1.004858235,0.7667472736,2.1972822344000003,1.769474881,0.0033724687999999994,1.600679485,2.3918470306,0.05850192519999999,1.677294822
469,BB,Company 233,Rating agency 4,11/6/2012,Basic Industries,1.334300346,0.400729195,0.190342815,22.05275385,-0.040171199,-0.061884191,0.008006812,-0.031682946,-0.029239271,-0.025867,0.16470450620000002,0.73282282,1.57267957,1.349922583,0.552894474,0.365877575,0.115914256,1.202401038,3.9957413596,2.429014323,-0.027622007,19.50249762,10.23970806,0.063367108,7.314531078
471,A,Company 208,Rating agency 4,11/8/2012,Transportation,0.853006258,0.681188895,0.307321881,30.27403774,0.179938237,0.1753297202,0.500943203,0.3050492884,0.100508213,0.162503483,0.24173707,0.375648236,0.403418236,1.427350496,0.587069447,0.268438091,0.531657655,1.855924263,0.7573353,2.430365986,0.22781022560000003,9.312173254,3.451628609,0.311156119,3.028577102
472,BB,Company 385,Rating agency 3,11/8/2012,Basic Industries,2.0704946065999996,1.3980577466,0.25159502999999994,21.45420084,0.250819514,0.09058796020000001,0.415649792,0.345139157,0.04600435,0.071727478,0.075026216,0.184992314,0.253120175,0.594587179,0.375368319,0.287059687,-0.533883288,-0.38876837,4.292556809800001,1.609132965,0.0904596068,12.2852174,0.731501363,0.427795706,3.803633286
473,BB,Company 230,Rating agency 3,11/9/2012,Consumer Services,2.204301679,1.914755612,0.51062678,99.21337813,-0.023545092,0.001990391,0.375049125,0.037334179,-0.016160115,0.001585074,0.107317945,0.693547607,9.9087652642,1.138554445,0.528221659,0.25001258719999997,0.76570048,2.306899754,3.028034853,2.123671853,0.001990227,10.76770924,3.010759436,0.076501439,9.987715134
475,BB,Company 465,Rating agency 4,11/9/2012,Consumer Durables,0.997538925,0.761167744,0.20651179,16.89773073,0.113568981,0.165119502,0.655687642,0.199758729,0.120077676,0.210691925,0.392753495,1.069965093,14.52808786,2.279935218,0.696788472,0.317142373,0.857936028,4.118876948,1.910680106,3.287456524,0.164769807,6.46841498,4.846687752,0.159892016,7.995596196
476,A,Company 70,Rating agency 3,11/14/2012,Technology,1.446431776,0.854758388,0.105746292,78.15445448,0.075293544,0.07641934,0.298267658,0.076604389,0.033762449,0.041320999,0.080529604,0.453279706,4.18537327,1.373202548,0.576622,0.024770546,0.641807385,3.052469316,5.4021678134,2.394929669,0.075978511,15.96524563,4.7956667,0.102287919,6.097116585
477,BBB,Company 151,Rating agency 4,11/15/2012,Basic Industries,2.563403759,1.261386169,0.23696932,48.1256998,0.075010688,0.109771964,0.249154249,0.115928745,0.077452511,0.133698588,0.150537436,1.047884815,5.706919892,0.924848283,0.482313513,0.330474699,0.718041266,5.510015692,7.6017582334,1.922195361,0.109336225,8.725662472,7.838923407,0.132608979,10.55612811
479,CCC,Company 480,Rating agency 4,11/19/2012,Finance,0.597497765,0.608419934,0.323059052,0.301034436,0.049618643999999996,-0.127631109,0.9797142,0.05321920720000001,0.057103102,-0.016664075,0.385785644,0.110973471,4.0879406860000005,2.3962453590000004,0.861114874,0.16605246140000002,1.007860588,-5.310618646,9.375557802,3.2088315788000004,-0.127955402,1.153755812,2.8966694367999994,-0.016909400199999997,0.848392309
480,AA,Company 162,Rating agency 4,11/26/2012,Energy,1.643481495,1.228811148,0.61576696,31.89169059,0.108831343,0.193188467,0.907719453,0.193149183,0.113391914,0.23412684,0.19193039,1.04153713,1.724872106,0.705983282,0.415280976,0.429322942,0.203794846,4.019320676,6.4619593932,1.700001479,0.192321098,3.648082979,6.3398154108,0.159470897,0.994080666
481,BB,Company 487,Rating agency 3,11/27/2012,Basic Industries,1.919761499,1.370568097,0.405541239,90.59762529,0.059585245,0.058127682,0.295539215,0.091562463,0.034094523,0.039105974,0.090611917,0.577168968,1.435019345,1.687192452,0.62554498,-0.015321457,0.379104324,2.280053056,4.510924695,2.67692469,0.058793697,11.62814748,6.037100198,0.147137354,5.980294658
482,BBB,Company 21,Rating agency 4,11/27/2012,Health Care,1.451991401,0.570073627,0.100100864,19.29570032,0.031321219,0.051295367,0.181424452,0.059084109,0.058376424,0.12045067,0.103458827,1.866234024,14.13238784,0.750544589,0.42606633,0.386228352,0.700816787,3.617085925,1.086648456,1.755629207,0.051242866,8.10718172,5.259702254,0.053890015,19.97884389
483,BBB,Company 141,Rating agency 4,11/27/2012,Energy,1.215251222,0.862605886,0.279649547,23.79686645,0.033755788,0.008035387,0.213960311,0.034176497,0.055132978,0.016303734,0.108884723,1.641840361,2.179411808,0.95097278,0.490178469,0.23468183380000002,-0.200761747,-3.168890073,2.7168956418,1.977638993,0.008098503,4.690612151,4.886861977200001,0.105719339,8.007279727
485,BBB,Company 157,Rating agency 4,11/27/2012,Miscellaneous,2.285622367,2.302082107,0.4088391904,0.0,0.179443419,0.205338332,0.433755972,0.235169458,0.108690476,0.133744383,0.16757728519999998,0.60064774,4.3138765398,1.5212423534000001,0.902824834,0.122066945,0.799418844,1.568689282,2.9549445712,2.5636046975999998,0.206487412,4.324758891,1.948719424,0.211110385,5.716502691
486,BBB,Company 56,Rating agency 3,11/27/2012,Miscellaneous,1.114170812,0.707332565,0.318500078,53.75504809,0.091619146,0.093564449,0.975435989,0.090093885,0.057023859,0.090868463,0.14701632280000002,0.629318087,12.80298155,1.2630475034,0.976470853,0.330188063,0.731568379,2.423493615,2.0139631138,2.295109103,0.092637108,7.919697107,3.266196484,0.133589348,0.063563635
487,A,Company 149,Rating agency 4,11/28/2012,Energy,0.898080339,0.034702188,0.028944126,0.0,0.113790272,0.111327561,1.003363702,0.113796786,0.031510746,0.034208311,0.061477869,0.278498794,0.316647556,0.934459893,0.479476917,0.0853007858,1.006980887,2.4446593262,3.744119794400001,1.920421559,0.109775696,5.01089912,2.2785473192,0.2778642388,0.0
488,A,Company 6,Rating agency 4,11/28/2012,Public Utilities,0.717993706,0.699453384,0.153390505,36.47446571,0.056805722,0.081903423,0.561295726,0.102875866,0.026410774,0.043526719,0.078204175,0.467966492,1.159851408,1.953828794,0.654596978,0.279499368,0.50775767,3.405280775,1.618298192,2.959389919,0.082536032,8.437255116,6.813562078,0.305467195,2.654204573
489,A,Company 470,Rating agency 4,11/28/2012,Consumer Services,1.10655959,0.397772785,0.285869439,0.244735605,0.017245573,0.027676431,0.12428791,0.027570828,0.063101076,0.18478895,0.138886111,1.0934577568,7.671827069,1.191358786,0.547812327,0.361643466,0.520272466,3.642791336,11.14799795,2.179796633,0.027662738,11.07124461,7.111277043,0.031087284,11.9270679
490,BBB,Company 188,Rating agency 4,11/28/2012,Technology,1.081033143,0.617702025,0.243399473,49.27145161,-0.105307757,-0.026488269,0.503253209,-0.092541405,0.0201061242,-0.051247429,0.1733836048,1.112557035,10.09264987,3.864710292,0.787858599,0.3104144598,0.643841546,3.490178315,6.148231079,4.828394023,-0.026543704,7.472835952,5.327264584,0.087544407,4.434099616
491,BBB,Company 174,Rating agency 2,11/29/2012,Consumer Services,1.666725328,0.918018422,0.03089003,54.09661512,0.09905712,0.097552038,0.997634713,0.171671711,0.057167596,0.06243174,0.122335913,0.573893734,0.908148689,1.162269876,0.537370116,0.610036139,0.041747907,0.246859479,5.177154089,2.3997529458000004,0.097739107,9.356561426,5.906128306,0.155267612,8.948620376
492,B,Company 593,Rating agency 2,11/30/2012,Finance,0.892135657,0.839853597,0.235464205,10.592041645200002,-0.007509577,0.000219229,0.385690113,0.186796192,-0.002065818,0.091354482,0.14700992699999998,0.278729101,1.526938051,2.18005044,0.548980712,0.14303192779999999,0.921713292,1.464865569,1.056304403,4.045968489,0.265267943,9.300653442,1.58282208,0.283433407,2.297252139
493,B,Company 202,Rating agency 2,11/30/2012,Consumer Services,0.984638792,1.097791562,0.18228395,30.593236855999997,0.242038069,0.12819367499999998,0.548656165,0.16916888619999998,0.133421279,0.0844020856,0.402954976,0.543457685,0.873900715,1.865827702,0.612155151,0.351835383,0.995921327,6.013893206,1.6777310142000001,3.050662342,0.1282857268,3.566409699,6.060526252,0.23237363120000004,1.175930863
494,A,Company 295,Rating agency 4,12/4/2012,Consumer Services,1.675977476,1.068529417,0.461022707,39.25951936,0.06564751,0.094918868,0.444378048,0.095867562,0.102165723,0.206458201,0.350764551,1.525263443,9.92502703,2.471893064,0.709903267,0.304567164,0.818497716,7.213304093,8.3419202218,3.1351349300000004,0.09550682,15.87705627,8.771886311,0.0939282,5.780105909
495,BBB,Company 464,Rating agency 4,12/5/2012,Health Care,1.847441096,1.568539293,0.203910175,6.889102242,0.031342844,0.049065653,0.996368688,0.051743988,0.061356185,0.141543571,0.13902592,1.966336628,4.9658826536,1.266014015,0.552012552,0.35938144,0.7860617,9.386183631,5.4584938125999996,2.250882285,0.048866884,5.706899307,11.97439589,0.048733195,0.0
496,BBB,Company 150,Rating agency 4,12/6/2012,Basic Industries,1.185752339,0.437662281,0.140291588,20.25603473,0.077046215,-0.086065269,0.198249837,-0.052130349,-0.066005437,-0.041128918,0.150557301,0.432267095,0.521580288,1.912037201,0.664287822,0.14018776919999998,0.35403793880000006,-4.334850493,1.927680535,2.930104232,-0.086148113,7.437220438599999,3.597929165,0.087121656,8.46091106
498,CCC,Company 407,Rating agency 4,12/7/2012,Technology,2.2978509558000004,1.7923903646,1.301400922,42.49777428,0.14475785000000002,-0.030909794,0.932150313,0.229194972,0.063042741,-0.008151065,0.069811805,0.250569758,4.3132863524000005,0.103626228,0.799100886,0.180567308,0.961361399,0.790279734,4.320448366,1.10308238,-0.030720898,6.131392181200001,0.822543997,0.349077166,1.132586048
499,BB,Company 397,Rating agency 4,12/10/2012,Consumer Services,1.6219641,1.097697431,0.747955931,80.24738177,0.101881096,0.164810176,0.623001033,0.26634932,0.052214564,0.124767467,0.1157761964,0.521417387,19.07824271,2.0987355918,0.665078585,0.384925933,0.971090358,7.825011528,8.7156731934,3.0327079586000005,0.162994934,6.672443649,8.072487091,0.417910101,8.666113348
501,BBB,Company 33,Rating agency 4,12/10/2012,Finance,0.8267872,0.71296748,0.225648023,58.6189968,0.118496739,0.210063884,0.616297587,0.241731666,0.051503443,0.104671814,0.120091283,0.433703641,6.874046496,1.32028623,0.575369045,0.414637826,0.816014802,2.757505394,2.9613112222,2.34754559,0.206515882,13.78861885,3.347883295,0.208321027,7.383603902200001
502,BBB,Company 96,Rating agency 3,12/10/2012,Technology,1.46590075,0.601884878,0.315913494,24.05237078,0.022808339,0.01790265,0.076911406,0.036536975,0.050345798,0.077530818,0.189073103,0.7635389558000001,9.599112437,2.71275702,0.725203154,0.364658463,0.217408472,0.663873263,3.3841700622000004,3.718801861,0.01809479,4.4253081,3.101476447,0.037052945,5.299456207
503,A,Company 220,Rating agency 3,12/12/2012,Consumer Services,1.070638923,0.771946115,0.262669753,56.73064443,0.135539811,0.207422183,0.445525332,0.20836842,0.076259696,0.146646603,0.141586522,0.561129117,1.9819492,0.823927731,0.437157899,0.351199593,0.521396745,2.31160014,1.88097129,1.866315818,0.218148639,8.977412803,4.408798821,0.189839256,3.649087007
504,BBB,Company 495,Rating agency 4,12/13/2012,Basic Industries,3.388360266,1.800065942,0.410251556,49.03458746,0.107274181,0.15405054,0.283940208,0.164991534,0.058836915000000004,0.0834063956,0.17011154180000002,1.750375381,6.230575627,2.116603744,0.680078337,0.300953046,0.861506687,4.2030171398,4.0894463297999994,3.095848693,0.152045581,9.180249944,5.950757575799999,0.121882081,13.41434194
506,BBB,Company 18,Rating agency 4,12/14/2012,Capital Goods,1.140949032,0.156615174,0.155945225,0.0,0.057631273,0.086444978,0.089385444,0.094224349,0.070911614,0.15245917,0.15266803880000002,1.228443763,10.1015968,2.3126962836,0.989853194,0.323988734,0.397559999,1.916036884,3.1743479407999997,3.3256168466,0.085792254,6.080240847,4.866449442,0.032978175,7.420548332999999
508,BBB,Company 281,Rating agency 4,1/8/2013,Public Utilities,0.647146145,0.252831543,0.050187835,24.84432933,0.062826288,0.085064202,0.384150844,0.131069252,0.028797649,0.046860947,0.092597379,0.456901843,0.622110425,2.184188399,0.680057815,0.337348409,-0.249564462,-1.620730206,4.2979006402,3.159299637,0.084470062,7.342975916,6.559772474,0.170887596,9.787710958
510,BB,Company 333,Rating agency 3,1/14/2013,Capital Goods,1.506169836,1.069676369,0.435750212,51.05191904,0.087288408,0.044777561,0.084204569,0.044712367,0.156577041,0.129694661,0.368161276,1.760389988,10.28311868,1.356803184,0.571683428,0.30340323339999997,0.371086387,2.784377826,11.4188366486,2.343119007,0.044324351,5.669054866,7.410316004,0.049863034,5.961956671
511,BB,Company 269,Rating agency 3,1/16/2013,Capital Goods,2.282737016,1.411059417,0.404984208,41.00129238,0.016081576,0.027781554,0.18969665,0.050561032,0.014326016,0.029202766,0.026733771,0.888445756,5.249756286,0.849989223,0.46349005,0.429183134,0.77349008,1.262658958,2.2573511018000003,1.83707178,0.028311466,11.8268667874,1.638589962,0.063567792,9.184293124
512,BB,Company 200,Rating agency 4,1/17/2013,Basic Industries,2.663497308,0.184896339,0.072409589,0.0,0.033999566,0.05897792,0.140779796,0.078016012,0.039495884,0.076174877,0.117521344,1.151841562,2.147294111,2.032212713,0.673920018,0.424507355,-0.025598766,-0.21812419,1.386592817,3.011000806,0.059021411,6.996731752,8.539564436,0.106390663,9.773476418
514,BBB,Company 193,Rating agency 3,1/17/2013,Miscellaneous,1.4737077,1.153057218,0.413386768,57.65485525,0.079975267,0.143787369,0.319435197,0.184592566,0.034139846,0.067313418,0.06956019,0.430771903,13.72811776,1.040407108,0.50990935,0.324499308,0.883683274,3.172010665,5.488406103200001,2.020672728,0.142170639,8.446901482,3.584674524,0.179249234,6.338407229
515,B,Company 51,Rating agency 4,1/22/2013,Energy,2.481182813,0.292174225,0.158838447,47.724000448000005,0.1122241092,0.1562859944,1.003242725,0.1549302374,0.046871126,0.049833616,0.10188189,0.001810833,0.002506336,1.182166585,0.542705347,0.631318713,1.009705956,3.689393368,0.255548426,2.6004936612000003,0.15686384319999996,9.76824809,3.686561078,0.28002608279999996,0.0
516,A,Company 334,Rating agency 2,1/23/2013,Health Care,1.261701976,0.659156734,0.222911109,99.76286257,0.095947635,0.089861715,0.524446628,0.109321764,0.038799938,0.058906086,0.086093055,0.400243816,3.223625775,1.225070385,0.548580794,-0.07574606,0.760591463,3.685993569,3.055992263,2.237980133,0.108146434,12.09504516,4.807898413,0.224917678,2.84357432
517,B,Company 457,Rating agency 3,1/28/2013,Energy,0.527837219,0.461823357,0.126019627,52.27705503,0.105852258,0.162196513,1.007556314,0.294269982,0.02618391,0.045496982,0.073577791,0.252284472,0.275900346,1.82566401,0.644552671,0.345389831,0.95248217,2.803894766,6.4627760912,2.785010114,0.160816688,8.529790556,2.952603676,0.18117779760000002,0.0
518,BB,Company 403,Rating agency 3,1/29/2013,Consumer Services,1.340196074,0.448326618,0.172015555,0.0,0.004772743,0.00851776,0.269808298,0.013794896,0.004286086,0.013364094,0.022919573,0.904353184,9.318743346800002,4.299953665,0.814141616,0.440997693,0.47310137040000005,-0.337399053,13.54492495,4.7661489752,0.008450886,0.70307673,0.40896925,0.00636791,7.036897098600001
519,CCC,Company 278,Rating agency 3,1/29/2013,Capital Goods,0.9359425299999999,0.8566937386,0.19293100759999998,31.939623453999996,0.10664919099999999,0.14482209699999998,0.9992932637999999,0.14051368660000002,0.011999174400000001,-0.090529595,0.13427289080000002,0.019600848,2.060019411,3.2973071372,0.868848167,0.228716028,0.926423757,-2.067225526,6.628985864800001,3.6148910489999997,0.1452190018,5.7024183306000005,-1.126832565,0.063251109,-0.958298074
521,B,Company 15,Rating agency 3,1/30/2013,Consumer Non-Durables,3.264674573,2.488228129,0.22176624779999998,3.756377496,0.028178633,0.049966035,0.242142181,0.142372611,0.027970529,0.059871711,0.1240930392,1.000726154,19.01989845,0.9988265222000001,1.070150284,0.430075436,0.86435109,0.861358941,2.142338083,2.6923742834,0.049972345,7.209987721,0.992079896,0.077104047,4.002870197599999
522,B,Company 381,Rating agency 3,1/31/2013,Capital Goods,3.152977524,2.121623594,0.756973267,48.71825257,0.057990156,0.058422311,0.136982631,0.051679845,0.113749905,0.143276791,0.10691102859999999,1.936594303,10.22210214,1.926593366,0.842851314,0.2103072406,0.277722983,0.239920645,2.739886034,2.9223835570000003,0.058114061,6.874475858,0.858903561,0.027887455,12.75569333
524,BB,Company 497,Rating agency 3,1/31/2013,Technology,1.899919276,2.481121931,0.428053383,82.32296243,-0.066295569,-0.051185481,0.934379009,0.040553395,-0.028699403,-0.024662805,0.009030794200000001,0.429558342,2.475101793,4.968693785,0.834717594,0.17358028139999998,0.712473648,1.242437201,5.8982325662,3.6165900006,-0.051184561,10.1497673,1.739456192,0.167539012,0.810090873
525,B,Company 271,Rating agency 4,2/5/2013,Energy,1.289459095,0.908780479,0.036236879,24.20926801,0.023874544,0.021572083,1.005876435,0.027784339,0.046041097,0.048379607,0.105173077,1.913759129,7.131808349,1.299558557,0.567559261,-0.105057917,0.225669792,0.548636805,0.15396324,2.295125407,0.021286708,8.604387808,2.408111889,0.04611202,13.77517356
527,BBB,Company 82,Rating agency 4,2/8/2013,Public Utilities,1.052324853,0.549478127,0.023551918,55.51056845,0.070039092,0.108121176,0.992002425,0.14514272,0.023111501,0.040899898,0.082560186,0.335323116,0.594711857,2.548996482,0.721806561,0.29696971,0.995222838,1.9620539904,6.0611497844,3.548906943,0.109805692,3.034450131,4.738971725,0.248998838,3.907943523
528,BBB,Company 102,Rating agency 2,2/8/2013,Consumer Non-Durables,0.745081384,0.386353606,0.061696602,37.37971335,0.06726045,0.07315742,0.382823692,0.109398286,0.063611841,0.096799507,0.397657134,0.9438184,3.790714346,2.5639059166000004,0.833185637,0.349022394,0.696580223,3.452753253,4.520718674199999,3.1782260588,0.073075202,13.56438437,4.95058544,0.124106172,6.28926526
529,A,Company 5,Rating agency 3,2/12/2013,Consumer Non-Durables,0.965465621,0.40979528,0.176121299,16.84944184,0.113655177,0.168456916,0.269288779,0.179717325,0.031292727,0.0893812838,0.1299838814,2.051739331,11.53483744,3.0859729602000003,0.8147356402000001,0.292366166,0.887242455,4.976497669,3.667159078,4.091213779199999,0.168339289,11.183238,5.52499243,0.121222791,9.360137563
530,B,Company 504,Rating agency 4,2/12/2013,Health Care,1.158650079,1.036045656,0.103457464,44.59948115,0.05067026,0.082660704,0.171059607,0.113897556,0.05374094,0.103263897,0.204748694,1.061720177,5.833020214,2.84879899,0.741886638,0.370675109,0.7702365,1.676187102,0.290204699,3.820250759,0.083299362,6.704753835,2.162552302,0.101075185,5.0206814546
532,BB,Company 431,Rating agency 3,2/12/2013,Technology,1.370165528,0.658320267,0.243519205,32.00289853,0.016767275,0.019270045,0.051593863,0.016505742,0.043996805,0.118186082,0.212376861,1.0802655851999998,14.11745205,3.823956635,0.785958238,0.095444039,0.458261041,0.51578719,2.140885698,4.861181496,0.019350781,5.459164667,1.112990505,0.027597767,6.414719148
533,BBB,Company 203,Rating agency 4,2/12/2013,Public Utilities,0.486055724,0.367224394,0.101994059,4.430155572,0.134719232,0.102745593,0.999183113,0.276588073,0.036725986,0.032514298,0.112900598,0.276526254,0.34158364,2.039018722,0.670505806,0.404875965,-0.568746268,-4.553281615,3.8220971396000003,3.02878067,0.104354518,8.016005005,8.024318982,0.407573203,0.0
534,A,Company 187,Rating agency 4,2/13/2013,Consumer Services,1.207788907,1.081599683,0.65438974,32.27966052,0.099693118,0.185378679,1.003076298,0.195537404,0.037873798,0.078269962,0.126730312,0.378004933,2.29154556,2.353692173,0.702316171,0.325092911,0.556333944,3.078136216,2.4535868,3.312468006,0.186729027,4.899151861,5.554379024,0.2370177,0.0
535,A,Company 25,Rating agency 4,2/14/2013,Energy,1.411003886,1.021611449,0.329461331,74.62509751,0.081274315,0.128690367,0.398707183,0.127923906,0.082829616,0.186403669,0.192097254,1.026475721,6.925647882,1.310431897,0.570966652,0.350275656,0.776935882,3.258507712,6.717567821200001,2.328832442,0.126996241,9.658390701,4.163292484,0.126074688,5.331954007
536,BBB,Company 254,Rating agency 4,2/14/2013,Finance,1.065353455,0.463046099,0.20839984,77.65046359,0.09756506,0.251762256,0.665814219,0.271531915,0.062413795,0.0209196632,0.21790193019999998,0.625299744,12.15131608,2.2965436418,0.890673337,0.360387383,0.869959115,2.33470866,4.063507497,3.3153946517999997,0.254969794,12.11019622,2.659859984,0.16782728,5.883329579
538,B,Company 563,Rating agency 4,2/15/2013,Technology,1.044009473,0.798845436,0.389947183,72.16533426,0.047585355,0.059174095,0.656237164,0.109884312,0.024476638,0.041051221,0.263792379,0.51904138,6.5397331892,2.1978938626,0.90313468,0.120737789,0.878995994,2.423555186,5.262059879,3.2225082614000002,0.059010648,10.88431075,2.773499484,0.135480819,5.396924623
540,BB,Company 392,Rating agency 3,2/19/2013,Technology,1.767645906,1.555658849,1.17200593,84.84330492,0.125184824,0.039697254,0.630381108,0.076049362,0.035483554,0.013635595,0.076283538,0.283312109,14.16389962,1.133195941,0.527606883,0.2398919008,0.858735773,1.340005574,3.69116618,2.142077343,0.039251971,11.079846266,1.534322716,0.289263563,5.339224503
541,B,Company 446,Rating agency 3,2/20/2013,Consumer Services,1.5601815030000001,0.7300773482,0.1496189764,27.68416133,-0.013517286,-0.011042931,0.550106513,0.098270151,-0.007040017,-0.006335033,0.15919834119999998,0.518694938,1.019449479,2.819410236,0.739684814,0.3440242368,0.445188453,0.782780108,5.481851609,3.758400947,-0.010949268,9.901416607,1.772207012,0.254530001,9.727238834
542,BBB,Company 255,Rating agency 3,2/21/2013,Consumer Services,0.437744127,0.432847075,0.436011514,0.0,0.011650643,0.008315523,0.793964119,0.073118357,0.004724291,0.003621729,0.008901924,0.406168815,0.457476646,0.903844889,0.478292946,0.703124566,0.527853831,0.581177622,0.582662185,1.916571338,0.008301115,11.11303763,1.08487383,0.14754629,5.641183178
543,BBB,Company 126,Rating agency 4,2/21/2013,Basic Industries,2.271843989,1.028714981,0.380022245,64.04787635,0.059766284,0.092702669,0.191091435,0.104346726,0.045712128,0.09057912,0.110355999,0.765614151,2.181423834,1.373471108,0.579102492,0.35435766,-0.072022961,-0.244232785,4.890488992999999,2.38430315,0.092402844,8.147290488,3.420590294,0.078548923,6.905552763
544,A,Company 67,Rating agency 3,2/22/2013,Public Utilities,0.675465035,0.533926225,0.021872451,48.5580245,0.092608291,0.109094095,0.635132065,0.164858684,0.028463282,0.038051752,0.105430144,0.309016898,0.437210831,2.739136721,0.734824733,0.15658352,0.127824887,0.865120935,1.9206841862000001,3.719416043,0.108122456,8.448164659,6.860929423,0.235547501,4.722857538
546,BB,Company 474,Rating agency 4,2/27/2013,Capital Goods,1.825404309,1.149070448,0.410930962,31.053783813999996,0.006601162,-0.039643467,0.349468901,0.037287217,0.000744736,-0.005560669,0.00240519,0.113771943,1.014247865,2.203652915,0.689342858,0.2767447854,0.747118203,0.963695089,11.06335447,3.194549365,-0.040231556,8.3511252176,1.307323373,0.08211773,0.653274955
547,BB,Company 460,Rating agency 3,2/27/2013,Capital Goods,3.020122979,1.655973154,0.760495803,46.88191134,0.009115487,0.011745778,0.223200843,0.038842204,0.00932891,0.014408357,0.025921734,1.028667029,5.213417812,1.751362217,0.643588832,0.222572706,0.237189356,0.382847551,1.9347231776,2.739334015,0.011790689,7.225143186,1.620859258,0.048037643,10.11644732
548,CCC,Company 472,Rating agency 4,2/27/2013,Finance,0.111027902,0.109775309,0.021886284,39.01263992,0.1585853472,0.1996312332,0.999931642,0.24515318279999998,0.0624037478,-0.098588981,0.17523526920000002,0.140940121,0.5117012876,1.3407410104,0.873673616,-0.016496117,1.00303187,-3.878421868,9.211273375800001,2.9461220804000003,0.21606929160000005,0.1053294234000001,-3.852710274,0.0734152264,0.0
549,CCC,Company 115,Rating agency 4,2/27/2013,Health Care,1.739895155,0.453885741,0.062712131,14.28549148,-0.014048142,-0.014960794,0.262023545,-0.01499933,-0.049573221,-0.08175616,0.143682173,0.5094901336,13.6367411,1.7120379844000002,0.6356585428,0.060962087,0.061893619,0.018415657,2.93635838,2.7179229854,-0.014951797,11.5864136668,0.302448846,0.010119364,13.60937022
550,BBB,Company 14,Rating agency 4,3/1/2013,Public Utilities,0.493802467,0.258463041,0.022800847,38.23727004,0.050060758,0.086281,0.9952087,0.140997624,0.015383993,0.030765539,0.058841596,0.304073108,0.46279144,2.840850997,0.744510612,0.413718059,-0.154959913,-0.864947417,1.4001250068,3.861123898,0.087280578,8.838854244,5.529982086,0.152052367,1.555983648
551,BBB,Company 225,Rating agency 2,3/1/2013,Basic Industries,3.05063332,2.510275521,1.117154941,18.72461914,0.169757287,0.219561718,0.355639435,0.321302688,0.085933634,0.122262706,0.172453889,0.512291527,0.85631397,1.02369207,0.501528661,0.383816166,0.994026213,4.014313587,7.822821345,2.015363116,0.21835041,4.69975001,3.978588869,0.209803313,4.9604886
552,A,Company 43,Rating agency 1,3/4/2013,Finance,1.660264311,-0.229588798,0.087556383,87.92779073,0.099366987,0.142702168,1.004078884,0.152948754,0.071919443,0.134371505,0.17641277,0.732270467,14.78237018,1.475838047,0.593046111,0.288581779,0.752030208,1.843227779,-6.793395992,2.482320004,0.142983905,9.926091643,2.440314047,0.111425165,0.0
554,B,Company 498,Rating agency 3,3/4/2013,Consumer Services,0.934192999,0.689736025,0.007811605,52.80908015,0.01934919,0.02043362,1.004295513,0.133658882,0.007976089,0.00921969,0.021496316,0.41383124,2.310243583,1.730597923,0.629073314,0.032547817,0.719458806,0.00090214,1.56e-05,2.705634977,0.020512425,3.8645443241999997,0.001265993,0.133956784,0.0
555,BB,Company 315,Rating agency 3,3/4/2013,Energy,0.714523071,0.674993552,0.000549181,42.07451152,0.008880736,0.017313362,1.008667722,0.008985317,0.001920601,0.003998601,0.005536155,0.217172568,0.7129440816,1.86363525,0.651722983,0.479574223,0.993828701,4.010663964,3.6450797647999997,2.864718995,0.017181126,9.584162533,4.062267453,0.442397124,0.0
556,A,Company 77,Rating agency 2,3/5/2013,Public Utilities,0.780049761,0.603482556,0.115770609,39.59565688,0.007514087,0.085280235,0.5995198,0.112821436,0.003859407,0.049859025,0.010149564,0.510462862,1.306917666,1.635907371,0.622772041,-0.067151332,0.362622356,3.966910106,5.990950944000001,2.645224996,0.085350737,5.883273099,11.12051904,0.269990043,2.850440718
557,BBB,Company 302,Rating agency 4,3/5/2013,Finance,1.119734737,0.7403377715999999,0.877596924,1.580543812,0.084394849,0.104883544,0.994720893,0.13515757,0.020058687,0.027203161,0.065456305,0.239945776,9.014432258,2.210818196,0.683672473,0.171381795,0.891234331,4.5350664624000006,4.7217062264,3.244725331,0.104837177,10.0261927,5.278952594000001,0.132079409,0.0
559,BBB,Company 147,Rating agency 4,3/5/2013,Health Care,1.087196703,0.544572281,0.14458522,25.3611921,0.011355821,0.015646363,0.053748502,0.01767137,0.042397431,0.168117052,0.204180067,0.4585588142,2.7028499314,3.807579255,0.801426677,0.269882154,0.917001676,3.2052017405999997,12.65182666,4.842402674,0.015532894,8.594692387,11.85055565,0.024034595,7.159445347
561,BBB,Company 101,Rating agency 4,3/6/2013,Consumer Non-Durables,1.104479251,2.485488033,0.171420952,24.30804383,0.075370847,0.104560624,0.669165411,0.117939577,0.105103058,0.243290074,0.400945881,1.412714924,8.658862226,2.808136481,0.742214957,0.291651886,0.754141966,4.009060288,5.0527429124,3.799199874,0.105157334,12.38588111,5.397807017,0.115656454,5.518778248
563,BB,Company 325,Rating agency 4,3/11/2013,Basic Industries,2.140283085,1.569185734,0.870171452,6.282925884,0.105105001,0.002716531,0.306704045,0.058949166,0.074854607,0.002351263,0.239008587,0.711081385,6.013411305,2.19724089,0.687975331,0.26270322,0.708859647,0.8395209405999999,3.4786338324,3.201303271,0.00273126,4.532807049,1.5358514952,0.075935313,6.962363135
564,B,Company 283,Rating agency 1,3/12/2013,Public Utilities,0.847188423,0.742234357,0.066226634,49.14932753,0.007528205,0.024503328,0.867021681,0.182551128,0.003925606,0.014183881,0.022764825199999998,0.509098839,0.927586973,1.2962836894,0.6050924206,0.692263445,0.7023423936000001,-0.780103589,2.4789059355999994,2.6067900506,0.024463764,14.7032755,1.076250325,0.144517658,1.515560361
566,BBB,Company 94,Rating agency 1,3/12/2013,Energy,0.468212695,0.411601031,0.0457704,66.11596316,-0.062278952,-0.079048839,1.004618952,-0.138917964,-0.018578174,-0.027313775,0.0308958558,0.298468022,0.328243896,1.687295097,0.621924569,0.390759875,0.802454853,3.537180501,5.9530186736,2.699346123,-0.079518735,22.13804575,4.39542061,0.232092037,0.0
568,BBB,Company 83,Rating agency 4,3/13/2013,Energy,1.437277217,1.121028948,0.307924944,77.04975249,0.147675054,0.196499367,0.993405279,0.219704182,0.035585336,0.051474862,0.067538284,0.243599412,0.274964399,0.897944875,0.473460838,0.207924467,1.002035463,5.468334829,1.138403618,1.90119941,0.198570965,8.607680137,5.498743956,0.386532702,0.0
569,BBB,Company 131,Rating agency 4,3/13/2013,Transportation,1.158923778,1.174416472,0.340976386,23.21956245,0.188147572,0.30480069,1.004694789,0.321887468,0.083573175,0.143239791,0.197648902,0.442158305,0.49357664,1.379924639,0.574361917,0.374335663,0.395319452,5.158416992,4.929675531,2.387097881,0.304538417,4.589638159,13.02229381,0.29418297,1.235469861
570,BB,Company 284,Rating agency 4,3/14/2013,Consumer Services,1.658810313,1.146350383,0.148021298,72.32763284,-0.083136537,-0.082606721,0.838219532,-0.057853449,0.0037634525999999994,-0.107333342,0.06771176059999999,1.027856348,2.400398364,2.685244751,0.730235552,-0.138194617,-0.330968134,-0.822505446,3.7447096516,3.666767276,-0.08306401,12.2304690744,2.481558545,0.065206262,2.199896973
571,BBB,Company 420,Rating agency 4,3/15/2013,Technology,2.151619846,1.373029677,0.888785378,43.39063304,0.0648776764,0.07468369420000001,0.328281839,0.094472656,0.046944918599999996,0.019447102,0.10647651520000001,0.821343941,2.436742518,0.651032899,0.387211421,0.023877135,0.990215987,0.684947843,2.8870893954,1.664324375,0.0743882012,5.827501630799999,0.684493362,0.072027317,7.137732679
572,BBB,Company 16,Rating agency 4,3/15/2013,Public Utilities,1.34530071,1.253625874,0.052138816,49.43464342,0.060626327,0.099022201,0.995110498,0.159317177,0.022414345,0.040323628,0.11891029,0.361926128,0.40106418,4.376735027,0.812026433,0.392693021,0.011342938,0.053695553,5.402937041,5.382248602,0.098686157,8.323270771,4.765159978,0.198000794,2.241647732
573,A,Company 137,Rating agency 4,3/20/2013,Health Care,1.7195890878,1.5089372276,0.739791233,60.42749496,0.150359008,0.195569172,0.685454022,0.202422755,0.098553397,0.151765659,0.151618,0.651265755,9.075181699,0.536002505,0.352281229,0.237175872,0.868049505,3.77600864,6.1828037789999994,1.52465944,0.196524448,12.24099799,4.323782788,0.193185613,9.613801069
574,A,Company 422,Rating agency 3,3/20/2013,Health Care,1.235551292,0.161145667,0.160888459,0.0,0.009982463,0.014175554,0.042580755,0.016580117,0.044126881,0.151135592,0.172463193,1.1752638546,7.7955994464,2.873262991,0.736886668,0.416086915,0.776131002,2.63926823,4.2901898486,3.897243264,0.014216944,7.31493708,3.431242009,0.010985804,8.864573922
575,A,Company 301,Rating agency 3,3/20/2013,Technology,2.980470074,1.093289387,1.040245091,0.0,0.16110745,0.201096905,0.358711224,0.157870785,0.147756157,0.218009299,0.271833903,0.931091782,8.995448138,0.833687143,0.451726486,0.307307352,0.816567293,3.586797919,6.274362576,1.832680166,0.202032872,9.365454872,4.414721775,0.116669018,17.04827375
576,B,Company 135,Rating agency 4,3/20/2013,Basic Industries,1.814774744,0.397232531,0.192452126,0.0,-0.006430246,0.000309424,0.088058595,0.012721987,-0.008143664,0.000490053,0.1488263118,1.266732218,3.022971122,3.359057929,0.778575666,0.3558393042,0.360907015,2.873240492,6.636363993000001,4.350898346,0.000309706,7.280345079,7.904925531,0.058224518,10.1585028
578,BBB,Company 91,Rating agency 4,3/21/2013,Energy,1.507070765,0.899306478,0.321448257,40.9444430136,0.1234550236,0.176279255,0.994271186,0.12486299120000002,0.020779894,0.036369997,0.05114722,0.001811817,0.002062226,1.448149822,0.587708127,0.348171931,0.3300872476,-3.886134926,2.084542174,2.467952427,0.1767748546,7.560423736,5.469674437,0.1629765212,0.0
579,BB,Company 260,Rating agency 3,3/22/2013,Consumer Services,1.869594585,1.616347043,1.20692426,29.8181018,0.056340679,0.102860314,0.953842191,0.11472029,0.041654698,0.090814774,0.096053678,0.731660286,10.329048,1.309381292,0.56974093,0.413836558,0.857178574,1.43668302,3.1165130864,2.321532648,0.104167915,20.40481913,1.677591552,0.125972631,1.575152397
580,BBB,Company 68,Rating agency 3,3/22/2013,Energy,2.762750652,1.895856325,0.465037425,71.62445893,0.023610236,0.039648492,0.360493789,0.039220186,0.012991104,0.023960647,0.027579426,0.551668481,0.795581732,1.13484832,0.534719601,0.119679314,0.028057715,0.152522183,9.033967156600001,2.116609634,0.03916606,6.438271436,5.354312213,0.224356933,9.056882338
581,BBB,Company 29,Rating agency 1,3/22/2013,Public Utilities,0.751126514,0.736451531,0.002066126,37.01655287,0.056945514,0.056089058,0.154581657,0.073475655,0.06794553,0.08528352,0.181713141,1.177164503,1.70693959,1.71930421,0.63334507,-0.007153701,-0.25072691,-0.848321234,3.187189429,2.731017755,0.056228126,9.5570291,3.348364953,0.067844416,6.781908721399999
582,A,Company 247,Rating agency 3,3/27/2013,Consumer Non-Durables,1.094080133,0.795732332,0.368911724,39.0756495,0.093599191,0.125907031,0.520544326,0.138886737,0.083077308,0.14412141,0.277688444,0.884244966,3.402824318,2.349205012,0.692923945,0.250637773,0.685227437,3.670234,4.20970902,3.353914544,0.125953504,11.35725206,5.408255712,0.128817503,2.645588231
583,BBB,Company 310,Rating agency 3,3/27/2013,Energy,1.393012759,1.334589654,0.351412598,70.78357105,0.059011764,0.105138548,0.246431833,0.124699089,0.041163885,0.107390453,0.10178861,0.692825471,0.960477226,1.47499002,0.5921946,0.437936684,-0.008504288,-0.038610257,2.2458781626000004,2.453495489,0.131665849,7.591142755,4.494725552,0.202292375,2.851604998
585,BB,Company 242,Rating agency 3,3/28/2013,Finance,1.6113286219999998,0.8913448222,0.33936130379999996,44.7159177692,0.06577149580000001,0.09404914,0.474642615,0.11454983640000001,0.003315478,0.005387053,0.008355892,0.006695773,3.004077473,1.526839583,0.601270307,-0.030139833,1.006794318,0.121507588,2.201241856,2.495310385,0.1048674574,7.6948946758000005,0.122162853,0.085732297,2.547690713
586,BBB,Company 270,Rating agency 2,3/28/2013,Public Utilities,0.692629716,0.445122244,0.302068244,36.34453269,0.220567325,0.270816248,0.794756371,0.248656013,0.089102259,0.179858574,0.250224878,0.405531595,0.815891716,1.787902854,0.643925296,0.183692477,0.609723146,0.47140571099999995,6.420908658600001,2.8062923,0.312256854,1.074872734,4.887369698,0.236725401,1.033022875
587,BBB,Company 32,Rating agency 3,3/29/2013,Energy,1.43750237,1.796127406,0.279494944,17.39107598,0.023143728,0.037028757,1.002088135,0.036925467,0.084977318,0.187269171,0.199186821,0.7066248756,11.70581799,1.302161085,0.564318709,0.375053739,0.99864871,6.840643574,7.842346321799999,2.320192314,0.037289041,5.546001166,6.833463031,0.023873485,0.0
588,B,Company 558,Rating agency 4,4/2/2013,Basic Industries,2.964165774,2.264697155,0.431889509,19.98177186,0.04630988,0.074880777,0.447766393,0.117808363,0.010758882,0.018721438,0.013122991,0.234244197,0.322076904,0.209977247,0.43602909199999995,0.373006541,0.014091518800000013,-0.154480599,4.3599435268,1.214029412,0.074435282,15.06175571,0.243266634,0.216453646,4.09478732
589,BB,Company 253,Rating agency 3,4/2/2013,Energy,0.845077593,0.464996511,0.031987275,66.28733824,0.17038529,0.17642278760000002,1.000680647,0.1691172394,0.081021837,0.144887518,0.232393535,0.282370985,0.319506416,1.904278147,0.652411765,0.359050095,0.996792989,9.084436677,0.299322844,2.870343929,0.12916741999999998,5.594461397,8.976971114,0.35992702860000003,0.0
590,BB,Company 231,Rating agency 2,4/3/2013,Consumer Durables,2.045086506,1.359660501,0.116947817,103.6543298,0.065688435,-0.002510763,0.301564426,0.078592985,0.046024446,-0.002111006,0.181226653,0.706085592,6.386213929,2.923953231,0.742201239,0.18339463460000002,0.8778410924,-0.401113309,0.854770885,3.946228455,-0.002518613,8.233814669,-0.079712581,-0.004223249,8.083042449
591,BBB,Company 211,Rating agency 3,4/3/2013,Basic Industries,1.72108961,0.8757804410000001,0.169696462,34.8599212,0.047414872,0.072656858,0.263115785,0.078265175,0.068703301,0.116112626,0.113879617,1.451367672,6.737193831,0.646107484,0.391722529,0.33007718,0.64698949,5.184249763,8.588434308199998,1.643476609,0.071579261,7.308361205,8.008696782,0.070787464,7.9325661318
592,BBB,Company 72,Rating agency 4,4/3/2013,Consumer Durables,1.15438609,0.874662385,0.113673541,59.1738262,0.035693174,0.041949334,0.263347298,0.042079374,0.042274446,0.084172332,0.135199934,1.187304933,5.989999318,2.224161732,0.686174285,0.339035346,0.810005739,4.03972538,3.0797941144,3.243372766,0.042225531,9.279033005,5.034156431,0.085097468,5.546853678
593,CCC,Company 349,Rating agency 4,4/5/2013,Consumer Services,1.336939022,0.935503243,0.684688947,29.742393534,0.0867062456,0.13181622399999998,0.205557096,0.1732727198,-0.053730081,-0.05394464,0.0982533772,0.029390814,0.052822727,2.0264868092,1.016596929,0.625796419,0.05669126080000002,-3.818253602,14.88337706,3.1107447132,0.13151471780000001,2.9504921324,0.211712382,0.031980855,1.738735504
595,BB,Company 277,Rating agency 3,4/8/2013,Technology,2.378147283,2.25326078,0.189327107,4.787546348,0.084350958,0.0486213016,0.810451004,0.12518595940000002,0.156455624,0.0593448658,0.069345325,0.42147106,2.611590372,1.8574285314,1.009439771,0.242391478,0.892532294,3.071662894,8.802683001999998,2.670828184,0.0750808926,13.05378303,3.397035252,0.20637671600000002,1.272923266
596,BBB,Company 248,Rating agency 4,4/8/2013,Consumer Services,1.511640045,0.084214383,0.083698154,0.0,0.052293558,0.083190398,0.319239986,0.100625562,0.078562841,0.148547192,0.16547692,1.528758959,8.186082533,1.071396833,0.515543969,0.374439282,0.506776496,1.559036824,4.5245444188,2.094627378,0.082073094,9.657475738,3.082858862,0.071437736,9.511435099
597,BB,Company 190,Rating agency 3,4/9/2013,Consumer Non-Durables,1.498156623,0.271867199,0.049702295,14.91086741,0.001054625,0.006129507,0.042597032,0.006136584,0.0023282,0.02360078,0.005850811,1.2286577366,10.33351585,1.498452969,0.606386034,-0.016069446,0.3826846176,0.39104422640000003,4.657859355,2.490130199,0.006144492,16.12030396,-3.149199788,-0.007472243,17.56485049
599,BB,Company 28,Rating agency 1,4/16/2013,Consumer Services,0.853934016,0.853619298,0.61598437,26.12394155,0.110632746,0.115969679,0.32354354,0.114845723,0.022609094,0.025480812,0.110636403,0.206904616,0.265453965,3.830281296,0.802339199,0.181715775,0.16739436619999998,2.2804101811999997,4.0212905108,4.884119575,0.116539431,13.72651436,7.9023162,0.29652039,4.785451859
600,BBB,Company 400,Rating agency 3,4/16/2013,Technology,1.374728122,1.304974445,0.176419874,74.18199294,0.009461039,0.017939994,0.166104922,0.019909462,0.028397798,0.110562426,0.078702756,0.687600939,5.547325225,1.812592755,0.647863516,0.468256973,0.788213921,3.298043263,8.089305097,2.793617999,0.017942788,8.325939756,4.146755665,0.016174082,4.2309898878
601,A,Company 198,Rating agency 3,4/17/2013,Health Care,1.942828765,1.435055893,0.345359409,45.83813991,0.249114009,0.18923741919999998,0.907456243,0.3379441,0.137330232,0.219172588,0.198185245,0.546912643,3.148640746,0.454347092,0.311168974,0.25188866,0.85278269,0.8264039536000001,2.9542872494,1.455628186,0.1890103932,0.271784803,2.2941548134,0.34331641,2.669647167
602,B,Company 499,Rating agency 3,4/17/2013,Basic Industries,2.073212588,0.677894014,0.675398591,1.225226502,0.172999344,0.25237782,0.306569604,0.241890085,0.101452198,0.276658311,0.202629909,0.589394647,3.6525271586000003,1.0124782,0.499846574,0.0,1.006572106,-0.082230621,3.407809382,2.006208876,0.253555833,1.458558006,-0.081948633,-0.012946805,5.169066294
604,BBB,Company 22,Rating agency 4,4/22/2013,Consumer Services,1.737703632,0.941708314,0.731396413,3.71762796,0.054970845,0.062611422,0.178187753,0.103637697,0.030515943,0.038813863,0.093763445,0.563159323,2.451685255,2.087573591,0.681450941,0.124297595,0.557150926,0.605982694,1.1308529273999999,3.122883046,0.06180935,16.3168533,1.077667826,0.082240516,17.53057748
605,BB,Company 522,Rating agency 3,4/24/2013,Basic Industries,2.80266519,1.43147839,0.452698485,46.73566762,-0.000441235,-0.016538633,0.223479704,-0.006650626,-0.000316733,-0.012795378,0.09135708020000001,0.705163244,1.862989823,1.053128513,0.515806263,0.0788984158,0.361347389,1.00467684,2.683149878,2.041825319,-0.01642663,7.709094647,2.755370659,0.058515834,6.054343848
607,BBB,Company 316,Rating agency 4,4/25/2013,Finance,1.5241146754,0.3703999282,0.295907404,0.0,0.086804287,0.105787233,0.492348877,0.087192676,0.025349016,0.036120185,0.118354794,0.29153611,11.653140024,3.690340447,0.784278938,0.308631289,0.946771972,4.605425826,10.16448357,4.654173401,0.10632964,8.088573967,4.930207077,0.116319276,9.403260199
608,A,Company 92,Rating agency 3,4/29/2013,Consumer Services,1.153083469,0.055591631,0.042382148,0.0,0.041675258,0.06341641,0.311937806,0.063926909,0.062886693,0.137709965,0.183573457,1.486030344,2.372910299,1.958393656,0.662905286,0.343558265,0.19741652,1.554463233,2.3947858454000004,2.961606297,0.063236658,7.830783155,8.023409318,0.077203413,6.98971234
609,BB,Company 304,Rating agency 4,4/29/2013,Consumer Services,2.850080207,0.122743422,0.122225037,0.0,0.063388802,0.098687149,0.422128802,0.105444476,0.070326189,0.125303342,0.131698076,1.117320558,8.339334426,0.900515221,0.469298239,0.362367809,0.569553267,0.396950044,0.202955851,1.895306025,0.098851738,15.28330831,0.700378461,0.049851281,10.89476253
610,BBB,Company 285,Rating agency 1,4/29/2013,Consumer Services,1.400876641,0.853673016,0.270503793,60.30725644,0.045556746,0.003927345,0.686829273,0.065899659,0.038244613,0.073925419,0.093874118,0.84052555,6.201226413,1.471665888,0.59298127,0.2622772624,0.423447863,0.635587155,1.8265197108,2.478751767,0.066296988,12.87872916,1.500008622,0.066938423,3.662569311
612,BBB,Company 197,Rating agency 3,4/29/2013,Capital Goods,1.524109829,0.634578116,0.39889062,24.78416639,0.048340179,0.052223592,0.179498015,0.048418729,0.04535863,0.067722846,0.197271441,0.936977228,5.675948737,3.329513303,0.776272039,0.404172581,0.483273594,1.594297792,1.321379276,4.364703174,0.053040188,9.096452194,3.301951626,0.075963418,9.816142259
613,BBB,Company 199,Rating agency 4,4/29/2013,Consumer Services,1.915233104,1.14188428,0.53518534,13.3856614,0.104119363,0.156014397,0.565707307,0.149348183,0.032683708,0.0822077742,0.269793395,1.628845831,4.951983033,0.611454124,0.375464829,0.327947621,0.512146376,1.197013842,2.696302796,1.608986533,0.155000963,6.478051504,2.304874289,0.130297225,14.49728458
614,BBB,Company 89,Rating agency 4,4/30/2013,Consumer Non-Durables,0.761394893,1.164044519,0.352988568,0.0,0.170160233,0.265162648,0.389362472,0.293313362,0.119461471,0.239349268,0.14927450379999999,0.702891121,11.69194968,0.571757564,0.905461238,0.351448988,0.974739288,1.88546646,4.8581244148,1.3494875999999998,0.26237006,10.51198008,1.917515083,0.159644018,17.59703559
615,A,Company 116,Rating agency 1,5/1/2013,Public Utilities,0.662739784,0.308246051,0.031941245,45.10873612,0.022888404,0.037752363,1.002966941,0.0878134,0.006387889,0.012793863,0.028338443,0.281627146,0.421287957,3.447635025,0.769745672,0.294838378,-0.001916229,-0.01391505,4.0209311274,4.422519502,0.037836336,18.76928033,7.200642249,0.313586468,3.286544033
617,A,Company 50,Rating agency 1,5/1/2013,Energy,1.384013499,2.049773731,0.207115193,52.25725922,0.134664319,0.121511872,1.001924876,0.136263848,0.071479245,0.074744514,0.176771419,0.53289612,0.916212498,1.430301078,0.592605034,0.31305669160000005,1.006157748,6.4139602496,8.02474715,2.463178235,0.119800169,6.311061184,11.08844599,0.223079703,0.0
619,AAA,Company 59,Rating agency 4,5/1/2013,Technology,2.596900534,2.41954802,0.212761824,77.82765424,0.232281389,0.0215078,0.766100908,0.294496371,0.140169059,0.018167452,0.2553968,0.608102788,8.956567587,0.827918792,0.453047865,0.26298207539999996,0.921875614,3.476413726,5.0416486748,1.81844403,0.021913908,10.26929045,3.801343853,0.432077272,4.221572436
620,B,Company 335,Rating agency 3,5/1/2013,Energy,1.794115748,1.068471238,0.29035976,62.77590374,0.119714036,0.164975785,0.820107094,0.141661052,0.077025611,0.141233508,0.125873412,0.641107609,15.62267724,0.649022183,0.394502883,0.274228919,0.916018345,0.984326368,0.868061392,1.646284838,0.164567929,12.176520701000001,1.088019939,0.323738797,3.189685172
621,BBB,Company 356,Rating agency 3,5/2/2013,Capital Goods,3.443044928,0.997803902,1.00942159,0.0,0.076714999,0.119223218,0.26604402,0.12590978,0.091099156,0.165003201,0.172508736,1.186472742,5.880130517,0.897776994,0.476810333,0.354953552,0.504370459,3.808529309,10.6358367766,1.913089656,0.118795574,8.738039675,7.445317396,0.064591512,10.54133136
622,BB,Company 414,Rating agency 3,5/6/2013,Consumer Durables,1.047676168,0.002221967,0.002207809,0.0,0.010642417,0.016881741,0.148818688,0.028887525,0.032349938,0.11205349,0.167698524,0.7058138476,14.06713424,3.123303142,1.007853118,0.23920882920000003,0.5210614154,-0.8610264107999999,4.9482192962,5.313471152,0.016987035,2.3430986,0.45574933139999996,-0.008043633,3.8478505095999997
623,BB,Company 292,Rating agency 4,5/6/2013,Basic Industries,2.504959323,1.348593195,0.292624009,45.07817505,0.02630489,0.020605346,0.091877368,0.02061952,0.059943707,0.06404094,0.168075558,1.1641323912,7.91658961,1.750677495,0.643180686,0.3413170256,0.418415055,0.710239375,2.4262212316,2.739506474,0.020830513,8.281932228,1.699914782,0.025177296,16.31106957
624,BBB,Company 53,Rating agency 4,5/6/2013,Public Utilities,0.900350429,0.817981998,0.028011249,25.96232845,0.090026146,0.133478348,0.999551959,0.180609097,0.029291823,0.048145672,0.101527266,0.325276225,0.421662561,2.496987491,0.715310607,0.33434541,-0.283682149,2.9363289004,7.613775387800001,3.474751751,0.134921792,3.618723507,5.2582046034,0.198783254,0.955540623
625,A,Company 4,Rating agency 1,5/7/2013,Consumer Non-Durables,1.773404587,1.057075922,0.200328453,25.35116049,0.026296058,0.041832442,0.181472642,0.045030564,0.092861667,0.205422622,0.241401569,1.7279134719999998,10.94264441,1.584043702,0.608995659,0.369992423,0.441581338,1.044160932,1.178466601,2.563600184,0.042218845,8.492191226,2.381357988,0.033169947,15.75866806
626,BB,Company 76,Rating agency 1,5/9/2013,Energy,1.589658604,0.981856654,0.935146634,10.30031868,-0.023904047,0.08887258,1.003079544,0.171419415,-0.006370956,0.028127994,0.12277769279999999,0.270737917,0.436273849,1.17623518,0.537604667,0.061339745,0.513766894,3.939543511,14.54646882,2.185270858,0.088135947,10.03498999,7.654152538,0.292506095,0.0
627,BBB,Company 48,Rating agency 4,5/9/2013,Health Care,2.751180746,1.793584155,0.929906812,65.51412067,0.126619487,0.165590463,0.402436922,0.214820387,0.099301341,0.200008146,0.217511044,0.784884828,5.433603136,1.182621557,0.543661507,0.230162546,0.533867259,2.942831121,2.7489377813999996,2.16250956,0.21417824,14.66783875,5.480636953,0.161829899,6.502838945
628,A,Company 272,Rating agency 3,5/14/2013,Capital Goods,2.035042344,1.133307483,0.581627481,0.0,0.065124596,0.095187194,0.18400872,0.095096653,0.060011571,0.099355642,0.191010904,0.923370281,7.317649246,2.179169495,0.689831988,0.319254691,0.662807639,2.849187005,5.2682580124,3.210267503,0.096312708,8.348243059,4.266847336,0.089315007,6.422189932
629,A,Company 324,Rating agency 4,5/14/2013,Consumer Non-Durables,1.423140984,0.805818389,0.49502212,25.41593072,0.099781591,0.152618215,0.432176609,0.153467337,0.138058367,0.141317925,0.17275640180000001,1.389672109,3.998810548,3.57885037,0.788947347,0.350065042,0.758957353,5.064068036,1.3550726910000002,4.624830946,0.153047948,11.2706453,6.651909187,0.166063534,8.580142441
630,BB,Company 165,Rating agency 3,5/15/2013,Technology,1.676022277,1.242506536,0.633170158,51.30368546,0.015271953,0.02164404,0.153773485,0.054881902,0.013750073,0.025322404,0.06346348,0.908280744,1.513366011,3.582715369,0.781076123,0.286995315,-0.370054335,-0.896985958,2.664547023,4.569821252,0.021622479,3.092291912,2.446699424,0.140135739,5.352892633
631,AA,Company 232,Rating agency 3,5/20/2013,Technology,1.140951232,0.495201303,0.240034852,37.10592627,0.160069563,0.209072191,0.479364015,0.210023795,0.139898639,0.288171426,0.1040583088,0.870214238,7.446355859,3.4493710546000003,0.847919499,0.239685781,0.789701726,4.2975949526,12.0877206968,4.6340608660000004,0.207897192,9.700621198,5.0727765824,0.18812128,6.882825122
633,B,Company 376,Rating agency 3,5/21/2013,Technology,1.150622886,0.819154256,0.2866057,59.85128956,0.07135113,0.106895693,0.997976388,0.141771795,0.036764424,0.066336214,0.095123481,0.512644076,8.348028338,1.601772853,0.618972795,0.483617842,0.76666442,2.723265345,3.454058159,2.604973348,0.107697247,8.948657505,3.55346581,0.233871285,5.306330676
634,B,Company 69,Rating agency 3,5/23/2013,Public Utilities,0.75671207,1.2997752,0.123497979,42.13039191,0.011307412,0.014984314,1.002540784,0.105480272,0.003115532,0.00465371,0.041371213,0.282726239,0.559112686,1.0455246684000001,0.925256037,0.189668994,0.377316113,1.191789103,4.3954273362,2.3515503364,0.015226717,10.27782955,3.187761418,0.243271534,0.0
635,BBB,Company 81,Rating agency 1,5/23/2013,Public Utilities,0.717935542,0.079267275,0.045190859,0.0,-0.015421422,0.133402738,1.00211955,0.193043369,-0.004139387,0.038887289,0.0945494472,0.267619078,0.391324091,2.977619872,0.740856987,0.168981677,-0.243830536,-2.513111422,4.2136854948,3.961374753,0.134661053,6.001937131,10.14184997,0.281494343,0.216701343
636,A,Company 105,Rating agency 3,5/24/2013,Capital Goods,1.806534863,1.510399247,0.336438948,54.84585489,0.088064018,0.118781341,0.240332666,0.119979995,0.103062938,0.183341563,0.233234119,1.165722109,7.668429122,1.283949104,0.566970817,0.268567699,0.856565604,8.648027042,11.62215289,2.263314046,0.120334875,6.956835584,10.16146427,0.115380416,8.296901318
637,BBB,Company 536,Rating agency 4,5/24/2013,Public Utilities,1.912217964,1.453499534,0.543785748,16.70666758,0.018987942,0.026506773,0.076593242,0.032005765,0.067457511,0.165927648,0.170283526,0.8023900341999999,11.65490417,1.538594672,0.600509826,0.290931426,0.72519604,1.598707208,1.445401799,2.540008153,0.035290694,5.939803039,2.259926207,0.045191647,8.741248412
638,A,Company 10,Rating agency 2,5/28/2013,Public Utilities,0.853567473,0.413238814,0.047328336,37.05169067,0.069061553,0.108809447,0.257607302,0.141854932,0.029768212,0.069456744,0.102356261,0.425306997,0.579048998,2.438853275,0.710255277,0.357759932,-0.024179325,-0.204599836,2.7346177786,3.434128522,0.142981946,6.509557179,8.36220167,0.202274119,9.207731315
639,B,Company 396,Rating agency 4,5/28/2013,Capital Goods,2.236084183,0.395435647,0.400591863,0.0,0.014385149,0.021333038,0.19724921,0.054040159,0.015526223,0.030597096,0.052862589,1.093360514,9.074964009,2.344462757,0.695487451,0.346657333,0.714667474,1.886258167,3.2012044264000004,3.351652561,0.021124293,9.018068448,2.656226392,0.040050425,9.2240632
640,BB,Company 387,Rating agency 3,5/29/2013,Capital Goods,1.528744601,1.2661489338,0.32134738,36.97277504,0.067122423,0.100980973,0.199119062,0.151234373,0.038186443,0.059534304,0.123926988,0.56940833,0.887877762,2.238724996,0.697611879,0.346842436,0.786392588,5.26615003,4.4615522072,3.254069695,0.102162744,2.856804954,6.793607576,0.138820016,16.13566473
641,BBB,Company 183,Rating agency 2,5/29/2013,Capital Goods,1.372632277,1.113056438,0.640004736,41.51627481,0.079130764,0.118259666,0.590883573,0.122938686,0.074024814,0.144317763,0.206300733,0.946650889,8.814461229,1.793607365,0.645686961,0.330619055,0.880269535,9.358893159,15.63087184,2.806044492,0.116852927,4.586004202,10.64661943,0.104424801,7.432002027
642,BBB,Company 63,Rating agency 4,5/29/2013,Basic Industries,2.43187656,1.345510635,0.530981683,29.76758554,0.063280061,0.092549903,0.126276463,0.103363246,0.116520871,0.220099464,0.257076486,1.888106944,5.884136723,1.176346564,0.540509766,0.316494373,0.773500683,6.555425998,8.3716070878,2.185023357,0.091613022,6.669053538,8.412229191,0.105814016,16.11914858
643,BBB,Company 24,Rating agency 1,5/30/2013,Consumer Services,1.8184807526,1.856967113,0.670426907,58.77774109,0.03733735,0.026663399,0.191535437,0.073636721,0.040669181,0.035155618,0.077166146,1.075575014,8.087761985,0.920990834,0.477035448,0.2966776034,0.810240854,6.914211033,14.62573533,1.913613506,0.026515009,5.41284149,8.60347438,0.082315313,10.46048629
644,BB,Company 100,Rating agency 1,5/31/2013,Public Utilities,0.576742092,0.458843083,0.019025609,54.17731398,0.130996254,0.169164295,0.394487124,0.217148189,0.063579432,0.123102126,0.186133827,0.482782368,1.000859221,1.902089736,0.641209823,0.225216021,0.366754953,2.623657213,1.9281732326,2.952768751,0.212478977,6.454047571,7.199416836,0.277432984,3.114112529
645,BBB,Company 273,Rating agency 3,6/3/2013,Consumer Non-Durables,1.536931179,0.759320656,0.260238519,44.29487915,0.02946766,0.028804486,0.226874767,0.051027424,0.02513486,0.081053819,0.053196049,0.849185293,2.41614621,1.120764735,0.52809504,-0.020407382,0.122749528,0.339729979,3.001146205,2.1337837098000003,0.072248632,8.395514982,2.834589259,0.093276923,5.891852998
647,BB,Company 368,Rating agency 3,6/4/2013,Consumer Services,0.424738766,0.428735662,0.091796981,44.2396789,0.09031435460000001,0.11286075659999999,0.925314864,0.20304787539999997,0.04088004,0.046561005,0.083149811,0.108914751,6.554853614,1.019920305,0.507133849,0.0,0.647072919,2.843077608,2.5990139117999997,2.030723326,0.1169176694,19.13723509,4.445851566,0.3203244038,0.382447777
648,BBB,Company 519,Rating agency 4,6/5/2013,Capital Goods,1.9950694,1.213726318,0.38703644,59.44426451,0.10469207,0.159311571,0.290897534,0.163270799,0.107207614,0.209120644,0.198509658,1.011642627,9.800174136,0.838507405,0.453797507,0.333241788,0.848227808,4.21240209,5.3599775084,1.84271576,0.156381522,5.202934405,5.011381948,0.099565232,6.862232255
649,B,Company 224,Rating agency 1,6/7/2013,Health Care,1.252468191,0.876185426,0.114033356,46.49007385,0.04384049,0.054611211,0.99824713,0.043692623,0.056987599,0.091294314,0.098837631,1.316897475,2.805795855,2.1330776378,0.6374681574000001,0.450075091,0.556551765,5.247294873,1.732311545,3.4252279348,0.053987825,13.53813722,9.465065916,0.113270832,0.0
650,BB,Company 482,Rating agency 1,6/7/2013,Technology,2.012361892,1.558416589,0.616860582,66.37693504,-0.033291058,-0.025981086,0.426211114,-0.017260862,-0.029973052,-0.036086364,0.1673319724,0.891133315,6.673612857,0.796314786,0.447375554,0.3291176018,0.39762653,0.202489594,1.4628008482,3.0833823502,-0.025987846,8.539220804,0.521759378,0.07012633,7.728124382
651,A,Company 7,Rating agency 1,6/10/2013,Public Utilities,1.016330759,0.18653126,0.1424213,1.805028061,0.090047022,0.125693976,0.996135965,0.159437428,0.015486664,0.023713011,0.043250897,0.17394308,0.287907308,1.781589978,0.634909262,0.288048111,-0.048912786,-0.451671152,4.1904264968,2.813833038,0.124599039,13.34190629,9.211255262,0.264851308,0.0
652,B,Company 145,Rating agency 1,6/11/2013,Consumer Services,1.291496124,1.155599776,0.798308083,21.51781019,-0.0114559764,-0.0148235944,0.906235279,0.008777088,-0.067611948,-0.070672415,0.09947130480000001,0.345308997,0.646098127,4.998522149,0.837275907,0.067237575,0.53137554,0.986595624,3.428639655,5.960783123,0.023596435199999998,16.98692174,1.849586841,0.099914305,4.272805741
653,B,Company 246,Rating agency 3,6/12/2013,Consumer Services,0.85536514,0.84863521,0.752246906,8.042265362,0.060792643,0.088881339,1.008976375,0.265716542,0.030782025,0.050967906,0.0485898656,0.506104358,3.635453232,1.4305437425999998,0.979869511,0.312537622,0.760605999,0.350822437,0.423818054,3.3518767722000007,0.088393195,5.935931293,0.46172533,0.18076353,0.0
654,BB,Company 173,Rating agency 1,6/12/2013,Public Utilities,0.906945369,0.766448868,0.16052661,22.26173921,0.123351045,0.125015271,0.995214907,0.252154802,0.034927618,0.040595147,0.145742004,0.279417214,0.409694426,3.164246955,0.759437081,0.357739082,-0.139306493,-0.659285433,6.255484913,4.124358947,0.125293842,7.847148909,4.785242068,0.227039868,0.765750016
655,BB,Company 219,Rating agency 3,6/13/2013,Consumer Services,1.153648019,1.215671533,0.187406813,45.95489646,0.079835829,0.124331241,0.454199284,0.148078792,0.066504643,0.122912858,0.180636442,0.841512381,3.509261827,1.724967925,0.634839486,0.291515754,0.872841254,2.871550849,1.986765626,2.716785839,0.124143958,3.933648319,3.235493632,0.142138277,15.67308939
657,BBB,Company 363,Rating agency 1,6/13/2013,Energy,2.721006294,1.822010667,1.072420887,11.4179342,0.085302901,0.083062352,0.212768566,0.14322835,0.055356521400000004,0.193485881,0.283112068,1.940035132,6.310611689,0.705209231,0.413994666,0.61023841,0.822232699,6.691592378,7.313456888999999,1.694974244,0.082908974,3.163580242,8.163525049,0.082691136,12.14510764
658,B,Company 318,Rating agency 4,6/17/2013,Consumer Services,0.694452907,0.66306323,0.222785586,0.0,0.063854161,0.102609645,0.218178364,0.164896739,0.015791073,0.026437858,0.114417477,0.248859727,1.469428403,0.8985804360000001,0.862064037,0.372376748,0.691270559,1.178622438,7.471469929,1.8991829572,0.10101646,8.548875475,1.7133204,0.152284851,5.030831762
660,CCC,Company 12,Rating agency 1,6/17/2013,Health Care,1.5447801068,0.8199679722000001,0.321333378,26.12775091,0.062648349,0.10045107760000001,0.631174872,0.151431683,0.040625818,0.024956446600000005,0.1554661932,0.16455373,1.133711469,1.3769239148,0.898846449,-0.002358314,1.077905575,2.2483417306,4.207147223,2.379178183,0.1060368752,0.003459023,3.0468648758,0.1869668288,10.56472321
661,A,Company 362,Rating agency 1,6/18/2013,Consumer Non-Durables,2.942606692,1.604072488,0.867037114,22.66364955,0.060367943,0.09228515,0.162171169,0.091384557,0.108607695,0.199678555,0.176358341,1.787987655,8.902152765,0.617679927,0.385777957,0.336448044,0.746897323,1.466821684,2.890849334,1.608215801,0.092320385,4.084437884,1.962404096,0.06243046,18.05629497
662,BB,Company 237,Rating agency 3,6/18/2013,Energy,0.628271613,0.55366437,0.010902121,61.66397534,-0.036315349,-0.055014135,1.004918965,-0.013391547,-0.012937417,-0.022959039,0.058194807,0.355258684,0.405435977,1.966910262,0.660858654,0.346954322,0.992336967,3.7930213838,4.648157029999999,2.957336098,-0.055176338,6.131300842,14.12221769,0.2343502776,0.0
663,A,Company 261,Rating agency 1,6/19/2013,Energy,1.490070147,1.359865373,0.7687282,48.25701805,-0.021689917,-0.033533573,0.999494913,-0.033083582,-0.004733413,-0.008539785,0.0888642148,0.218269803,0.349446579,1.041535186,0.506946077,-0.165179861,0.6307335596,4.3759267047999995,17.4833049,2.044971853,-0.033671274,12.17826791,12.27792506,0.19328566879999998,0.0
664,A,Company 124,Rating agency 1,6/19/2013,Transportation,1.700201484,1.140389175,0.529599954,0.0,0.047947698,0.073513201,0.075138601,0.074470478,0.067782252,0.128262166,0.137584616,1.438377483,2.465910299,1.040610662,0.502740768,0.354307581,0.172830041,2.60264369,3.5575850275999996,2.030056735,0.073616106,5.235018636,3.7869274054,0.113339718,4.5399991544
665,A,Company 93,Rating agency 1,6/21/2013,Health Care,2.733705304,2.233226429,0.198831487,86.34886216,0.224019667,0.267405709,0.760434434,0.267013522,0.109143622,0.166555862,0.213147367,0.493429569,6.593789111,0.909102998,0.476854672,0.169112008,0.894606919,3.859806144,6.1123549898,3.0002326068,0.27828667,9.465200243,4.266564394,0.277346744,6.833979047
666,BB,Company 164,Rating agency 1,6/21/2013,Consumer Non-Durables,1.680036332,0.784941519,0.222950255,28.77373376,0.0544984,0.07365829,0.514376648,0.073981173,0.046895784,0.074862372,0.116565434,0.871253503,12.81818636,1.47343431,0.596039881,0.262202949,0.652933947,4.545682921,7.6768485102,2.472608448,0.072826458,13.45651583,6.887317495,0.084007855,7.709842988
667,B,Company 557,Rating agency 4,6/24/2013,Technology,3.072433736,2.198826193,1.221492406,64.1288137,0.235374529,0.173026878,0.322900456,0.128614862,0.018957541799999998,0.220329632,0.1187237266,1.029090333,3.41631535,1.542590395,0.604723056,0.19847395040000002,0.495844904,1.642204694,4.958290169,2.568485184,0.173688297,4.373564775,3.332398496,0.147525687,6.983096045
668,A,Company 355,Rating agency 1,6/26/2013,Health Care,1.229101071,0.396431879,0.148589501,11.03948754,0.029477095,0.047235461,0.282023322,0.048339373,0.063314588,0.141168511,0.11696616,2.138124087,5.90590298,0.837416792,0.454310318,0.369324912,0.645464472,3.376695205,5.247363570799999,1.840438147,0.04826787,7.698783973,5.177845722,0.061800228,11.76698171
669,BB,Company 227,Rating agency 3,6/26/2013,Capital Goods,2.3518473258,1.6198065443999998,0.7393543243999999,40.08896999,0.0550926,0.076059107,0.23690059,0.085458029,0.040665792,0.06534018,0.075520365,0.738700597,2.451595029,0.849637196,0.465648697,0.275842054,0.479711378,0.918283802,2.3751935516,1.876060649,0.076360999,4.080598997,1.918764375,0.128779223,11.59509933
671,CCC,Company 118,Rating agency 3,6/26/2013,Health Care,1.513043905,0.96525374,0.205052701,53.91732958,0.015499318,0.036273381,1.009523256,0.082780641,0.015515063,0.046069983,0.124091178,1.013666471,2.127996866,1.5883234374000001,0.879584016,0.376275169,0.995813287,5.712612946,3.842982452,2.912402985,0.036597369,7.450639485,5.705510996,0.064471431,0.0
672,B,Company 268,Rating agency 3,6/27/2013,Consumer Durables,1.039811793,0.334171707,0.016361221,15.36153852,0.014112295,0.021797104,0.151691159,0.027501387,0.034263341,0.10713644,0.142957113,0.9156602778,12.82208819,3.099776149,0.752287392,0.328418694,0.512115758,1.853496511,3.2141417562,4.145488692,0.021755803,9.016163481,3.631941406,0.02497473,9.6428198936
674,BBB,Company 143,Rating agency 4,6/28/2013,Energy,0.928812611,0.816017871,0.254565418,59.32053044,0.028616014,0.035804029,0.220305062,0.064047219,0.01515107,0.043424599,0.069503579,0.525027225,0.747263201,3.275494864,0.707498267,0.193210338,0.028767703400000004,-3.156485063,5.4792549522,3.2460974931999997,0.069917314,17.36300072,3.681916979,0.117282247,3.809345805
676,BBB,Company 217,Rating agency 3,6/28/2013,Energy,1.000308072,0.753481168,0.004660355,34.27389285,0.02909157,0.031096012,0.051679262,0.03753944,0.056516929,0.084075154,0.163791645,1.954575996,3.905858246,1.916344652,0.654172355,0.044546326,0.02925016,0.110386043,3.8433699667999996,2.887930489,0.031037654,12.49814331,3.847986882,0.03294577,9.473282371
677,B,Company 376,Rating agency 3,7/1/2013,Technology,1.188575557,0.652879524,0.251138188,53.34884355,0.081103388,0.102888754,0.993916248,0.129504169,0.035735944,0.05577182,0.10289761,0.4420621,6.771479453,1.869816265,0.65097769,0.253546799,0.702306381,2.616443607,1.660931633,2.868070198,0.10361535,12.63812224,3.715055817,0.264689261,4.314757671
678,BBB,Company 38,Rating agency 1,7/1/2013,Consumer Services,1.439471539,0.649568629,0.503437848,7.136829874,0.072614144,0.121265004,0.419169058,0.150586325,0.125109604,0.284257917,0.1267980204,1.726164443,5.828981863,1.6986658120000002,0.6948343095999999,0.408246611,0.565643615,2.630699673,2.756990565,2.5135342298000003,0.123075347,8.610993368,4.686245975,0.128069903,11.27637923
679,A,Company 5,Rating agency 3,7/4/2013,Consumer Non-Durables,0.995639833,0.377721652,0.125736767,17.69182002,0.107855058,0.103755739,0.260357697,0.167929899,0.057247285999999994,0.1085196858,0.1503565692,2.094368003,11.88033909,2.5144092125999995,0.7418512238000001,0.443547108,0.880874218,5.52900531,1.648559163,3.8097126498000002,0.103610681,10.50563738,6.276342857,0.127581941,8.090523725
681,BBB,Company 420,Rating agency 2,7/8/2013,Technology,2.410322416,1.488060719,0.912804128,47.81879389,-0.0770545,-0.073638604,0.326489753,-0.057110141,0.0035804348000000007,-0.082690771,0.1052431162,0.886537822,2.545212043,0.616823146,0.374565549,0.062838657,0.996205322,0.411758986,2.7809501277999997,1.616819385,-0.073450172,13.39374812,0.413268913,0.045613046,7.846177091
682,BBB,Company 256,Rating agency 4,7/9/2013,Basic Industries,2.448651107,1.287869647,0.84276854,47.35271273,0.038080226,-0.038551539,0.063071583,-0.022464943,0.02252296,-0.027484711,0.052978354,0.588752663,1.3931627,1.372546114,0.580916783,0.407428631,0.18272566260000003,-2.270423341,3.5506429336,2.378751461,-0.038510651,5.3401977838,3.448996861,0.090314141,8.104055931
684,BB,Company 326,Rating agency 3,7/12/2013,Basic Industries,1.8601485306,1.5209562738,1.210503784,50.52081834,0.137302603,0.177379807,0.360984387,0.203612058,0.086634143,0.119822542,0.24574093,0.63157149,1.235938472,1.777780057,0.646475094,0.216264872,-0.303579772,-0.0717807382,4.5828153082,2.776741164,0.174259658,1.987830725,1.7161714615999997,0.085280127,9.405288734
686,BBB,Company 433,Rating agency 1,7/15/2013,Public Utilities,1.401795656,0.853832362,0.341430197,43.67056412,0.035915687,0.066109287,0.746186364,0.037229816,0.021632376,0.047280569,0.041576984,0.61376888,1.381912486,0.906047565,0.473727616,0.441378026,0.400266217,-5.067105208,8.3162049154,1.890884302,0.065585229,4.415091547,3.459261842,0.073990151,2.451889809
687,A,Company 113,Rating agency 3,7/16/2013,Energy,1.536185896,1.193542211,0.165604028,106.3208441,0.049262267,0.140084609,0.21681933,0.079012692,0.035623875,0.187401605,0.084544765,0.720705253,1.550679074,1.315144829,0.553927187,0.651600064,0.056349354,0.172375068,2.930537034,2.386350785,0.19952192,6.807651052,3.029201374,0.110640882,3.265297
688,A,Company 36,Rating agency 1,7/17/2013,Transportation,1.069440929,0.882083024,0.243655617,31.93262252,0.155330898,0.240963544,0.811036425,0.287881686,0.058961397,0.098762194,0.177779545,0.379688148,0.441364,2.005500097,0.666386373,0.363491945,0.294415914,0.933186762,1.8332918299999998,2.996826444,0.242794859,7.836887357,3.213425356,0.270966881,2.366816291
689,BBB,Company 292,Rating agency 1,7/17/2013,Basic Industries,3.042934667,1.760765351,0.486521066,52.01724328,0.011151103,0.010957663,0.095208753,0.011220325,0.022273192,0.027444778,0.060853859,1.974982853,7.264903467,1.738244011,0.636819494,0.38048374399999996,0.399470537,0.503503245,3.227485093,2.74723846,0.01085076,14.44499731,1.277897549,0.021491646,18.25311447
690,A,Company 229,Rating agency 1,7/22/2013,Consumer Non-Durables,2.475608824,1.483367629,0.49702529,43.81554843,0.106553642,0.126849119,0.479215831,0.145464107,0.117214683,0.166044033,0.198613712,1.117273296,12.299718,0.697862607,0.407551615,0.240778937,0.990698924,3.460970021,2.177804947,1.710370462,0.127359262,12.95389212,3.44577223,0.132514515,9.294893434
691,A,Company 134,Rating agency 1,7/23/2013,Consumer Durables,1.117422783,0.675574101,0.180712361,43.58705865,0.101440321,0.139713522,0.341031465,0.152046719,0.112324583,0.224325288,0.1695604686,1.119312896,2.639686417,2.872798057,0.749087731,0.315021689,0.692682936,5.419524977,4.83099793,3.907031562,0.137953829,10.88115403,7.931694919,0.143071395,5.349682227
692,BBB,Company 293,Rating agency 1,7/23/2013,Consumer Durables,1.594939118,0.964826281,0.249782829,46.45601732,0.045436877,0.042814373,0.181101485,0.074901935,0.054872885,0.066630069,0.127770484,1.22015546,4.733947926,1.324863231,0.564422355,0.457827688,0.68554641,3.533904883,2.140471846,2.348818244,0.043203494,9.051485099,5.27942102,0.11090092,8.018125662
693,A,Company 341,Rating agency 1,7/24/2013,Technology,2.915748816,1.833593941,0.594755205,36.01034897,0.178665335,0.226822632,0.521530792,0.23319676,0.113171945,0.169836439,0.199013217,0.643920897,3.55751019,0.756511544,0.428014827,0.216523384,0.879477181,2.683313785,2.9452444408,1.76278243,0.226759358,12.16329098,3.052163649,0.27714999,13.8606044
695,AA,Company 412,Rating agency 1,7/26/2013,Technology,2.360134534,1.121289225,0.41687484,24.56335797,0.183659888,0.238232506,0.600037304,0.234372947,0.103443345,0.158943824,0.164451474,0.567581694,1.662085241,0.581373098,0.366098008,0.237809048,0.481280493,2.018728585,4.3433598056000005,1.595430973,0.24071138,6.386241876,4.21679465,0.391707599,7.197572409
696,BB,Company 258,Rating agency 1,7/26/2013,Consumer Durables,1.277131628,0.62989119,0.21602609,34.3789832,0.047957928,0.051354804,0.159519003,0.094448009,0.051860754,0.073076134,0.338440154,1.085676632,3.588498043,3.1262694524,0.854376601,0.345294137,0.548733717,3.159822061,2.914322303,4.0989675828,0.050855247,6.23398729,5.760469062,0.098560306,6.865153609
697,A,Company 206,Rating agency 1,7/29/2013,Consumer Non-Durables,1.428858248,0.836906595,0.1401627,71.4289859,0.084053878,0.103859413,0.3797048,0.10896978,0.077618212,0.132836799,0.229337624,0.936381293,10.51793691,1.946565079,0.664759305,0.205985041,0.76789234,1.604520318,3.9399386966,2.938290105,0.105447299,13.1683694,2.0875703,0.106995373,6.345129442
698,B,Company 267,Rating agency 1,7/29/2013,Energy,1.8457401839999998,1.2585968268000003,0.31375802700000005,77.30523993,0.12583652,0.160258656,0.297213529,0.221241299,0.043264999,0.073610196,0.073526418,0.342056661,0.57571821,0.677833138,0.398772295,0.224479635,0.6430681624,-2.092716263,3.9798825790000003,1.696286687,0.197667222,8.388796797,0.99766777,0.119237321,8.462189623
699,A,Company 276,Rating agency 4,7/30/2013,Technology,1.6670809358,0.8577935672000001,0.880372658,25.20123998,0.0867442624,0.058132725600000004,0.644369015,0.326237236,0.147269636,0.172055189,0.267417634,0.44579654,5.926865645,0.787771393,0.426991477,0.0,0.992859393,1.8899499624,5.0097589211999995,1.83958486,0.324384745,3.256938455,2.1373178812,0.429914939,1.554179912
700,BBB,Company 26,Rating agency 4,7/31/2013,Energy,0.683653325,0.832256089,0.060675057,52.26581017,0.117047204,0.16143279400000002,0.993808204,0.345073148,0.049089969,0.156233548,0.091293219,0.420744175,0.531679765,0.84554606,0.452532823,0.681668752,0.094916495,0.718041188,2.680046268,1.839411379,0.328160315,3.659462364,7.539586974,0.353716758,0.0
701,BBB,Company 179,Rating agency 1,7/31/2013,Capital Goods,1.238450826,0.717602331,0.148485651,47.46487128,0.02318061,0.043548382,1.002208204,0.043554566,0.047794606,0.171680809,0.1900658918,2.077289346,6.793692989,2.1892279544,0.885267471,0.355798435,0.510685829,4.314212874,4.506471374,3.2001092844,0.043213236,7.622617422,8.389884191,0.063212316,4.94222535
702,A,Company 324,Rating agency 4,8/2/2013,Consumer Non-Durables,1.77079224,1.133217155,0.787056751,24.23824829,0.115911176,0.189327451,0.461230155,0.113758894,0.15167657,0.0701411238,0.12339870900000001,1.335866875,3.994081136,2.337504425,0.696148589,0.318678167,0.726961063,5.310197204,3.9498314652,3.323539477,0.186718025,16.57080734,7.266944788,0.167282942,8.433243256
703,A,Company 438,Rating agency 3,8/2/2013,Miscellaneous,1.441931454,1.098229655,0.684358236,40.33194314,0.107253307,0.11643481,0.306604627,0.14261004,0.0413625626,0.1052897462,0.157608062,1.818222704,5.680684583,2.41096592,0.709528757,0.222444709,0.880558824,4.512267571,5.8122038704,3.429078283,0.116917501,8.431571132,5.071388241,0.108809154,4.1517938824
705,BBB,Company 223,Rating agency 1,8/2/2013,Capital Goods,1.603911211,0.800388177,0.375602794,32.11374528,0.055009193,0.051772239,0.220334117,0.083002094,0.070865242,0.099565134,0.14825807,1.289377848,6.765910599,1.108117698,0.527862649,0.465021389,0.512332031,4.167156008,6.453373302,2.10702964,0.051638585,4.475759306,8.121875864,0.073581499,8.68117278
706,A,Company 99,Rating agency 1,8/5/2013,Consumer Durables,1.585068445,0.372446709,0.361181027,0.0,0.068793842,0.097698741,0.288142222,0.104801856,0.060446006,0.130238539,0.15711457,0.862481922,6.655410298,1.533101159,0.598906728,0.0,1.004480774,1.593779143,2.727079823,2.584326144,0.096542205,9.169984017,1.593527622,0.086613659,5.85848063
707,AA,Company 266,Rating agency 1,8/5/2013,Health Care,1.482636821,0.958653492,0.429496276,54.63523075,0.201594514,0.255310508,0.788683482,0.203662493,0.132421442,0.223868711,0.267780672,0.658772917,2.910761883,0.99918068,0.497706814,0.206386415,0.992633311,5.27775015,4.727708501,2.008268013,0.257278528,9.651966436,5.287667294,0.246966403,4.344376297
708,BBB,Company 519,Rating agency 4,8/5/2013,Capital Goods,2.317558577,1.536058368,0.48919069,49.64195162,0.113890044,0.165174185,0.294990596,0.17100032,0.103855179,0.186587059,0.18420958,0.916533067,9.33973193,0.78380964,0.441592451,0.308386148,0.82515599,2.035994265,3.4487686416,1.779471304,0.164578684,14.70959631,2.457085605,0.091348679,5.490055719
709,A,Company 272,Rating agency 1,8/7/2013,Capital Goods,1.937963679,1.146462604,0.660833041,0.0,0.068410602,0.099882138,0.189077466,0.09889682,0.056640599,0.093619332,0.175064211,0.818742934,6.762085142,2.135711908,0.683648212,0.307923458,0.778865388,5.249085163,8.2173271854,3.142754131,0.09917171,9.772786468,6.744065249,0.137970198,6.512698304
710,B,Company 538,Rating agency 4,8/7/2013,Energy,0.965920693,1.591107456,0.403465888,38.0876130976,0.055646102600000004,0.0916385738,0.999115789,0.179562149,-0.009712412,-0.012327461,0.082295988,0.004095094,0.007656213,3.092976691,0.757165813,0.530588142,0.965835138,1.222047548,3.5159573003999993,4.104728168,0.090901602,12.11103462,1.268764907,0.19431101380000002,14.1007216
711,BBB,Company 63,Rating agency 4,8/8/2013,Basic Industries,2.6478428,1.581535267,0.806037135,31.93825287,0.087987546,0.114030501,0.139428741,0.11530458,0.141551947,0.231579645,0.309997654,1.622690504,5.256015329,1.192869202,0.538841798,0.228322875,0.680669048,5.762649111,8.628762484,2.172196734,0.113317024,7.412050022,8.549687377,0.110692661,13.49146596
712,A,Company 33,Rating agency 1,8/9/2013,Finance,0.970278894,0.829252878,0.356160544,49.50333772,0.152915334,0.230521166,0.659697938,0.264959135,0.07688932,0.136606229,0.152829681,0.50367993,7.937527851,0.969824182,0.495643192,0.354615041,0.853634513,3.964812725,1.958344066,1.970693931,0.231157918,12.12368927,4.676342497,0.246223479,3.0516392189999997
713,AA,Company 95,Rating agency 1,8/12/2013,Consumer Non-Durables,1.086388385,0.615430181,0.21693939,34.55446329,0.12764737,0.203949279,0.588543683,0.203189954,0.160163301,0.057227101200000005,0.170332692,1.265873034,4.266295921,5.021523451,0.828153964,0.326207245,0.791605876,2.699478737,3.1930005924,4.3413009632,0.203169092,15.47101093,3.414643555,0.185080452,5.392878531
715,BBB,Company 310,Rating agency 4,8/12/2013,Energy,1.488523707,1.150794143,0.649682031,36.57031394,0.035586144,0.058744313,0.233012307,0.093276318,0.026374274,0.075307223,0.066260741,0.740122244,1.001655002,1.546423088,0.607448607,0.392691811,0.076831675,0.357899401,3.251868108,2.538103372,0.086930048,7.133995057,4.692812012,0.187923924,3.232947572
716,BBB,Company 281,Rating agency 1,8/12/2013,Public Utilities,0.692924033,0.395500002,0.067449141,28.61598545,0.062508939,0.058969332,0.364457304,0.129536254,0.030648095,0.033202252,0.094677819,0.48733314,0.640897584,2.06305888,0.672314853,0.617978164,-0.376204499,-2.584605327,2.346330182,2.9643641892,0.059415731,9.409143526,6.730578376,0.158378344,10.23030898
717,BB,Company 372,Rating agency 3,8/13/2013,Consumer Services,3.734533873,1.395909188,0.5662796718,0.0,0.064680346,0.082416883,0.32600902,0.064751114,0.116807177,0.185255596,0.167305803,1.842345978,12.65710309,0.414407549,0.294519273,0.414537456,0.606452338,1.664341626,5.1657302938,1.423968522,0.082278019,9.384717725,2.745362889,0.067331041,13.98038235
718,BBB,Company 75,Rating agency 1,8/13/2013,Technology,1.5282699456,0.8001658623999999,-0.183353647,2.7895301618,0.084326605,0.110886881,0.907394486,0.127119772,0.08047137,0.062350756,0.123273786,0.938400796,14.29801918,0.517718667,0.329835798,0.234319125,0.794480703,0.871161862,1.0957596902,1.561274572,0.134078115,4.6727996662,1.096702615,0.124809977,-0.085305438
719,AA,Company 74,Rating agency 1,8/14/2013,Capital Goods,0.608010289,0.362137165,0.172765107,38.91629037,0.100752919,0.156256927,0.267558355,0.157352125,0.0596504,0.13895233,0.341405948,0.582295938,6.39407895,4.822419555,0.823802514,0.352538937,0.64775032,5.420229495,10.305338945399999,5.780238513,0.15525099,9.041592087,8.426213611,0.093872723,2.843551327
720,BB,Company 390,Rating agency 3,8/14/2013,Miscellaneous,2.296005214,1.576765554,0.28133777,79.16493468,0.072344549,0.090482773,0.645917813,0.108337517,0.054955982,0.088448069,0.250969279,0.75779007,17.26150964,3.61574576,0.783143936,0.178034578,0.584828419,1.002708196,9.895053088,4.559386833,0.090644494,9.860203405,1.70414685,0.046142867,3.224388389
722,BBB,Company 345,Rating agency 1,8/14/2013,Technology,1.267848627,0.994762132,0.315792638,94.11600892,0.044926607,0.054802705,0.288866839,0.070558939,0.030507957,0.054787812,0.096810968,0.685925353,6.829269413,2.162874711,0.689375859,0.215214654,0.479181169,1.115003448,1.5303356853999999,3.208535404,0.054797549,4.772680484,2.326893651,0.022364206,6.841502585
723,BBB,Company 566,Rating agency 4,8/14/2013,Miscellaneous,1.726157737,1.511600062,0.56811843,67.03797476,0.08701594,0.134048957,0.272144033,0.134226432,0.105715419,0.206787661,0.259642268,1.198271582,7.414739664600001,1.469852912,0.59189203,0.343210102,0.807478509,1.81536461,1.527698692,2.482642721,0.134129096,9.025385443,2.239631858,0.11152186,12.38169922
724,AA,Company 355,Rating agency 1,8/15/2013,Health Care,1.329611173,0.529692145,0.234821436,13.31773149,0.035310715,0.055842452,0.292155412,0.05607586,0.071370291,0.157980512,0.131443417,2.033268704,5.937132648,0.825459102,0.449094148,0.372840094,0.714238287,3.25401825,2.246091369,1.842053001,0.057969875,9.879383129,4.544029875,0.059568213,10.96596841
725,AA,Company 359,Rating agency 1,8/16/2013,Health Care,1.688188646,1.02050218,0.344490242,50.54864131,0.151585927,0.214243182,0.475152703,0.216111512,0.139185246,0.251218516,0.268704539,0.925883035,3.582783944,0.911176535,0.476084247,0.281572206,0.719053175,6.093311439,4.879087678,1.933615168,0.213662467,11.34181723,8.47172002,0.189895699,8.994784698
726,BB,Company 449,Rating agency 3,8/16/2013,Basic Industries,3.223603499,1.3815754331999999,0.5764281792,33.3313158,0.10952627340000001,0.1283593932,0.502945973,0.1825243048,0.03283509020000001,0.0619821366,0.1441248196,0.3534298688,0.170354762,0.0,0.7516841824,0.320093482,1.001648355,3.11e-06,3.2826225082000002,0.001010255,0.1282745512,4.743366067,3.09e-06,-0.00010594,2.267397038
727,BB,Company 175,Rating agency 1,8/16/2013,Health Care,1.649608032,0.835603063,0.118331403,67.29906254,-0.016985208,-0.031425566,0.692789457,0.016780941,-0.007330285,-0.015017206,0.1734611782,0.428809629,4.609569281,1.523177964,0.605565912,0.459115205,0.771931444,0.621162719,0.162482401,2.517744681,-0.031105722,10.188110445400001,0.80558949,0.151281248,8.787005417
728,BB,Company 476,Rating agency 4,8/16/2013,Consumer Non-Durables,2.467356925,1.484045125,0.537039143,71.57364394,0.072910885,0.056783636,0.251863165,0.109462021,0.083539162,0.085353849,0.143170863,1.156923922,6.54752449,0.703149366,0.414609636,0.507485993,0.778060362,3.95006549,5.173427119,1.686022608,0.057004562,6.803147383,5.080844832,0.107173225,6.860911517
729,BBB,Company 259,Rating agency 3,8/16/2013,Capital Goods,1.8722249,0.057920199,0.057322917,0.0,0.038168341,0.051814165,0.183596363,0.051381678,0.026783901,0.040738061,0.054104928,0.693455035,1.82091488,1.02430758,0.503198877,0.247103595,0.154242908,0.549180243,0.484431559,2.256224417,0.051137298,10.64680643,3.524561264,0.079122551,4.365713037
730,A,Company 45,Rating agency 1,8/20/2013,Health Care,1.710674752,0.955897109,0.467029411,69.61181983,0.132220091,0.185275496,0.492875985,0.131813951,0.077577824,0.141454562,0.236649797,0.588981389,1.944575168,2.03764207,0.66687214,0.188434391,0.521888353,3.098825818,3.4935117766000006,3.07511012,0.186445941,9.469545305,5.940947504,0.208985389,1.583625617
731,BB,Company 271,Rating agency 3,8/20/2013,Energy,1.196523307,1.192866572,0.019840106,32.35980682,0.020769093,0.020563745,0.990462651,0.027029377,0.03035282,0.035091608,0.077843105,1.446233806,3.696744956,1.606068206,0.620874816,0.01003072,0.3036347162,-2.440244209,1.904648617,2.1402104512,0.020410397,4.3559370186,1.637937137,0.033240477,0.0
733,B,Company 498,Rating agency 3,8/21/2013,Consumer Services,1.609467341,1.188710631,0.002044315,57.59025275,-0.011564765,-0.028972092,0.997829322,0.146267777,-0.004736293,-0.012639631,0.10759327299999999,0.408144438,2.376413196,1.864367227,0.651137709,0.602401793,0.623484607,0.000727993,5.7468390396,2.851879765,-0.02911786,13.180188830999999,0.001144805,0.122327571,0.0
734,BBB,Company 308,Rating agency 1,8/21/2013,Capital Goods,2.485198416,1.692786258,0.985289592,42.60866871,0.036219094,0.038725684,0.134782167,0.036330336,0.047614538,0.068146549,0.187824036,1.320142541,5.50714642,2.89418292,0.745664173,0.454560746,0.642382894,2.504355321,9.243810194,3.900332761,0.038179615,6.364970349,3.945346777,0.085429005,7.234677354
735,BBB,Company 282,Rating agency 3,8/21/2013,Consumer Non-Durables,0.811485823,0.41320702,0.138930752,30.02794839,0.104001557,0.143376352,0.358184216,0.160604871,0.081649391,0.146024846,0.279272074,0.792031058,4.567883288,2.412400015,0.700211584,0.290081,0.788110575,3.574072669,1.148083423,3.426575999,0.143372828,10.96778688,4.470766062,0.165516816,7.918778274
736,BBB,Company 67,Rating agency 1,8/22/2013,Public Utilities,0.690817499,0.539025045,0.035616385,55.58781381,0.081815523,0.093580132,0.585319423,0.149162198,0.025382014,0.032992358,0.090386232,0.310803766,0.431716351,2.61064464,0.725105784,0.130968073,-0.190156503,-0.955577089,1.982140599,3.613304295,0.0933914,9.932728386,5.097180959,0.167572015,5.198110179
737,A,Company 141,Rating agency 1,8/23/2013,Energy,1.08279158,0.656120495,0.23479817,67.24375403,0.207366522,-0.001082947,1.005722962,0.206741792,0.064390013,-0.000407642,0.129577511,0.307215781,0.399415777,1.03469825,0.511989181,0.3471907888,0.013101484,0.256556565,5.934081647,2.05164035,-0.001068023,4.67915422,6.792229355799999,0.17171503000000002,0.0
739,A,Company 116,Rating agency 1,8/23/2013,Public Utilities,0.845690868,0.388319045,0.044777987,47.29019928,0.129324016,0.138742714,0.993560929,0.254734178,0.033732895,0.041905044,0.145939942,0.260694048,0.405305428,3.280195735,0.760643398,0.497116895,-0.193967356,-1.165783486,2.4158342158,4.298266946,0.13759336,12.58064084,5.969796914,0.263956529,3.334653885
740,BB,Company 51,Rating agency 1,8/23/2013,Energy,0.61997614,0.13336177,0.018177702,11.36528246,0.164184092,0.256325342,0.996119547,0.257433334,0.035027074,0.057786506,0.07702744,0.211415892,0.254414638,1.215985585,0.545689892,0.361619614,1.00061459,3.722536554,5.2094912976,2.214277291,0.257487268,7.913084911,3.680606492,0.161794241,0.0
741,BBB,Company 294,Rating agency 4,8/23/2013,Public Utilities,1.008052083,0.306574473,0.118329814,21.98235507,0.095727199,0.150910354,0.990023004,0.189170035,0.025570009,0.043500433,0.086927734,0.262651251,0.332708325,2.383358779,0.699739683,0.333065797,0.10374795,0.721601561,1.3546033056,3.406113622,0.148975806,10.35070931,6.887707681,0.358904889,4.001462853
742,AA,Company 37,Rating agency 1,8/26/2013,Energy,2.701386728,0.468129677,0.464610642,0.0,0.072126018,0.094795857,0.801350641,0.106195889,0.072608708,0.113193298,0.157218384,1.003305836,2.589378168,1.144622148,0.533598368,0.232114823,0.339939817,1.69933342,2.642214203,2.149888699,0.093592881,10.12112221,4.940290859,0.151481038,2.5147233
744,CC,Company 215,Rating agency 1,8/26/2013,Transportation,1.373230994,1.08880099,0.299843891,3.45e-05,-0.017147985,-0.026515974,0.997720619,0.005711098,0.0464904706,0.019357937999999998,0.0846335148,0.4272191460000001,5.923531143,0.880589861,1.009419752,0.0,0.756704936,1.3977533448,-0.019836702,2.0642247174,-0.02656824,-0.001019433,1.3034432169999999,0.002490234,0.0
745,CCC,Company 401,Rating agency 4,8/26/2013,Basic Industries,1.867054237,1.50148436,0.39088009,48.07015051,-0.047059464,0.041617313,0.137988443,0.070342482,-0.040166596,0.045792252,0.13429194300000002,0.856286569,2.112434866,2.502621884,0.713509957,0.343494422,0.108226644,0.743588624,3.0966519498,3.494321663,0.041757918,-0.404940394,2.2325263614,0.101377895,5.458190092
746,B,Company 320,Rating agency 3,8/27/2013,Basic Industries,2.647319211,1.2312637454,1.065818227,42.86585217,0.08120997,0.133366862,0.210553615,0.15445306,0.051239098,0.09407367,0.13293391,0.6220941,1.625503127,1.616880766,0.617602498,0.394212269,0.2549979442,-4.623358519,15.67285225,2.650244253,0.133485965,7.966808521,2.417426401,0.079679007,8.705167645
747,B,Company 588,Rating agency 3,8/28/2013,Consumer Services,0.455864019,0.264070879,0.162620309,20.08999121,-0.043046912,-0.044047649,0.690795747,0.174757036,-0.008163692,-0.009447805,0.058250392799999995,0.193816062,0.504860816,1.0869594334,0.94635302,0.02276329,0.662155111,2.595836773,0.993873921,2.0923286212,-0.043748779,22.53592393,3.907137638,0.384037009,16.94151894
748,B,Company 353,Rating agency 3,8/28/2013,Consumer Services,1.171731415,0.621187042,0.296622948,29.9619715,0.029877559,0.097164461,0.888159765,0.307000211,0.004347795,0.014649144,0.012919214,0.146174113,0.340719478,1.991187813,0.663049181,0.685765035,0.546015401,2.262877554,0.752646002,3.002972716,0.096536247,18.34128144,4.156279785,0.406861666,2.216868969
750,A,Company 21,Rating agency 1,8/29/2013,Health Care,1.65078596,0.844559989,0.263110737,25.37080301,0.036574514,0.059181647,0.187646386,0.064023393,0.063920952,0.133258717,0.121465957,1.756404837,14.60046533,0.887209998,0.470362294,0.392134635,0.653806569,3.143624473,4.6332160324,1.889737073,0.059593213,9.180005016,4.710432771,0.04545286,18.58944542
751,B,Company 488,Rating agency 1,9/4/2013,Consumer Services,1.374596436,0.817132383,0.385790357,20.3257876,0.017099984,0.028414346,0.201955561,0.037637985,0.047089255,0.12116593,0.116476447,0.456530388,8.950324634,1.441635432,0.591207565,0.39859555,0.674322489,0.211703382,1.453617706,2.436563499,0.028659374,4.253076653,0.309394889,0.010630407,2.1829950522
753,BB,Company 522,Rating agency 3,9/4/2013,Basic Industries,2.762983924,1.498451188,0.566499726,44.08874418,0.0264840894,-0.025916955,0.229456551,-0.000450155,0.0219311944,-0.023828074,0.0647567752,0.830892484,1.95596408,0.902409217,0.473600523,0.13163731039999998,0.218808659,0.47626263,3.43228385,1.900072218,-0.025537935,8.749716193,2.159050329,0.046613146,6.492516715
754,B,Company 262,Rating agency 1,9/5/2013,Basic Industries,1.915472743,0.567383486,0.337285234,14.2355274,-0.027939552,0.013193197,0.027096198,-0.025300274,-0.022422616,0.012130969,0.043860615799999995,0.795395006,1.177193545,0.798804673,0.444845391,0.165598284,0.9199250348,-0.297370458,2.4415163717999997,1.794008707,0.013169968,12.7234145858,0.220425606,0.013498967,13.07537731
755,B,Company 329,Rating agency 1,9/5/2013,Public Utilities,2.283928579,1.555298091,0.558916366,85.28510059,-0.040917302,-0.038621945,0.413943186,-0.000844548,-0.046982393,-0.068016085,0.104740408,1.154891425,17.53838746,1.9001262027999999,1.04178843,-0.065676904,0.019499255,0.008411257,4.561633306,2.9112314883999995,-0.038721066,11.079846266,0.437736789,0.021247194,4.816808162
757,BB,Company 437,Rating agency 3,9/5/2013,Basic Industries,1.620818303,0.250890919,0.092445827,17.94412084,0.021086998,0.033559076,0.111357522,0.048973276,0.025706892,0.066333685,0.069667581,1.222426048,8.400039959,1.731894485,0.637585295,0.377578153,0.164591937,0.175849427,2.55351086,2.701514104,0.033378789,6.473285507,1.051449945,0.012228695,4.929299928
759,BB,Company 117,Rating agency 1,9/6/2013,Technology,1.494557521,1.615514303,0.310042164,37.88676410200001,0.057949485,0.070460357,0.323016517,0.062727661,0.039817791,0.060513776,0.094485489,0.684035564,9.847435546,1.314948783,0.557666661,0.179676196,0.861752869,6.624840063,10.9916689136,2.376078996,0.06995008,5.58980361,7.753159423,0.119526446,8.312777417
760,BBB,Company 213,Rating agency 1,9/6/2013,Technology,1.111707304,0.765548362,0.383666083,36.21146313,0.216754123,0.0659995884,0.611484091,0.1467700378,0.138595679,0.26179762,0.0802166266,0.643419203,6.851852655,3.542908387,0.782854909,0.365784898,0.705695886,2.167096367,1.01950554,4.580825082,0.065712463,16.13750004,3.038627253,0.318685151,3.314569057
761,A,Company 249,Rating agency 1,9/9/2013,Consumer Non-Durables,0.674134791,0.281199336,0.101817251,26.29612872,0.057014114,0.117676206,0.3643007,0.13477973,0.05450479,0.19033826,0.373822528,0.967442932,3.541915033,3.4724669942,0.85899872,0.288432394,0.672148554,2.174333264,1.2934748014000002,4.4470856404,0.119395264,12.21319662,3.271238065,0.126962798,9.786811347
762,B,Company 398,Rating agency 3,9/9/2013,Energy,1.105620889,0.9264758541999999,0.751251032,34.61849514,0.0821583498,0.10172949179999999,0.262706508,0.1225013288,0.086726739,0.092710391,0.27647146,0.179369219,13.51559125,2.234212844,0.694065051,0.0,0.997319583,2.246001671,3.304948611,3.215025845,0.11986177760000001,7.7525771805999995,2.234997735,0.10536757020000001,0.128360955
763,BB,Company 154,Rating agency 4,9/9/2013,Energy,1.369921657,1.334179151,0.896651774,43.84056144,0.128205183,0.202884358,1.007572806,0.200215402,0.041488727,0.071592052,0.096273623,0.31801249,0.368874781,1.305495944,0.570248288,0.360914619,1.004103504,4.0327460152,6.9109273909999995,2.317112393,0.20057252,20.0969102,4.4311633376,0.2012515392,0.0
765,BBB,Company 186,Rating agency 4,9/10/2013,Energy,1.261740334,0.957478441,0.473008176,33.14488877,0.205526025,0.055071779200000004,0.414691676,0.340545568,0.135575618,0.271200245,0.287653402,0.668392731,1.008515381,1.069734798,0.507288411,0.383553081,0.201073703,-0.8556506108,5.9309624014,2.092875397,0.06625503320000001,0.571082518,3.192774571,0.242644383,3.992333631
767,CCC,Company 192,Rating agency 4,9/10/2013,Transportation,1.500787406,1.441994629,0.214463165,40.27251051,0.020540354,0.033531448,0.110348465,0.033388722,0.066498907,0.155111932,0.123010028,1.0831288604,12.96085898,0.858798041,0.462262549,0.386600926,0.055115889,0.175181232,2.0465611396,1.864484663,0.03363575,10.78208629,3.18578651,0.035008583,12.96768856
769,A,Company 40,Rating agency 1,9/11/2013,Energy,1.305982698,0.975103846,0.276053842,46.52391935,0.206857955,0.182764141,0.918486479,0.185383375,0.11886089,0.124984836,0.205001246,0.566770984,0.855056633,0.724966473,0.4217337,0.116843185,-0.19954553,-2.867367411,9.871047331,1.745759217,0.184353878,4.068102902,14.38747347,0.200496688,1.002693959
770,A,Company 90,Rating agency 3,9/13/2013,Health Care,3.456578138,1.715313016,0.479748258,53.11103173,0.1557387382,0.283225283,0.814384319,0.316036499,0.077142989,0.091277859,0.229808039,0.283844939,3.503540232,1.996694111,0.667872565,0.034670797,0.89199401,7.405680846,6.5405384508000015,2.967712199,0.283580064,16.58801809,8.304384258,0.334817733,4.210103198
771,BBB,Company 112,Rating agency 3,9/13/2013,Technology,1.363830958,1.219427523,0.899469899,46.5677526,0.109467671,0.130571603,0.646240495,0.14551659,0.056109376,0.083004184,0.112107919,0.512237656,15.43384426,0.98013581,0.498826103,0.165297705,0.919325137,5.022100653,8.048858631,1.989448171,0.131943818,2.730752075,5.483301744,0.232416825,2.57036996
772,BBB,Company 196,Rating agency 1,9/13/2013,Basic Industries,1.8832601930000004,0.8971213384000001,0.26800349380000005,32.60679697,0.1438545094,0.272184399,0.447447808,0.23789007200000004,0.143618434,0.157394231,0.290993674,0.528128299,0.927449141,1.033902593,0.502558565,0.475268079,0.08333415,0.18279208,2.414168029,2.03556544,0.272662751,8.932815545,2.213437278,0.313055781,5.694208223
774,CCC,Company 278,Rating agency 3,9/16/2013,Capital Goods,1.2470963125999999,1.0632271461999998,0.1487309452,66.24177107,0.0878451008,0.1092472264,1.735231653,0.223507534,-0.017036963,-0.018234858,0.21348282480000003,0.062152046,7.239532683,2.3186987599999997,0.886336764,0.097878029,1.051267438,2.8423228622000005,3.7508348314,3.3230142874000004,0.10955145700000002,7.970155868599998,3.4640663826,0.129657597,-1.095181407
776,AA,Company 162,Rating agency 1,9/17/2013,Energy,1.515876708,1.144116688,0.487094515,34.75308523,0.094156475,0.158189841,0.888846985,0.156595664,0.084448877,0.162385611,0.144974626,0.899324557,1.394686919,0.703626476,0.412706585,0.398434495,-0.085559173,-1.541313959,4.8076313624,1.713438544,0.156214392,4.582818322,7.8356364765999995,0.154200755,1.089311015
778,CCC,Company 176,Rating agency 1,9/20/2013,Technology,1.329901543,0.681322652,0.455001425,52.26201938,0.037851955,0.016750609,0.197708719,0.063185245,0.024508191,0.018615783,0.085347157,0.64056397,4.696720864,2.472659507,0.718423357,0.287680788,0.797025213,1.066427295,6.36542949,3.466884836,0.016560304,13.02871742,1.332960671,0.065248561,4.577436608
779,A,Company 19,Rating agency 1,9/23/2013,Energy,1.33913899,1.252165457,0.402421909,84.81869301,0.239015086,0.1140788268,0.692254775,0.242069895,0.084656628,0.158987905,0.13621497,0.355090476,0.437374687,0.60787319,0.378516132,0.387621978,0.300882809,4.881710612,6.029293558,1.624264818,0.14876460200000002,6.312694541,5.4557521342,0.1868656708,1.364711836
780,AA,Company 34,Rating agency 1,9/24/2013,Energy,0.823625916,0.531677648,0.064166228,21.43855141,0.073820663,0.132921669,0.994245122,0.132481863,0.093130749,0.21153703,0.189001492,1.251624317,1.786124197,1.002734919,0.494076373,0.42153603,0.251951628,2.527926855,4.2344676518,1.993978908,0.132525306,5.780794551,10.24867206,0.102288165,0.0
781,B,Company 327,Rating agency 3,9/24/2013,Basic Industries,2.621725334,1.180198683,0.48976851,44.4656478,0.016348175,0.025543783,0.135436133,0.047104798,0.019164008,0.038476249,0.051322941,1.182064536,3.41428891,1.657615904,0.621720938,0.456818734,0.311795674,0.688117647,3.621984353,2.63806578,0.025328932,7.298427499,2.19065065,0.054026062,10.59518964
782,BBB,Company 529,Rating agency 4,9/24/2013,Health Care,1.492577565,1.0713242269999999,1.226618451,54.14081391,0.191499522,0.107291307,0.748097529,0.189848216,0.142460846,0.092005704,0.249602576,0.745527392,4.815722645,0.747265125,0.430018311,0.566813003,0.759771586,3.251957619,9.295414812,1.735829741,0.106471983,8.2546696,4.265998949,0.233362053,10.88501867
783,B,Company 455,Rating agency 1,9/25/2013,Basic Industries,0.91427172,0.265460379,0.176511324,45.48419945,-0.0016767877999999987,-0.13975239,-0.072924743,0.1075475454,-0.026346719599999995,-0.0401070472,0.348622962,0.77029877,5.329250321400001,2.5946136088,0.8253232236000001,0.467960155,1.000642622,1.5725135684,3.0695415886,3.630144787,-0.13978588,-2.269528717,2.5753086258,0.061749864,4.104878719
785,BB,Company 119,Rating agency 1,9/25/2013,Health Care,1.400877614,0.992986678,0.387101846,65.30643457,0.075941226,0.134336207,1.001344793,0.188106161,0.036765595,0.076638278,0.143458288,0.485623438,3.802311439,2.829845519,0.745348549,0.33873288,0.654696151,5.501200707,7.3117936310000005,3.829022642,0.135957542,6.682405518,8.52290356,0.211679384,0.0
787,BBB,Company 287,Rating agency 2,9/25/2013,Consumer Services,1.008198759,0.433500098,0.26822167,10.06652182,0.013264755,0.023740944,0.665241431,0.056373045,0.024815463,0.06313986,0.078195635,1.847655454,3.225896918,2.11991416,0.677782025,0.14834878959999998,-0.445001753,-0.461726049,3.5446375340000005,3.130271189,0.023925246,5.156350103,1.040908934,0.053583811,4.350881406
788,BBB,Company 539,Rating agency 4,9/25/2013,Finance,3.36463189,1.3102226099999998,0.090419862,1.225008407,0.180641857,0.249185592,0.626051201,0.249369996,0.046241344,0.076685539,0.151579685,0.25693974,17.5451618,2.327051452,0.691970101,0.282824964,0.807632942,2.564196937,3.9575784658,3.330786065,0.246799937,11.53099277,3.131403329,0.191220312,5.49594925
789,A,Company 79,Rating agency 1,9/26/2013,Basic Industries,1.061724493,0.997286595,0.139779773,55.29011613,0.098478403,0.131782415,0.264011952,0.129262187,0.055416246,0.091947313,0.14238699,0.573946538,1.129429697,1.544825337,0.60966152,0.227001107,0.018700302,0.136500055,4.1825795154,2.544571984,0.132576668,11.71889952,7.364862555,0.152444611,3.813367261
790,A,Company 7,Rating agency 1,9/27/2013,Public Utilities,1.212252667,0.390442347,0.17448251,1.689751808,0.108471134,0.158033452,1.00477563,0.20274341,0.023267584,0.03724256,0.063869191,0.213949882,0.357370976,1.775571534,0.642088256,0.324120319,0.134844895,1.217258888,4.599115691,2.764829658,0.158899502,10.7682726,9.089071029,0.25797341,0.0
791,BB,Company 218,Rating agency 4,9/27/2013,Consumer Non-Durables,1.4978671212,0.7783725304,0.38067118440000003,23.85244841,0.062968906,0.102189455,0.270979886,0.09749243,0.033605184,0.056855197,0.05434685,0.529535536,2.600183379,0.608440617,0.379381561,0.316649128,0.425820081,0.75190442,3.7590932886,1.616632645,0.100485299,8.629643913,1.777466478,0.122513175,8.2308507154
792,BB,Company 431,Rating agency 3,9/27/2013,Technology,1.269675954,0.594404065,0.255877478,32.52256955,0.011658944,0.013950882,0.049734676,0.01386042,0.026084312,0.07433684,0.122876607,1.004277627,10.83229193,3.693393383,0.789685657,0.080356547,0.567019593,0.951897115,5.631141125,4.688773774,0.014066613,5.845896841,1.681731593,0.047287366,6.014558068
793,BB,Company 482,Rating agency 1,10/3/2013,Technology,2.981054751,2.173516752,0.801592985,59.50521269,0.034282351,-0.028043247,0.411092283,-0.014848695,0.033086374,-0.034355669,0.048885435,0.973696221,6.829031853,0.476164051,0.322403058,0.3309750032,0.650774096,0.526680492,1.9006336126,1.462321573,-0.028066457,13.37427582,0.803807902,0.112219186,9.394582985
795,BB,Company 164,Rating agency 1,10/4/2013,Consumer Non-Durables,2.113290977,1.275598924,0.760650298,25.16361053,0.071642343,0.089596841,0.53971221,0.090287609,0.055842016,0.08231655,0.134102589,0.780294956,10.80926852,1.392016319,0.579820405,0.201731336,0.631497948,4.927306635,7.2720085794,2.377188597,0.089909634,15.30898876,7.792568335,0.094289527,7.453145107
796,BB,Company 368,Rating agency 3,10/7/2013,Consumer Services,0.569022449,1.391405872,0.089548097,45.08301394,0.0381807256,0.106592851,0.925522897,0.1453753308,0.055345595,0.055104521,0.107607587,0.104510406,1.40833086,0.93872207,0.486151677,-0.080836709,0.472337021,2.325350158,6.3452424234,1.932410965,0.10820092519999999,16.38117834,4.885431961,0.33803175080000003,0.356630937
797,A,Company 181,Rating agency 1,10/9/2013,Consumer Non-Durables,2.905479672,1.543850279,0.633044114,41.8419069,0.073382244,0.116736729,0.410561457,0.130069119,0.072483613,0.131998372,0.144709185,1.001319427,4.359999675,0.973749044,0.488650276,0.366525734,0.64159446,2.894787243,2.907222768,1.978050274,0.115042786,8.666826959,4.490369585,0.129238884,10.310720851800001
798,BBB,Company 461,Rating agency 4,10/15/2013,Consumer Durables,2.26043766,1.269909868,0.286841849,64.4439062,0.118919964,0.114189938,0.235219602,0.127964165,0.084108324,0.091483537,0.331758506,0.705248647,1.298273351,2.962620611,0.740701555,-0.050486122,0.614842508,3.843781982,1.970321201,3.985746965,0.113238904,12.42385365,6.359315056,0.165483674,7.917165432
800,B,Company 504,Rating agency 3,10/16/2013,Health Care,1.231899329,1.057792864,0.011584616,47.67882508,0.038323155,0.066404408,0.162161849,0.101477439,0.040366575,0.081534579,0.144330037,1.057663627,5.881354349,2.581469126,0.718651324,0.376172336,0.616428677,0.867965113,1.8173827299999998,3.569451119,0.06626825,7.814546226,1.409094673,0.064725692,5.8735639616
801,A,Company 365,Rating agency 1,10/17/2013,Miscellaneous,1.837943433,0.77760772,0.357927027,20.6436153,0.179667505,0.000560016,0.679352208,0.211969589,0.068480457,0.000312261,0.12168337,0.390096418,5.764782177,0.760394756,0.43122771,0.3860485116,0.745034502,2.867791884,2.9032682484,1.767486919,0.000563099,5.999271753,3.82573088,0.309361133,16.24620485
803,BB,Company 474,Rating agency 4,10/21/2013,Capital Goods,1.550260076,0.982399703,0.224492017,88.87694357,0.042878844,0.071897566,0.308332856,0.095949748,0.026876647,0.057615189,0.071755605,0.641845352,5.563428803,1.623542627,0.623836144,0.306477931,0.806206775,2.90716223,4.4563717026,2.619762884,0.072077674,13.7718207,3.624468795,0.085977006,3.34004925
804,A,Company 251,Rating agency 1,10/25/2013,Technology,0.957344164,0.759472564,0.222054287,39.392265074,0.067620083,0.069930354,0.991310535,0.124508,0.044586115,0.102446469,0.278325844,0.665185999,19.63595376,2.192927107,0.832774818,0.559853933,0.875887165,6.113627722,6.345978745999999,3.1907692759999997,0.069036064,9.532575078,6.978483763,0.125092411,0.0
805,BB,Company 9,Rating agency 3,10/25/2013,Technology,0.971955723,0.920956975,0.086517861,60.80424797,0.041452346,0.066136299,0.073282901,0.073569501,0.061029806,0.138425912,0.125538734,1.464597217,2.873705866,1.086117041,0.514510034,0.374992047,0.935184398,8.0980381468,9.282080145,2.096127701,0.066168068,6.302103536,10.85502015,0.067387336,3.5574692652000004
807,A,Company 177,Rating agency 1,10/28/2013,Capital Goods,1.465237736,1.184499508,0.432359162,51.71321472,0.075819095,0.115490466,0.510202509,0.117630433,0.066103066,0.15605759,0.160978822,0.885807257,9.064100865,1.441753264,0.595943442,0.308814464,0.850305644,7.55207413,14.777675656,2.436241794,0.114991856,8.696859601,8.865838005,0.099400927,6.864693504
808,BBB,Company 321,Rating agency 4,10/28/2013,Capital Goods,1.823191767,2.609784794,0.231841516,84.45579165,0.098290702,0.099305274,0.342464467,0.153964616,0.096294171,0.142240103,0.25700778,0.985873353,6.857580957,1.677350772,0.626149322,0.420303161,0.714945579,2.485535994,6.63275527,2.694236438,0.098173647,12.75329634,3.431855372,0.098439461,5.286462196
809,BBB,Company 89,Rating agency 4,10/28/2013,Consumer Non-Durables,0.929136351,1.367784879,0.453593007,0.0,0.187014674,0.281612314,0.424969289,0.330772164,0.129904844,0.251951708,0.1647725986,0.700084441,11.98349616,0.5040976512,0.874839129,0.346455496,0.964587235,2.129222707,4.822470194,1.5025619318,0.285443872,9.847236145,2.205709059,0.178830009,17.52076174
810,BBB,Company 185,Rating agency 1,10/29/2013,Health Care,1.818848348,1.203461594,0.097397976,5.45563124,0.035187204,0.05399694,0.208731826,0.053703907,0.042089621,0.088233643,0.100459727,1.181899288,4.5184662654,1.408548405,0.58869321,0.315273739,0.786942278,8.000196177,8.8497631364,2.39102521,0.053605629,8.11510373,10.12459653,0.043104012,16.47266077
812,BBB,Company 144,Rating agency 4,10/29/2013,Health Care,1.948080964,1.643885231,0.544932787,49.56914271,0.099453576,0.098942398,0.384942097,0.169554114,0.082616518,0.091290889,0.232213373,0.838149986,8.131208064,1.792974034,0.640490341,0.600406664,0.759158204,6.879277921,7.1581190461999995,2.808296537,0.097550977,8.722897963,9.067944149,0.14177432,11.8532389
813,A,Company 279,Rating agency 1,10/31/2013,Health Care,1.508842802,0.502620802,0.287007208,37.9080833,0.157079447,0.221709062,0.719283423,0.155146143,0.066599998,0.139121391,0.168491182,0.428484891,3.56645535,1.560926905,0.608091432,0.085105804,0.854612985,1.817760336,5.831215724000001,2.564316498,0.221881949,6.0571996200000005,2.176350151,0.215986011,1.812900591
814,A,Company 208,Rating agency 4,10/31/2013,Transportation,0.788298784,0.588558597,0.265283269,28.27065754,0.247032017,0.1189087912,0.483257071,0.363443365,0.086076899,0.143100456,0.200389458,0.350554436,0.403210403,1.336269262,0.571249829,0.274469734,0.459233655,1.895276674,1.9738374518000001,2.34052952,0.1292883172,11.39018209,4.107923497,0.333976472,3.688548705
816,BBB,Company 158,Rating agency 1,10/31/2013,Basic Industries,1.914239126,0.904216975,0.162621921,34.36839906,0.125464054,0.178853005,0.299484309,0.200281032,0.097699749,0.162285561,0.306147042,0.794121546,2.160009103,2.123323523,0.673035677,0.301397181,0.630216633,5.253378511,3.1231051456,3.12527085,0.181077414,6.804826525,8.480683884,0.138299885,4.476037569
817,BBB,Company 91,Rating agency 1,11/1/2013,Energy,2.389511615,2.32120045,0.5253812032,44.6158299004,0.14027246119999998,0.19487684959999999,1.000361432,0.15990994100000003,0.039878385,0.056659189,0.09608174,0.000944221,0.001098798,1.435054555,0.584503629,0.335133716,-0.49765416,-3.931425788,6.452896991,2.445046856,0.1963552036,6.772373866,8.00142272,0.3028670794,0.0
818,BBB,Company 132,Rating agency 1,11/4/2013,Consumer Services,1.757804504,1.283476519,0.954929631,27.03489664,0.157724302,0.21790922,0.992528548,0.271752919,0.0473890398,0.054603870199999995,0.16027187659999997,1.302457653,10.64630035,1.3840859719999998,0.5167041286,0.283980289,0.777843096,2.063588265,2.909518726,2.4565487960000003,0.220701001,16.69769147,2.654230054,0.212476991,0.0
820,BBB,Company 16,Rating agency 1,11/4/2013,Public Utilities,1.306467409,1.196449498,0.087675196,50.64422388,0.069123919,0.114306466,1.003941823,0.173765765,0.025796843,0.049194142,0.129954776,0.373897813,0.403284573,4.03386936,0.799305162,0.396162107,0.067517744,0.364696824,5.387060501,5.004851911,0.11498251,8.144210783,5.356413646,0.216875892,2.086173267
821,BBB,Company 128,Rating agency 1,11/4/2013,Basic Industries,1.752314829,1.145449302,0.351854339,46.6855449,0.047955465,0.045935128,0.268232071,0.048115528,0.04439119,0.050166195,0.170719762,0.916859884,2.113718866,2.874028176,0.735944724,0.33495364520000004,0.598971594,4.119525336,3.1015335590000004,3.924467745,0.045457193,9.705851317,6.779883653,0.104789382,7.334397413
822,A,Company 70,Rating agency 1,11/5/2013,Technology,1.775115793,1.097783642,0.185809373,59.82092567,0.084368746,0.084448201,0.305616559,0.083832839,0.05292714,0.061288075,0.111107794,0.62456668,5.709743987,1.104390498,0.524689383,0.005841472,0.726314439,3.543904404,3.612562892,2.118852898,0.085718198,15.27921712,4.855693398,0.10412002,7.836899014
824,AA,Company 198,Rating agency 1,11/5/2013,Health Care,1.800717609,1.161768064,0.34421445,43.43224822,0.14353718,0.270592381,0.875952598,0.362082817,0.157678664,0.187789707,0.215713372,0.58410369,3.98657862,0.373801896,0.274343598,0.315563893,-0.500382553,1.706639521,5.8736660532,1.389577394,0.271149487,0.022641022,2.6458634304000004,0.339916527,3.873010206
826,BBB,Company 48,Rating agency 4,11/5/2013,Health Care,3.008729751,1.908049121,1.04883711,67.17204687,0.124817079,0.173017482,0.409905469,0.162931878,0.081903714,0.088339638,0.19095517,0.655915914,5.225314365,1.298253219,0.567117492,0.275472619,0.733403492,4.323843451,8.221959483,2.273736715,0.114930544,14.72031525,5.935709704,0.155500011,5.95407775
827,BB,Company 121,Rating agency 3,11/6/2013,Health Care,1.690071152,1.201547012,0.768229902,48.968463096,0.10211115359999998,0.12294479700000001,0.579068893,0.269247067,0.048968192,-0.075430487,0.12274919340000001,0.321863886,5.71449193,1.384302486,0.915272296,0.34047452100000003,0.685430437,1.789642022,1.5814190706000002,2.383770109,0.122484382,12.5075452284,2.599301709,0.14138715,3.38477332
828,BBB,Company 190,Rating agency 1,11/8/2013,Consumer Non-Durables,1.40539238,0.244677463,0.059685685,12.66734248,0.004972367,0.016366319,0.045245563,0.01650319,0.011429003,0.070697657,0.031111891,1.4351804462,10.00538379,1.726790186,0.635156831,0.1590494198,0.532565624,8.034802316,3.6723061045999996,2.713105388,0.016644054,9.165343871,9.3975093684,0.036211556,16.65198996
830,A,Company 110,Rating agency 1,11/11/2013,Consumer Services,1.862247048,1.062963342,0.727634772,20.19415775,0.215872543,0.221432323,0.272858238,0.245627092,0.100788747,0.111564491,0.222620415,0.462310593,1.995103264,1.214558602,0.550101832,0.130922347,0.714379151,3.071333927,3.886169471,2.21480252,0.224957408,8.60229235,4.335523926,0.322213253,17.85177314
831,BB,Company 463,Rating agency 1,11/11/2013,Consumer Durables,1.738531705,0.799479596,0.260561902,32.90495215,0.050008908,0.067561954,0.148923018,0.087033707,0.055490424,0.093777783,0.257316645,1.113298631,3.304360105,3.675905978,0.780506317,0.272194146,0.710007708,3.885324851,5.080644735,4.66424458,0.068276708,6.07542267,5.509678714,0.093772204,8.887761395
832,A,Company 346,Rating agency 1,11/12/2013,Capital Goods,3.027367833,2.281827647,0.720008193,40.62679437,0.11445486,0.055397523,0.56736808,0.134005179,0.063145523,0.036799486,0.083707065,0.545590411,5.167794201,0.321991521,0.244876893,0.466996484,0.600854043,0.843097495,4.827452964,1.316193372,0.055103114,10.15687538,1.390308977,0.185385594,9.787011835
833,A,Company 101,Rating agency 1,11/12/2013,Consumer Non-Durables,1.05957756,2.656553613,0.174075445,23.19029923,0.101778736,0.133726617,0.666163777,0.15125176,0.149489334,0.2156652786,0.1422973634,1.454396475,8.88550984,2.3885019234,0.85480834,0.239819322,0.780907318,4.883224263,3.621631994,3.3874987572000004,0.136072349,10.76459329,6.276016669,0.121650174,5.968794372
835,B,Company 497,Rating agency 3,11/12/2013,Technology,2.100420034,1.885024515,0.334567534,48.573922952,-0.027722056,-0.132429303,0.901593711,-0.016829066,-0.007124094,-0.037837155,0.0880975944,0.257240693,1.401798591,2.6692559190000003,0.91757169,0.31089555560000004,0.202078963,0.407975331,3.5992043682,2.7971489026,-0.130095164,22.96097038,2.032965778,0.156262031,0.734934357
836,BB,Company 396,Rating agency 1,11/12/2013,Capital Goods,2.120076025,0.238719533,0.238658667,0.0,0.032185557,0.040851443,0.204247241,0.059461206,0.03470171,0.060966789,0.102865666,1.093798039,8.999452791,1.978638831,0.66250024,0.302272128,0.574479662,0.975519181,2.4058993025999995,2.4246657546,0.040942104,10.4898657,1.692846268,0.026559925,8.237332829
837,BB,Company 236,Rating agency 1,11/12/2013,Transportation,1.032513494,0.776718198,0.08294216,21.08465438,-0.068086571,-0.081110741,0.994710943,0.052438178,-0.043082474,-0.076943213,0.1348678324,0.630402507,1.399770298,2.222071044,1.070780851,0.158633322,0.24565475820000002,-0.12934548299999996,3.1453173884,3.6916986217999996,-0.08203317,8.667183387,4.152241912,0.025355393,5.701897426
838,A,Company 288,Rating agency 4,11/13/2013,Basic Industries,2.0002290872,1.569051001,0.3976855518000001,58.02326205,0.248688895,0.164118267,0.426601087,0.175843711,0.069012103,0.047253743,0.092241386,0.274408665,0.802011459,0.344617116,0.258949726,0.405803417,0.990455622,1.906903677,3.612362552,1.340228891,0.163465344,9.958977139,1.902410273,0.354896826,5.864153274
839,BB,Company 296,Rating agency 3,11/14/2013,Transportation,2.284216016,1.967460049,1.262836054,72.4576779,0.033305752400000006,0.0645394528,0.30986769,-4.61e-05,-0.037688902,-0.000903138,0.10685175760000001,0.178386729,0.287847752,1.636846495,0.596197401,0.037413496,0.8067323954000001,2.1731028736,4.743397372,2.723591929,-0.004801595,22.34045115,5.74827833,0.11404341,6.948240589
841,BB,Company 397,Rating agency 3,11/15/2013,Consumer Services,3.128744413,1.505564523,0.608194879,87.13601222,0.183292065,0.297010314,0.588555199,0.364540694,0.110148804,0.210372646,0.1169466844,0.609468943,9.1934352446,1.4874145369999998,0.6060661099999999,0.383892779,1.478121436,-1.03071645,3.472459201,2.3597616102,0.297262841,5.701628326,-0.690552057,-0.031114504,13.75431373
842,BBB,Company 568,Rating agency 4,11/18/2013,Finance,1.6684197802,1.1123932446,0.441494873,57.33463181,0.039990698000000005,0.0603885668,0.696994744,0.0687601882,0.058206636,0.081579683,0.123238727,0.144567955,18.16309844,1.143550962,0.535968617,0.251338499,1.009247872,0.628736054,2.8878127345999998,2.13659019,0.059944772800000004,6.476729661,0.621871259,0.052442273,6.604449912
843,BBB,Company 157,Rating agency 4,11/18/2013,Miscellaneous,2.398314259,2.434221095,0.4396591516,0.0,0.144030088,0.141607187,0.419462828,0.199409296,0.078323512,0.083870982,0.1797927634,0.5449476,5.1317348348,2.0416503944000004,0.894735487,0.163600923,0.823273309,1.581881998,3.704540953,3.0790166894000004,0.139995767,4.827419708,1.962538035,0.19530175,5.03505343
844,BB,Company 100,Rating agency 1,11/20/2013,Public Utilities,0.647825413,0.424436427,0.04271596,54.77742865,0.103896822,0.144585579,0.396223593,0.211150523,0.04620708,0.102373291,0.139793789,0.450718086,0.974770102,1.926957886,0.640979923,0.281952283,0.445101647,3.752856104,0.431509337,3.002472468,0.188637364,7.247547116,8.300116353,0.315024162,2.823325643
845,BBB,Company 199,Rating agency 4,11/25/2013,Consumer Services,1.02012482,0.699089225,0.474832928,13.82620048,0.000559838,-0.015410306,0.572314549,-0.021717724,0.000719872,-0.037414135,0.001865907,1.301442427,4.663971172,1.561783519,0.616946752,0.36107924700000005,0.602800584,2.350757325,3.6572263706,2.578097733,-0.015550722,13.956837640999998,3.857662685,0.194649144,13.00826735
846,BBB,Company 387,Rating agency 2,11/25/2013,Capital Goods,2.0397007866,1.1789007606,0.5367585936,31.18958862,0.08658213,0.088783221,0.237378568,0.177504755,0.051198466,0.054853517,0.156645073,0.599855078,0.906525945,2.046424599,0.675277022,0.532159647,0.78084473,6.722595772,5.614062986,3.018395897,0.088056799,2.461469345,8.647791649,0.152779252,15.43085693
847,A,Company 29,Rating agency 1,11/26/2013,Public Utilities,0.855917147,0.968134775,0.006954683,41.70342169,0.053936733,0.055813595,0.145240482,0.072076378,0.064804631,0.083438273,0.171621932,1.194048586,1.778686054,1.641871014,0.622946425,0.021433915,0.119354088,0.512719302,2.79316348,2.612828099,0.055818531,9.892736992,4.339902304,0.080626873,1.1177708486
848,BB,Company 434,Rating agency 3,11/26/2013,Technology,1.271969691,0.865354222,0.272585002,85.70714974,0.07391332,0.108560789,0.62559398,0.14316012,0.038249846,0.069654639,0.11660146,0.518051701,15.0014746,2.09554492,0.681293586,0.311453176,0.839201765,3.006115787,4.2050815641999995,3.108997637,0.10858337,7.407477558,3.506369509,0.160378438,7.248294187
849,BBB,Company 471,Rating agency 3,11/26/2013,Public Utilities,0.821007983,0.641660559,0.019145767,44.7143548,0.006981293,0.035390806,0.910776933,0.077457696,0.004361726,0.025332483,0.017167937,0.621946425,1.132776118,2.944165791,0.754124565,0.3668824904,0.483268744,2.515104046,3.5645075422,3.98732084,0.035053224,12.19748918,5.24094566,0.175190608,1.65366772
850,BBB,Company 221,Rating agency 3,11/26/2013,Public Utilities,0.830508773,0.744253217,0.124090781,38.85364505,0.070213692,0.07173116,0.379198056,0.143789708,0.029744545,0.033101476,0.074043397,0.426066922,1.206472286,1.522170666,0.605237849,0.434621436,0.430930988,1.830187584,2.0192692459999995,2.526573241,0.070480909,8.526710681,4.270929047,0.183434701,10.17234025
851,A,Company 43,Rating agency 1,11/27/2013,Finance,1.664519497,0.387280734,0.609869307,101.8099924,0.10959227,0.160885477,0.993448514,0.167781228,0.080100142,0.15074693,0.168660868,0.721017055,14.82683828,1.123340093,0.525454294,0.299091534,0.706413701,1.720199609,-3.518791075,2.140349069,0.16105502,10.69598854,2.439978867,0.109258418,0.013022938
852,AAA,Company 127,Rating agency 4,12/2/2013,Health Care,2.18758124,1.602836908,0.82053538,60.3740626,0.194055558,0.233663878,0.682959037,0.192212743,0.104859642,0.157642322,0.187777677,0.538577014,4.28728922,0.796386687,0.43834718,0.097492196,0.78852974,4.923486541,4.8464268542,1.789616228,0.232979323,13.93775063,6.250034834,0.246315648,3.551701503
853,AAA,Company 59,Rating agency 3,12/4/2013,Technology,2.705666229,2.511830615,0.101611608,82.08113973,0.10154268520000001,0.086480917,0.735687185,0.34307643,0.154088862,0.062969847,0.277889332,0.544507848,7.853105993,0.808873478,0.448492854,0.2294827722,0.851359805,2.923387742,9.221006368,2.554757586,0.085063513,9.085873339,3.44070683,0.373786226,4.205382751
854,B,Company 145,Rating agency 1,12/4/2013,Consumer Services,1.23637924,1.682256993,0.813634245,21.34812711,-0.015948507,0.008890651,0.912110547,0.112264216,-0.005963245,0.003645542,0.11498007800000001,0.378464766,0.704027681,1.6782939632000002,0.834048096,0.35943616,0.566217457,1.542520762,6.469802696,3.542408925,0.008903807,11.73775981,2.654051069,0.133563139,3.505300638
855,CCC,Company 335,Rating agency 4,12/4/2013,Energy,2.377526923,1.386927635,0.818590956,33.15409325,0.028586405600000003,0.029740889399999998,0.790590833,0.030038227,0.0349344466,0.0833888782,0.20128374339999996,0.640510305,11.76488766,2.359120596,0.696715504,-0.116263361,0.882404223,0.823213331,1.278413123,3.366606803,0.029635828200000002,3.8143298834000006,0.935801813,0.26686112,4.916651074
856,A,Company 64,Rating agency 1,12/5/2013,Consumer Non-Durables,2.701217874,1.743042553,0.704356884,45.5805001,0.059604981,0.082329522,0.168555103,0.092012694,0.07335812,0.119720073,0.165732201,1.24954665,3.102410015,1.226030989,0.546954619,0.265158963,0.5206241,4.2052828,7.588826538,2.231138854,0.081799396,7.400605687,8.095303773,0.093302112,11.4259569
858,BB,Company 404,Rating agency 3,12/5/2013,Capital Goods,2.21224662,0.628599879,0.043366207,42.63316754,0.079841287,0.124989166,0.251305972,0.144791792,0.057020299,0.104666114,0.144692058,0.716091283,4.557982477,1.540705042,0.60449915,0.358474111,0.996880547,6.427147227,8.5759571676,2.546270218,0.124772194,6.039345936,6.427704068,0.085993669,8.499379847
859,BBB,Company 13,Rating agency 1,12/5/2013,Public Utilities,1.029756837,0.808250705,0.017244635,50.61055664,0.07320776139999999,0.07592918239999999,1.00298266,0.2096107892,0.038860983,0.069356081,0.054830553,0.00327441,0.004399525,0.398790463,0.283034941,0.367961673,0.442639966,2.401096004,2.6945715934,1.396914228,0.17789635860000003,9.593297839,5.385969088,0.22825026719999997,1.973032652
860,A,Company 261,Rating agency 1,12/6/2013,Energy,1.211663427,1.144528242,0.91356343,53.60652278,-0.001920724,0.014367011,1.009864603,0.060044416,-0.00046902,0.004130659,0.11724508959999999,0.241135611,0.363642317,1.096724562,0.522485532,0.2900578848,-0.243886403,-3.282624052,15.16178428,2.07666434,0.014278099,8.73624808,13.62521865,0.14930781040000002,0.0
861,B,Company 41,Rating agency 4,12/9/2013,Consumer Services,0.747740139,0.82581192,0.211443063,21.65897935,0.108803883,0.109502529,1.001388532,0.115186216,0.062612886,0.075338459,0.120918461,0.570752271,1.329527448,0.926772219,0.480980838,0.35949241,0.669040519,5.537645416,5.906593732599999,1.906099171,0.109859955,5.479459213,8.418676792,0.186372347,0.0
862,BB,Company 370,Rating agency 3,12/9/2013,Energy,0.81320417,0.711771912,0.018650105,22.277895393599998,0.208481145,0.147985573,-0.011641783,0.0768851746,0.016938377,0.012925341,0.046941084,0.080792364,0.086993409,1.767719082,0.639426078,0.23567171939999998,-0.345421796,-2.298607929,2.9539408263999998,2.801177713,0.148292734,6.097384646,6.640369991,0.21594189560000002,1.76890024
863,BB,Company 47,Rating agency 3,12/10/2013,Basic Industries,1.262734299,0.778494592,0.368283724,53.69803775,0.016292195,-0.01227791,0.333987403,0.07906588,0.013630936,-0.014708482,0.08863371,0.839987475,6.833861796,1.8564481196,0.850499299,0.3575661486,0.807004263,2.60345774,4.8672804844,3.5542076710000003,-0.012415802,10.46688326,3.22856513,0.081217897,9.634190948
864,BBB,Company 306,Rating agency 4,12/10/2013,Capital Goods,1.705063422,1.149511886,0.403453238,62.03942341,0.083892697,0.125130801,0.340401779,0.135040583,0.061669393,0.111948523,0.182397343,0.735972247,8.568584202,1.949965198,0.663648026,0.324713533,0.868574079,3.660280908,5.1716320158,2.7601417344000003,0.126016782,10.64476759,4.140769846,0.092202433,7.454450397
866,B,Company 15,Rating agency 1,12/11/2013,Consumer Non-Durables,1.453922494,1.032560959,0.574099761,4.214765504,0.036990278,0.060585118,0.292686267,0.10711575,0.030817209,0.074911242,0.1192488912,0.838729939,13.33901265,1.3633449896,1.068321614,0.39122736,0.740548371,0.42054406,4.436792838,2.4176556122,0.060376512,13.94609747,0.566123076,0.049011002,2.3520446995999995
868,BB,Company 540,Rating agency 1,12/11/2013,Health Care,3.327792778,1.692462941,0.085112972,64.68310377,0.060392576,0.096709517,0.9959281,0.127000545,0.049981617,0.087128437,0.110186818,0.822307011,8.230746122,1.1887554,0.545747721,0.369778663,0.603219833,1.497710693,0.284744096,2.205958862,0.096575602,10.39008977,2.487596162,0.082815972,0.0
869,BB,Company 432,Rating agency 1,12/11/2013,Consumer Services,2.244212612,0.695287797,0.115654448,45.95724152,0.070794586,0.084700854,0.345995549,0.110951289,0.080713169,0.127385788,0.270067274,1.135763485,7.914739619,2.329391615,0.699529666,0.16430452,0.924812208,5.527403882,6.204294815,3.348468718,0.085186658,4.859774338,5.953852517,0.127454933,6.494206381
871,BBB,Company 109,Rating agency 1,12/11/2013,Public Utilities,1.307508822,0.648245676,0.209645062,39.98383998,0.069725578,0.111897105,1.00127496,0.146447475,0.021657768,0.038084918,0.074891487,0.312990517,0.527633394,2.501382872,0.712581909,0.375927465,0.148209635,1.115779855,2.0010688114,3.540755258,0.112379333,5.617607375,7.399721131,0.256868202,4.589082186
872,B,Company 381,Rating agency 3,12/12/2013,Capital Goods,2.790369961,1.942354027,0.709525656,58.50484442,-0.016635165,-0.014610736,0.106580644,0.008686966,-0.028575618,-0.033251777,0.10153547539999999,1.735643174,9.529533988,1.4196912144,0.859526131,0.213061372,0.340232935,0.226343896,2.820947468,2.4119958082000004,-0.014647586,14.34999348,0.673508815,0.025457919,9.795031037
873,BB,Company 123,Rating agency 4,12/12/2013,Miscellaneous,1.269263645,1.053762274,0.707922083,59.13743154,0.214931356,0.292545421,0.688830153,0.357453021,0.070924075,0.115707683,0.141843481,0.331005689,12.1797923,0.988439619,0.496983738,0.407358712,0.875042974,2.351410276,5.086615216,2.000765321,0.290556436,12.24156532,2.688078284,0.310744083,9.1771020784
874,CCC,Company 478,Rating agency 1,12/12/2013,Consumer Services,0.737924137,0.535418219,0.38819677,8.250423021,-0.027689254,-0.040009867,0.920512838,0.096558717,-0.0140032,-0.021812235,0.1006470438,0.5067673,0.829559418,2.1184248836,0.923948755,-0.029128425,0.476253875,1.372362626,2.8510124958,3.4494220954,-0.040011833,8.550084902,2.838678377,0.094866417,3.205388198
875,B,Company 224,Rating agency 1,12/13/2013,Health Care,1.412078226,0.996144797,0.072849843,49.95719559,0.041066088,0.05723832,0.99735603,0.040797939,0.053993678,0.095220779,0.09401968499999999,1.327147006,2.778497457,2.1974390014000003,0.6739602419999999,0.43311498,0.472548759,3.870095013,1.065919966,3.5067589087999997,0.057602816,14.72524276,8.321039104,0.096409971,0.0
876,CCC,Company 46,Rating agency 1,12/16/2013,Capital Goods,1.276900317,0.541812489,0.178256203,24.83536988,-0.082633098,-0.089930221,0.094386066,-0.090856294,0.012324186400000001,0.059260299399999994,0.245331664,1.298291938,6.178411622,1.8442107992,0.6856501448,0.174620375,0.7393535817999999,-0.838293645,4.5251383793999995,2.7196933108000003,-0.090632787,6.4112766902,1.237859036,0.009316773,6.477511821
877,A,Company 220,Rating agency 3,12/17/2013,Consumer Services,1.216968669,0.938572793,0.336491681,56.38387717,0.1357227,0.202661358,0.445051815,0.2039124,0.075048725,0.135272258,0.134294188,0.55883949,2.029597928,0.728992131,0.404564684,0.325684489,0.70171502,3.719879465,3.965642940400001,1.8239364482,0.209730467,10.4209737,5.254160873,0.211675163,3.686593194
878,A,Company 78,Rating agency 1,12/18/2013,Public Utilities,0.965436619,1.577700914,0.182099333,46.75306967,0.07803257,0.105288229,1.009450971,0.147406752,0.016281301,0.024146267,0.074141473,0.207750119,5.253643955199999,3.503297201,0.779223563,0.238326857,0.288589448,5.21587951,5.8827721448,4.523062594,0.10590492,6.841842893,5.478650449400001,0.348392046,0.217139786
879,AA,Company 55,Rating agency 1,12/19/2013,Health Care,2.386875515,0.576367628,0.093614322,66.08416084,0.0435791556,0.305414303,0.812449656,0.302722462,0.12854966,0.105440589,0.289950955,0.298818935,4.162982495,1.262061823,0.562157657,0.272285989,0.914218105,2.39523535,0.6212526,2.260152195,0.304702844,10.87800978,2.594727808,0.342110696,2.952453376
880,BB,Company 228,Rating agency 3,12/20/2013,Technology,1.3211376605999998,1.1838112001999999,0.747951069,45.743443818,0.130566588,0.154998643,0.521601169,0.152194424,8.83e-05,0.000120623,0.000116469,0.000669116,0.007496858,1.315085293,0.993089931,0.151199391,0.777459017,2.0006412944000003,2.7064228087999997,2.2356859286,0.153871675,-3.21615671,1.4105413113999998,0.17718691299999997,0.005742714
881,BBB,Company 270,Rating agency 3,12/20/2013,Public Utilities,0.528188901,0.391375212,0.248447386,38.20443585,0.211041535,0.25775858,0.791677917,0.256061543,0.089081693,0.185516299,0.259163399,0.422518144,0.878679563,1.912624235,0.659120259,0.18727015,0.686640227,-1.2219088072000002,6.5606400428,2.893525673,0.296829601,1.053320494,3.1931180878,0.16461408000000002,0.994616672
883,BB,Company 170,Rating agency 1,12/24/2013,Transportation,0.56082496,0.332555534,0.119799389,0.0,0.031182589,0.051094873,1.004786913,0.079231855,0.022704692,0.051258241,0.079504542,0.744467952,0.955567296,2.428651933,0.714221352,0.401191778,0.189574286,0.509344404,2.195702335,3.445829014,0.051200435,6.729261368,2.665654524,0.138589964,10.65272132
885,B,Company 118,Rating agency 1,12/26/2013,Health Care,1.264756882,0.736499958,0.03821829,67.1017202,-0.012153549,-0.014159068,1.005563731,0.060058976,-0.00827904,-0.011980117,0.0728428,0.691906603,1.454658642,0.9148334804000001,0.946248178,0.412601964,-0.174331927,-1.003225345,3.5569829464000002,2.2189910096000003,-0.014290208,12.61927826,5.776377344,0.052665715,0.0
886,BBB,Company 138,Rating agency 1,12/26/2013,Public Utilities,0.907963598,0.53538671,0.206948757,45.61990145,0.095359931,0.135159487,1.005666245,0.050802478,0.026984287,0.043393024,0.090924416,0.283968567,0.415682614,2.377623813,0.703641848,0.253829213,-0.443355265,-3.259271583,4.110166199,3.38393538,0.13498797,16.71693299,7.248697028,0.169093925,0.0
887,BBB,Company 257,Rating agency 1,12/26/2013,Basic Industries,2.060601781,1.575332947,0.75228125,38.58637301,0.070836635,0.098466777,0.191751226,0.113973466,0.06420922,0.105312867,0.162760304,0.903886743,2.542294216,1.553658314,0.60870744,0.287965724,0.713523889,2.835883556,3.34616246,2.565760136,0.099535862,5.74540894,3.93019355,0.126958655,13.80839785
888,B,Company 274,Rating agency 1,12/27/2013,Basic Industries,3.210337946,1.864593945,0.647541742,42.99517388,0.008780433,-0.001340656,0.153855142,0.068069018,0.002928928,-0.000469503,0.006166804,0.332903135,0.840802263,1.09880379,0.528064643,0.179204642,0.22713053,0.626068737,2.957507782,2.104688733,-0.00132918,21.01166485,2.756860242,0.129317576,16.95016624
889,BBB,Company 197,Rating agency 1,12/27/2013,Capital Goods,1.864797488,0.713347187,0.403873849,29.56964206,0.041363079,0.03778949,0.164114245,0.041094542,0.038716626,0.045755776,0.11330329,0.925817974,5.452053201,1.944902871,0.656863084,0.391192662,0.451236823,1.323164859,1.4479178332,2.92521083,0.037521721,12.50021377,2.890811711,0.067204917,9.188489558
890,BBB,Company 309,Rating agency 1,12/30/2013,Energy,0.619162377,0.157717642,0.039368677,22.19827399,0.0519511404,0.30702348,1.00719031,0.372061934,0.123845218,0.140990979,0.345473339,0.389983495,0.488323036,1.802848309,0.639541174,0.007828989,0.508275485,1.717015347,1.6526961744000002,2.794154468,0.306357597,20.71807137,3.429795348,0.403813763,7.561131111
891,B,Company 115,Rating agency 1,1/3/2014,Health Care,1.705996762,0.411950809,0.050549964,13.37912284,0.004621041,0.000297479,0.288123062,0.000294106,0.016701253,0.001652066,0.1087512212,0.5094901336,13.28945472,1.4741557155999998,0.6356585428000001,0.1269139242,0.528720752,0.494509461,3.0618093866000002,2.4831566583999996,0.00029715,11.9113327964,0.916350545,0.0325292,13.15356644
893,BBB,Company 102,Rating agency 1,1/6/2014,Consumer Non-Durables,0.847641106,0.439514395,0.071431015,35.15442785,0.123040304,0.122172963,0.409902279,0.193458356,0.116761546,0.156444367,0.212957339,0.962842784,3.864202939,3.333140713,0.774532257,0.438562452,0.652342169,3.244602813,3.4352090252,4.332494838,0.122407364,8.37004938,5.023535656,0.121235374,6.080520489
894,BB,Company 133,Rating agency 1,1/7/2014,Capital Goods,1.507435256,1.446683959,0.228678849,52.38581502,0.029513893,0.026895044,0.149020835,0.074787979,0.031458773,0.036219207,0.1309148604,1.064442955,3.007440317,2.394497252,0.990248171,-0.094910246,-0.128881558,-0.374972918,3.4049396042,3.4088964427999997,0.026869974,7.018832121,2.893031084,0.070124122,6.104940155
895,A,Company 245,Rating agency 1,1/8/2014,Public Utilities,0.706242757,0.081698098,0.006791797,9.024795458,0.113784914,0.133360326,1.004938345,0.163720389,0.033971507,0.044609065,0.114803633,0.294596305,0.396798268,2.397114684,0.701632939,0.124352581,-0.091959262,-0.616184321,2.8671695478,3.361465098,0.133348141,5.397992762,6.695231388,0.221196102,0.758494942
896,A,Company 265,Rating agency 1,1/10/2014,Capital Goods,1.712738778,0.830167974,0.57612367,0.0,0.088104161,0.116965089,0.207984257,0.114911038,0.094081157,0.165262773,0.183951157,1.070115119,3.808283766,1.9333294,0.997238653,0.250461634,1.005754634,3.141808647,1.12552035,1.940033805,0.11799164,11.29374207,3.13343221,0.096039096,4.289262689
898,BB,Company 222,Rating agency 4,1/10/2014,Consumer Services,2.767856151,2.351004972,1.241617785,86.00342881,0.108335451,0.141877477,0.377339942,0.144414079,0.085648218,0.135992524,0.173126644,0.794119751,12.33448979,1.026993402,0.505347825,0.236691496,0.861344191,1.152474873,2.491589565,2.014309237,0.142327195,11.12188069,1.364063466,0.145473061,2.970809322
899,BBB,Company 330,Rating agency 1,1/10/2014,Basic Industries,1.338233216,0.883925929,0.096749586,70.59036939,0.073622594,0.083819196,0.451114534,0.118551518,0.049066114,0.069325849,0.131388331,0.67348132,4.607809636,1.658560386,0.623071368,0.289919636,0.604263766,3.124256002,7.4446077484,2.669055318,0.083616894,15.53558462,5.217232533,0.117549125,7.084118372
901,BBB,Company 96,Rating agency 1,1/13/2014,Technology,1.200520824,0.469717606,0.209557473,25.43259768,0.02013098,0.018710436,0.074281261,0.027749098,0.040299154,0.08093868,0.160038128,2.004539154,7.589470564,2.917046162,0.742455224,0.046169258,0.396097402,2.363040185,4.998532153,3.953114336,0.018829191,5.645416174,6.026706105,0.066417046,5.167672588
902,BBB,Company 495,Rating agency 3,1/13/2014,Basic Industries,3.649218225,2.195928038,0.971809181,49.44709171,0.116716888,0.150627226,0.287329219,0.153682024,0.085984454,0.15576103659999999,0.2297841246,1.726767238,7.939674577,1.323008931,0.570352692,0.290735947,0.794946405,5.603329373799999,5.099806665600001,2.331651377,0.15038501,10.9409286,7.0045148024,0.122456253,12.20411122
903,AA,Company 136,Rating agency 1,1/14/2014,Technology,3.224017589,1.4978367613999999,1.12801862,59.20533111,0.0995409908,0.1424489536,0.899723878,0.16665713219999997,0.134584014,0.200164174,0.242446856,0.454855279,12.10612911,0.837053699,0.453925225,0.21285463,1.006593357,2.97788307,6.748025904,1.834255138,0.14182879080000002,10.36886709,2.991029405,0.378800314,8.543235
904,BBB,Company 570,Rating agency 4,1/14/2014,Consumer Durables,1.597364928,1.269061907,0.307466705,36.64937847,0.01356411,0.029254166,0.303636246,0.020474604,0.0231695,0.069382519,0.0580466,1.695733036,8.177021212,1.52817687,0.60450809,0.193549486,0.599523026,0.902057997,3.0074030304,2.514148011,0.028982609,17.23555898,1.478501615,0.065629462,10.10594856
905,BBB,Company 188,Rating agency 1,1/15/2014,Technology,1.10288708,0.628938072,0.267959406,51.46821513,0.045510704,0.023092052,0.505833715,0.063976981,0.048371182,0.043896386,0.187418625,1.052660031,9.813762642,2.868860764,0.746019203,0.529367642,0.722836754,4.345204172,6.533138206,3.88516658,0.023369319,2.909532688,5.995828791,0.10351523,3.98002586
906,A,Company 124,Rating agency 1,1/17/2014,Transportation,1.967734544,0.5422369194,0.855462498,0.0,0.035407326,0.055537641,0.993411167,0.057860483,0.046475649,0.088085343,0.089401867,1.312138422,2.386326549,0.925988438,0.479443447,0.367335522,0.281663299,4.141523913,2.8070370014,1.939687849,0.054935513,5.891619089,7.371739422599999,0.105556604,2.550612009
908,BBB,Company 435,Rating agency 1,1/17/2014,Basic Industries,2.049422668,1.228656575,0.371251362,70.80830851,0.02425523,0.043147764,0.418840226,0.043180544,0.024094029,0.055217068,0.082538186,0.996975153,8.237268169,2.441638583,0.707442194,0.380296145,0.750441445,2.147194214,4.854813622600001,3.397796245,0.043612624,19.70658783,2.835460619,0.089771559,4.993882787
910,BBB,Company 255,Rating agency 3,1/23/2014,Consumer Services,0.738954546,0.741297323,0.743928279,0.0,0.061832201,0.044560305,0.789239465,0.09923791,0.024911209,0.019843999,0.043490346,0.405640158,0.467137946,0.768274213,0.432262532,0.090555129,0.697443283,0.955016019,0.5718420966,1.789695633,0.044944845,11.84026877,1.37061407,0.196995533,5.07881534
911,BBB,Company 493,Rating agency 4,1/23/2014,Capital Goods,1.973589787,1.368813386,0.554749187,79.23090056,0.137529538,0.183006242,0.315234688,0.192665594,0.103427028,0.186157567,0.222769147,0.741167054,8.660055763,1.156636223,0.540784242,0.247862143,0.792378117,3.823083383,7.558244293,2.159178547,0.182795601,7.944799397,4.825197929,0.16803346,5.762898992
912,A,Company 111,Rating agency 1,1/24/2014,Transportation,1.338900686,1.122184525,0.631072979,33.19004674,0.169401323,0.264221726,0.991785292,0.289632985,0.059196236,0.097526458,0.168942011,0.344991986,0.424481697,1.891441035,0.64894687,0.358096941,1.000377138,9.966066076,3.9269964524,2.883020397,0.262838513,11.3612751,9.950700776,0.272107517,1.268515587
913,BB,Company 269,Rating agency 3,1/24/2014,Capital Goods,2.687488409,1.1846728212,0.815802058,39.4960293,-0.006832725,-0.000998597,0.192458752,0.025741654,-0.006310794,-0.001068031,0.1094369874,0.925264914,6.258312591,0.894405367,0.469032213,0.355719288,0.753153437,1.466082621,4.1957468498,1.912689021,-0.000997864,13.68576407,1.938366116,0.07319554,9.530013142
914,BBB,Company 193,Rating agency 3,1/24/2014,Miscellaneous,1.39393374,0.915490583,0.325592562,59.50826448,0.080841689,0.08526241,0.329323564,0.174060897,0.035475606,0.041799986,0.07542286,0.434550739,13.79559194,1.117165326,0.529949464,0.596226431,0.884342818,3.202806565,1.90791607,2.110881573,0.084907951,11.2021958,3.646058289,0.174491919,5.361483625
915,BBB,Company 130,Rating agency 1,1/27/2014,Capital Goods,1.394251432,0.748742591,0.221262735,55.14752671,0.067904919,0.09253228,0.270867694,0.100586762,0.044278579,0.088246766,0.181248283,0.661508433,3.268401244,3.041849867,0.747217006,0.255596878,0.750040176,1.4173201158,4.3028342863999995,4.101255856,0.092223558,6.754361619,3.9358190850000008,0.181548466,6.263247825
916,BB,Company 86,Rating agency 1,1/28/2014,Basic Industries,3.607627616,1.738949608,0.202514465,41.65635702,0.056414605,0.075450252,0.170101116,0.102056573,0.037234132,0.05348541,0.078132887,0.655959423,1.190681809,1.128214473,0.524862226,0.26832749,0.493453226,3.356614613,2.526806207,2.11007769,0.076784658,15.30306833,6.759318425,0.142067441,17.19357453
917,A,Company 301,Rating agency 1,1/30/2014,Technology,1.621218731,0.604653208,0.596509436,0.0,0.119928161,0.164559538,0.398217469,0.178057951,0.083253117,0.16909007,0.17463958,0.712186479,8.217846429,1.059508173,0.510877758,0.306095449,0.853266515,4.853601121,8.091291388,2.07036877,0.164568246,12.18781829,5.665519698,0.179672734,13.5207302
918,B,Company 135,Rating agency 1,1/30/2014,Basic Industries,1.86429646,0.375601222,0.184339125,0.0,-0.095619798,-0.128223228,0.080040922,-0.108556647,0.0495823754,0.1174785648,0.1476217036,1.326082302,2.965839025,2.934836608,0.748850447,0.250999806,-0.181955589,-0.523323435,8.536176746,3.887120334,-0.126979592,6.1824580716,2.859438693,0.023620106,9.504447635
919,B,Company 457,Rating agency 3,1/30/2014,Energy,1.215806893,1.15755438,0.780109726,42.65731987,0.178898876,0.287227197,1.005536293,0.320774693,0.044637584,0.080549637,0.093165055,0.254101634,0.301433679,1.069053838,0.51606877,0.38477763,0.913828078,2.518314542,1.618601297,2.059370723,0.290432516,9.290944132,2.767253072,0.2517519274,0.0
920,BBB,Company 289,Rating agency 4,1/30/2014,Public Utilities,0.907705349,0.491873912,0.020901952,50.46851557,0.090521713,0.095528516,0.990873627,0.199022229,0.029573591,0.03449869,0.088409215,0.330271637,0.426846208,1.976161009,0.666534399,0.508173048,-0.093100377,-0.684956551,3.0631514197999996,3.2294151958,0.095740278,9.6247923,7.392860911,0.255050035,3.745838035
921,A,Company 153,Rating agency 4,1/31/2014,Public Utilities,0.641082154,0.539320184,0.006277894,22.8151402,0.134506975,0.18194041,0.501728556,0.194204585,0.04219786,0.06537809,0.128256825,0.316279618,0.433087808,2.007319006,0.663815751,0.250301573,-0.1390953154,-1.837233932,3.2171819725999997,3.003132136,0.184351576,10.72478076,3.14369114,0.215167112,5.726763664
923,BB,Company 84,Rating agency 3,1/31/2014,Technology,2.164689594,0.747726352,0.701879984,0.0,0.131805134,0.129774101,0.203741256,0.025855568,0.062043792,0.077836484,0.129970865,0.47713644,1.182427036,1.086603422,0.518584069,0.006853223,0.311408774,0.553943552,3.2929037206000005,2.109474524,0.129099347,9.811179018,1.756556489,0.197933169,3.416751414
925,BBB,Company 417,Rating agency 3,1/31/2014,Health Care,2.374250029,1.316432493,0.433164631,91.93439281,0.1115736,0.150283882,0.628965313,0.150733662,0.076738697,0.133046871,0.0395418738,0.694525816,3.494240097,2.0083139004,0.856583064,0.27049216,0.726179911,0.989733131,6.7603233984000015,3.1902923885999996,0.151746321,20.51338717,1.371884464,0.149447158,3.330569827
927,BBB,Company 212,Rating agency 1,2/3/2014,Basic Industries,3.279581352,1.687805088,0.759042391,34.84500972,0.025783046,0.041665863,0.073864335,0.041420718,0.032156044,0.060092013,0.064162052,1.258807311,3.908141971,0.981269666,0.499790268,0.261789682,-0.110153922,-0.369688226,4.451157823,1.985933105,0.04147307,13.12964103,3.409016646,0.056097979,15.86106536
928,B,Company 408,Rating agency 4,2/6/2014,Capital Goods,1.838998894,0.541745669,0.528125226,0.0,0.041176682,0.04091384,0.154008199,0.065947357,0.066766313,0.094032995,0.151807522,1.601363027,6.7939341692,1.256694363,0.553141216,0.417367667,0.891517962,4.442107722,8.648542512,2.269283265,0.04151011,7.729213943,4.990709368,0.056843636,12.27681381
929,CCC,Company 305,Rating agency 3,2/10/2014,Energy,0.908601174,0.592690465,0.067612752,46.39372031,0.147574543,0.195455946,0.60542369,0.255026189,0.060985043,0.089535856,0.127723388,0.409763515,0.461625686,1.097465604,0.527821954,0.244940168,0.19720556,1.034290826,1.9229388974,2.104768681,0.197002495,9.934238399,5.191199535,0.2659786502,1.790666576
931,AAA,Company 131,Rating agency 1,2/11/2014,Transportation,1.056761462,1.095821866,0.379280371,23.47303513,0.200512805,0.32265675,1.004027087,0.341757642,0.088372843,0.153077883,0.208058548,0.43738673,0.497310748,1.351179196,0.574972835,0.377836917,0.492153683,7.148847777,5.904711096,2.365976829,0.323373716,5.328392,14.74896521,0.313297735,1.150772897
932,B,Company 336,Rating agency 3,2/11/2014,Basic Industries,2.792798217,1.516639374,0.195422745,56.03344503,-0.059454373,-0.093061759,0.06450118,-0.076430577,-0.06282695,-0.119704169,0.10828462219999999,1.068868638,3.22120217,0.728353464,0.420755616,0.358924249,0.483799065,0.547077937,1.34634468,1.728945697,-0.091919925,12.755692704,1.119781838,0.075396968,6.730406727
933,BBB,Company 263,Rating agency 1,2/11/2014,Capital Goods,3.151886253,2.50280149,0.27290900960000003,53.78314231,0.096692929,0.10169664,0.521189093,0.122634429,0.040206568,0.046019615,0.076158036,0.409620652,7.471272154,0.882536421,0.469422399,0.030379335,0.858837945,4.825929767,2.9200412772,1.879342492,0.101282334,17.72446706,5.528559149,0.154507432,9.109133232
934,BBB,Company 239,Rating agency 1,2/12/2014,Health Care,1.217043818,0.920836976,0.163861388,43.3030133,0.119637209,0.118745376,0.397413084,0.206744687,0.095281323,0.108485698,0.214670833,0.802932577,8.90855673,1.266244458,0.561435437,0.585150196,0.650438645,2.77901097,5.9563297444000005,2.256832646,0.118744064,6.269784056,4.261633298,0.091606967,4.719160041
935,BBB,Company 1,Rating agency 1,2/13/2014,Consumer Durables,1.042975012,0.499207354,0.203642767,39.29987933,0.043973547,0.048998163,0.174913315,0.066743822,0.052987388,0.104615855,0.167293587,1.21032292,6.17328418,2.169359397,0.678910401,0.074150183,0.539529336,8.590108582,9.732516405799998,3.159079288,0.048469947,6.471902401,8.5103839316,0.067776261,3.984140703
936,A,Company 189,Rating agency 1,2/14/2014,Capital Goods,3.231324229,1.882147036,0.809711475,62.66295948,0.078037207,0.103464719,0.326287562,0.114727835,0.062001365,0.094831213,0.115064096,0.788154108,3.490065848,0.847064753,0.462667465,0.224826853,0.705921945,2.536313878,4.4782814754,1.844256234,0.103859053,9.160629831,3.564523158,0.110359273,9.218542212
937,A,Company 73,Rating agency 1,2/14/2014,Finance,1.059295502,0.254411402,0.031136953,89.52972251,0.09472183,0.12934156,0.998669528,0.141122359,0.037093632,0.103074306,0.137102918,0.394215743,14.79282926,2.716334439,0.733231848,0.254873376,0.851920006,4.471815813,3.197919595,3.721121023,0.130823743,12.54397586,5.281326805,0.139362718,0.0
938,BB,Company 454,Rating agency 1,2/14/2014,Technology,1.504816697,1.289351004,0.621096372,72.85400511,0.031549488,0.06386123,0.243148018,0.063559483,0.043158372,0.148490247,0.09527365119999999,1.386649614,7.8026774594,1.1453336846,0.5307315182,0.449841575,0.401678887,1.745413391,14.53126374,2.1342271439999996,0.063123367,3.485197944,4.265534138,0.054688598,10.62913959
939,BBB,Company 126,Rating agency 1,2/14/2014,Basic Industries,3.045919264,1.440415326,0.60716212,55.38916685,0.064001119,0.096117904,0.191891936,0.102131895,0.050328409,0.087422222,0.112551642,0.792267842,1.950992694,1.212440532,0.544957006,0.324839589,-0.561756342,-2.289022102,4.937386842,2.191979474,0.096319949,9.246119093,4.06257885,0.094045436,7.22850422
940,A,Company 247,Rating agency 3,2/18/2014,Consumer Non-Durables,1.252963077,0.928941685,0.530456669,37.97432943,0.10241172,0.13313232,0.530641761,0.146050025,0.087274675,0.148033383,0.276780088,0.857460894,3.595795967,2.169424199,0.684180669,0.238924335,0.718291385,4.462141846,3.587948217,3.178783603,0.13343516,11.90688626,6.226098049,0.146009986,2.517602645
942,BB,Company 231,Rating agency 1,2/18/2014,Consumer Durables,1.881665904,1.257378354,0.11930649,97.18868121,0.044091478,0.051579413,0.308011023,0.081994157,0.032603107,0.04774749,0.110276673,0.734738883,6.976785789,2.414385273,0.699998245,0.157110405,0.812578384,1.397271361,0.759194891,3.386959261,0.051850886,7.119710187,1.722922757,0.110968211,6.812765939
944,A,Company 187,Rating agency 4,2/21/2014,Consumer Services,0.748033731,0.617990504,0.091251723,35.64182866,0.105969238,0.172547707,0.997491308,0.208898471,0.042996764,0.079666529,0.134370506,0.403890966,2.168808051,2.148225961,0.674828719,0.355308452,0.464066541,2.516418609,1.9758547654,3.136627053,0.173288228,4.962929972,5.431532406,0.218221812,0.0
945,BBB,Company 22,Rating agency 1,2/21/2014,Consumer Services,2.066658518,0.929085472,0.739333651,0.0,0.06653344,0.051158934,0.215513693,0.086813929,0.039169381,0.032372798,0.083221731,0.590655405,3.147931139,1.138301027,0.534054681,0.1273223648,0.739385444,1.317269129,1.1308529273999999,2.138002577,0.051122495,17.46438964,1.781949733,0.116764887,17.41363847
946,BBB,Company 31,Rating agency 1,2/24/2014,Basic Industries,1.774397457,0.365228714,0.112158203,22.6004577,0.043768123,0.045674239,0.182308132,0.075456867,0.036188845,0.046605142,0.079065265,0.824793211,2.169049057,1.166918783,0.540213933,0.36541421,0.37118672,2.4202447,4.1351560268,2.153725201,0.045456395,8.717869242,6.573811233,0.120901031,5.251319394
948,BBB,Company 120,Rating agency 1,2/24/2014,Public Utilities,1.132344272,0.806981934,0.271000503,37.90459554,0.038618723,0.073552222,0.399187958,0.114384951,0.027829994,0.06180715,0.111376768,0.722630508,1.607270489,3.03271397,0.754198454,0.305900662,0.392499115,2.75761887,3.452719133,3.990956501,0.074053582,5.283602376,7.024675829,0.112149883,9.201923206
949,BB,Company 260,Rating agency 3,2/25/2014,Consumer Services,2.525888414,2.224020446,0.6985811630000001,24.82876794,0.094023228,0.138551574,0.967434561,0.14020907,0.067379059,0.114431996,0.168212041,0.716173865,10.2039073,1.509837613,0.604702198,0.324331534,0.802325197,2.058028006,6.812375952,2.498464349,0.138229221,20.99629254,2.513846095,0.134750324,1.485424693
950,A,Company 217,Rating agency 1,2/26/2014,Energy,0.910125551,0.774112943,0.007641306,31.64511902,0.032265468,0.035528801,0.051657572,0.040542707,0.067162533,0.098820679,0.178954848,2.080886652,3.92637709,1.651201511,0.627594235,0.067784102,0.173549036,1.001906034,2.0324801314000003,2.668007306,0.035108438,11.6837051,5.762171789,0.046161148,0.332877822
951,B,Company 373,Rating agency 4,2/27/2014,Energy,0.963629155,0.573838926,0.197059055,58.58484685,0.210973458,0.1071495446,0.998812285,0.10439540480000001,0.048813704,0.08592855,0.168614429,0.229294359,0.263904529,2.485008984,0.716161916,0.373686694,0.990506128,7.46322066,1.00803333,3.470980686,0.10765748639999999,7.730305079,7.497179032,0.0760260838,0.0
953,BB,Company 392,Rating agency 3,2/27/2014,Technology,1.757582112,1.523968288,1.009647234,75.64759076,-0.061756796,-0.111966529,0.581281617,0.026068197,-0.019498036,-0.04073055,0.1582057222,0.309224063,12.90910628,1.270375108,0.555289836,-0.089774168,0.850688346,1.077923462,3.884681364800001,2.244400329,-0.112105319,8.9811463926,1.270053805,0.214735979,8.4890921
955,A,Company 285,Rating agency 1,2/28/2014,Consumer Services,1.259740487,0.735791939,0.173708492,59.26569247,0.049863726,0.04877059,0.61878294,0.075587058,0.043590648,0.090279341,0.104101178,0.87324558,6.307266407,1.386195293,0.580502777,0.236864997,0.554459755,1.006760196,2.372007283,2.407374832,0.075920904,13.58004835,1.792569673,0.078851711,4.587225135
957,BBB,Company 360,Rating agency 2,3/3/2014,Basic Industries,3.345414707,1.418133071,1.104544643,20.0725236,-0.005836427399999998,-0.0372688884,-0.583604758,0.043076536,-0.011190470600000002,-0.0689770246,0.13483966099999997,0.367317696,0.571654751,0.692284132,0.404500596,-0.019555651,-0.161392893,-0.152790359,0.701890974,1.697463488,-0.037363114,-2.304622871,0.948291691,0.288776557,11.02253706
958,B,Company 166,Rating agency 3,3/4/2014,Capital Goods,2.211768319,0.731580324,0.312265077,33.68662784,-0.104317943,-0.084195835,-0.016436458,-0.061693392,0.0332419564,-0.132971081,0.20060614499999999,1.162974611,3.336055582,2.438694567,0.716230041,0.05154481420000001,0.100333839,0.185358612,4.5115116986,3.437476265,-0.084488716,11.3280558294,1.858770814,0.044064418,8.079269117
959,BBB,Company 147,Rating agency 4,3/5/2014,Health Care,1.086805862,0.521530978,0.113878999,25.91133577,0.010894081,0.015823544,0.057031353,0.018967138,0.038745754,0.142790427,0.188517548,0.4914046408,4.243553573600001,3.936655905,0.793156745,0.30118844,0.909808117,9.344231784,10.23185401,4.877767928,0.015705667,9.484516306,10.30401852,0.020183467,7.153574812
960,BB,Company 460,Rating agency 3,3/7/2014,Capital Goods,2.924018516,1.519663535,0.620667204,50.22943183,0.002003535,0.007639127,0.221892083,0.034032502,0.002117602,0.009501398,0.005747938,1.041760379,5.249726086,1.749453127,0.632321628,0.5220273,0.249686113,0.390021858,3.270924762,2.762641508,0.007732312,8.602029427,1.563169391,0.045414603,8.844982693
961,BB,Company 318,Rating agency 1,3/10/2014,Consumer Services,0.612449422,0.3948564328,0.227107126,0.0,0.055712908,0.096726696,0.214381858,0.152870783,0.011109092,0.020110873,0.102717999,0.19976416,1.316808221,0.5942091544,0.893374836,0.396074145,0.699060247,1.279817135,0.3426711472,1.471440693,0.096711636,11.43207534,1.817688246,0.151030251,4.109577472
962,BBB,Company 143,Rating agency 4,3/10/2014,Energy,0.652661326,0.544449813,0.073541964,55.41517878,0.018973191,0.022936046,0.186667334,0.037341828,0.010845759,0.036169033,0.046895962,0.569339952,0.773683571,2.954258045,0.692262686,0.164371555,0.5970778706,1.5719459842,0.972147152,4.243094939,0.051763121,19.12545622,4.153328924,0.102128787,3.961675153
964,BB,Company 333,Rating agency 4,3/11/2014,Capital Goods,1.380212315,0.955918979,0.31788258,51.58028354,0.026530226,0.036367017,0.080301964,0.026418757,0.052269622,0.124972053,0.141316527,1.941771239,10.19072779,1.738529943,0.630344357,0.323073087,0.434070536,4.257523944,11.0565160218,2.724751847,0.036276293,10.54983172,9.726880894,0.050133618,6.129979569
965,BB,Company 230,Rating agency 3,3/12/2014,Consumer Services,2.078871375,1.792144541,0.535634332,104.1986866,-0.006401907,0.019118954,0.372280962,0.049291945,-0.004483571,0.015928288,0.07439726740000001,0.696486238,9.185232111800001,1.264877715,0.560453721,0.16762649500000001,0.776948774,3.857218753,5.238790813,2.288152653,0.019326288,10.36483849,4.948995564,0.116858335,8.20801085
966,BBB,Company 380,Rating agency 3,3/12/2014,Transportation,1.483013058,1.069386238,0.642098107,34.22472629,0.141596035,0.18362377,0.615342588,0.231572311,0.051268414,0.090291944,0.122946403,0.362654071,0.456225035,1.392326744,0.578279609,0.221767102,0.400722426,4.490113239,2.2427740096,2.380951259,0.229571476,15.47618156,11.15667566,0.31852596,1.957691067
967,A,Company 82,Rating agency 1,3/18/2014,Public Utilities,0.887809702,0.531143597,0.01635607,58.29380738,0.068198315,0.094909751,0.997125718,0.123417655,0.025441909,0.04033172,0.083782411,0.372980723,0.606678009,2.274861443,0.696662464,0.274823787,1.002056283,0.493786361,1.0724114882,3.276627404,0.096351535,3.201899621,2.967250077,0.223379948,4.223545314
968,A,Company 322,Rating agency 1,3/18/2014,Basic Industries,1.760080138,1.088036107,0.664267711,16.86727741,0.024474468,0.043260303,0.049987091,0.043370612,0.080830396,0.240933305,0.178431584,0.909772888,8.673878892400001,1.223915985,0.543224584,0.30360981,0.636020895,3.065668759,6.604326992599999,2.196387045,0.042790475,7.703118219,4.874426784,0.028805208,15.69555325
969,BB,Company 284,Rating agency 1,3/19/2014,Consumer Services,1.379547683,0.996451551,0.154486101,44.20651837,-0.079162822,-0.075461306,0.845754343,-0.046593675,0.0242201574,-0.118968899,0.1584444054,1.176764228,4.035662162,3.353426236,0.775515283,-0.161919273,-0.307565955,-0.710876808,3.151708538,4.324794186,-0.075001884,12.6055890846,2.344920062,0.064834381,2.559043176
970,BB,Company 242,Rating agency 3,3/19/2014,Finance,1.9374957136,1.3509536195999998,0.5759291588,22.9744136474,0.0442532904,0.0626449756,0.560807757,0.359380384,-0.003560908,0.009202511,0.0839100092,0.024084655,4.097573888,1.337710491,0.577968481,0.177389338,1.006728371,0.436082655,2.6427787232,2.351236429,0.06275729160000001,10.4081022682,0.441740398,0.08595306300000001,7.264048919
971,BBB,Company 173,Rating agency 1,3/19/2014,Public Utilities,1.056917271,0.8924128,0.224491289,28.67230886,0.094584526,0.094814903,0.992250548,0.196864424,0.024362235,0.027341269,0.090510826,0.254562362,0.359596649,2.736630882,0.732488048,0.159592088,-0.508841537,-2.389494338,2.6274222328,3.38138332,0.096047375,10.0248304,4.731855816,0.24096428,0.807463088
972,A,Company 146,Rating agency 1,3/20/2014,Energy,0.686287782,0.007434129,0.006592257,0.097396308,0.0524908226,0.0641985696,1.003964199,0.07851464359999999,0.077943315,0.135624809,0.14154881,0.277154755,13.67821479,0.806739409,0.441465699,0.366670607,0.995377509,1.185220713,0.053202495,1.794916216,0.07849325640000002,6.118330445,1.4336253936,0.08022723960000001,0.0
973,A,Company 93,Rating agency 1,3/20/2014,Health Care,2.1287687672,2.0011715924,0.231336103,81.82720626,0.207935529,0.255906168,0.756230367,0.266923848,0.100135338,0.142023416,0.18421791,0.476326346,6.666471788,0.877459554,0.461007048,0.183811708,0.910830049,4.399411427,11.04067334,1.860019129,0.26464593,10.79458113,4.860524327,0.296019688,6.111844571
974,BBB,Company 68,Rating agency 1,3/20/2014,Energy,2.09307808,1.448381858,0.297916363,82.57034584,0.022719772,0.017105761,0.34967124,0.017244273,0.011458616,0.009728412,0.023596286,0.508377577,0.720765259,1.034113022,0.505840189,0.1503490866,0.170021792,0.819819217,1.740371779,2.030524549,0.017130603,7.099993915,4.847752738,0.230089348,7.277892901
975,AA,Company 362,Rating agency 1,3/21/2014,Consumer Non-Durables,2.61930814,1.262202243,0.548228248,22.99205188,0.060551142,0.092085149,0.162701068,0.091321963,0.10652677,0.192369824,0.157636935,1.766495739,9.163560919,0.481416307,0.323722457,0.335878502,0.836776589,2.012036139,1.6548628,1.471696453,0.090792358,6.257146527,2.393124739,0.072833026,18.92789149
976,BBB,Company 94,Rating agency 1,3/21/2014,Energy,0.659227198,0.641859284,0.15325711,46.10651995,0.041594717,0.081869813,1.008640431,0.117762385,0.01737668,0.039614156,0.044954617,0.422974694,0.472007557,1.612891712,0.621792259,0.380241688,-0.554610061,-3.982003768,6.428125359800001,2.608691741,0.082371682,5.762416711,7.06921128,0.261421589,0.0
977,BB,Company 233,Rating agency 4,3/25/2014,Basic Industries,1.340906033,0.438620715,0.246653125,22.61765018,-0.031989368,-0.029313862,0.053014317,0.015166398,-0.022758079,0.009100294,0.1276274172,0.702677773,1.540432498,1.18432376,0.528504491,-0.092875586,0.197839114,1.619682896,12.03135293,2.243247864,0.00997927,7.899520089,8.270466679,0.054256712,5.993365096
978,BB,Company 66,Rating agency 3,3/25/2014,Capital Goods,2.086641571,1.636031444,0.930832574,60.65072386,0.092888223,0.119658669,0.092065597,0.119050724,0.114071697,0.210386737,0.362515286,1.241136573,5.281359176,2.136647191,0.675500207,0.120510373,0.136972609,0.855783995,6.1443242186,3.11619578,0.117390156,2.695418239,6.270736305,0.041970469,5.470679362
980,A,Company 204,Rating agency 1,3/26/2014,Public Utilities,0.871321951,0.595073176,0.133048862,49.43981885,0.069041706,0.069928752,1.005595343,0.149968501,0.025651774,0.0300691,0.084945693,0.372856264,0.366719809,2.287702894,0.694108702,0.55318146,-0.215512681,-0.86496185,2.557390548,2.5126996349999997,0.069628418,7.607478868,4.027229476,0.150268548,0.0
981,B,Company 252,Rating agency 3,3/26/2014,Energy,1.959488671,0.810667963,0.239028628,16.88757365,0.000642812,0.000726563,0.075332964,0.016952309,0.001302486,0.001791596,0.003271076,1.997248894,4.677405085,1.524377639,0.601159872,0.101616069,0.6697714862,-1.78913729,2.273364137,2.522625491,0.000717929,12.93622008,0.584901522,0.007212576,13.98420434
983,B,Company 325,Rating agency 3,3/27/2014,Basic Industries,3.002833892,2.374048396,0.4111076263999999,8.559747088,0.050082092,0.061816215,0.337861269,0.098155527,0.037188634,0.054339137,0.122773797,0.755941317,6.840691685,2.287888797,0.695130126,0.17410109,0.753810704,2.855739215,2.9933004420000002,3.272710174,0.061043042,12.38629354,3.742112657,0.080094387,6.819020269
984,A,Company 81,Rating agency 1,3/28/2014,Public Utilities,0.676578917,0.225378592,0.029844201,24.20946645,0.072202143,0.077903618,0.999533071,0.135333044,0.019614543,0.023410913,0.07864335,0.27123033,0.415323201,2.976730468,0.754987355,0.249239546,-0.124387136,-1.223539432,2.8638160612,3.957503554,0.077696637,7.0626066,9.841588733,0.25651954,0.230043079
986,BB,Company 385,Rating agency 3,3/28/2014,Basic Industries,1.9146394037999996,1.2404701512,0.49119818200000004,9.001155956,0.0561109382,0.08717204740000001,0.215557061,0.10378321859999999,-0.045094104,-0.03713727,0.11117537700000002,0.184586415,0.234394459,0.548288969,0.351633681,0.002086844,0.8398063898,-0.247481095,2.2051525589999996,1.558244063,0.0470363862,10.5763762962,0.363672842,0.222482712,6.785895528
988,BBB,Company 211,Rating agency 1,3/28/2014,Basic Industries,0.9915660168,0.7323202023999998,0.145451476,38.75138614,0.03514446,0.051362553,0.25837943,0.05996661,0.043463191,0.071272399,0.083434029,1.259008935,5.735293095,0.902277811,0.473647751,0.321115928,0.736221196,6.054525428,10.7082568134,1.908052743,0.051621825,10.02668255,8.272416133,0.068537062,2.9070391516000003
990,BB,Company 76,Rating agency 1,3/31/2014,Energy,1.891463362,0.923045944,0.909108361,1.93484822,0.148315273,0.147762101,0.99299942,0.236232164,0.043626152,0.048709694,0.084994994,0.291729431,0.433714092,0.945205781,0.49015147,0.18419303,-0.166700741,-0.882690621,3.2486861151999995,2.3482830076,0.147273652,7.487234996,5.280435073,0.201050598,0.0
991,BBB,Company 125,Rating agency 1,3/31/2014,Energy,1.467839733,0.656204459,0.328854873,0.0,0.019630443,0.029028519,0.078675458,0.028459754,0.057725927,0.117684908,0.141051994,1.5204244078,5.339422495,1.414557089,0.590272373,0.315122112,0.613596625,6.361222477,15.78887931,2.438745529,0.028570753,5.264858852,10.3338738,0.040691767,12.86404826
992,B,Company 446,Rating agency 3,4/1/2014,Consumer Services,2.484321713,2.327190275,0.2403816052,31.89214418,0.164064573,0.020241873,0.572514138,0.133205266,0.074391235,0.01141157,0.29383007,0.459332051,1.02021657,2.884266095,0.743568413,0.07507936019999999,0.402616768,0.708497569,6.663438791,3.883712156,0.020219731,14.82580232,1.78591794,0.236173066,10.73207856
993,BB,Company 290,Rating agency 1,4/1/2014,Public Utilities,1.080581912,0.368193419,0.004891425,33.81690326,-0.005869694,0.046251998,0.696072081,0.092709264,-0.003336064,0.030444562,0.124786956,0.555917706,0.762903097,1.96574887,0.658661058,0.052394494,0.506855552,3.268394643,1.1223297512,2.97133749,0.046070281,9.887069779,6.516439364,0.261549046,2.37067522
994,CCC,Company 349,Rating agency 1,4/1/2014,Consumer Services,1.479019815,1.15388587,1.102207189,0.0,0.0287526034,-0.0325960084,0.926510544,0.020854674400000002,0.0050091918,-0.050188627799999996,0.133792477,0.349685527,0.652437904,1.9316998278,0.8436161872,0.349894292,0.7417238796,-1.0944710573999998,5.1774100322,1.983537995,-0.0326624442,1.6366416990000001,-0.85198214,-0.012880275,1.48999988
995,AA,Company 10,Rating agency 3,4/2/2014,Public Utilities,1.148537993,0.596477545,0.095195966,41.16212922,0.075141002,0.113421138,0.263060261,0.141751871,0.032143121,0.069576788,0.101810321,0.428374534,0.561002624,2.246215938,0.690193618,0.34819006,-0.05267002,-0.389645263,0.883085685,3.204910667,0.14654313,7.258879344,7.495955575,0.175929769,7.820712909
996,B,Company 407,Rating agency 4,4/4/2014,Technology,2.3165796596,1.6380612744,0.4098844714,42.30939304,0.135600436,-0.08880116,0.892269923,0.097066167,0.031342774,-0.021979002,0.035299495,0.231747916,4.4673161356,0.112776848,0.5595302406,-0.180945273,0.937684074,0.585352199,4.4038497874,1.120654241,-0.088749263,10.2576588052,0.627288404,0.277725622,1.731347504
997,A,Company 57,Rating agency 1,4/7/2014,Basic Industries,1.416057389,1.159709488,0.672167981,48.44504354,0.072055111,0.119435244,0.296264027,0.145552287,0.033113468,0.068346624,0.079833165,0.461053106,0.716469471,1.249856687,0.514620898,0.399554813,0.357492896,4.965337924,5.442463087,2.417466777,0.12900945,8.153397394,14.11675896,0.392271229,3.989095193
998,A,Company 92,Rating agency 1,4/7/2014,Consumer Services,1.171971943,0.476803417,0.046298815,29.13086068,0.040911054,0.063274971,0.312304623,0.06292784,0.062000507,0.133818848,0.182092679,1.52103906,2.400712647,1.909528404,0.654965645,0.348501466,0.381026484,3.145543178,2.2371022308,2.921547919,0.062280782,8.829459288,8.072131948,0.073297249,7.132914211
999,BB,Company 428,Rating agency 1,4/9/2014,Transportation,3.38090515,1.49746562,0.24123507100000002,62.99107885,0.029534956,0.038986377,0.273934504,0.079807281,0.011940663,0.016894343,0.026148317,0.398727123,0.851066737,1.22977486,0.551823992,0.558965267,-0.058700577,-0.551541227,8.221183186200001,2.239020133,0.038320715,8.557132441,9.289827691,0.149454264,10.54508301
1000,BB,Company 237,Rating agency 3,4/10/2014,Energy,1.012926108,0.970213149,0.441700862,50.53730484,0.074929097,0.120650015,1.002517668,0.162137296,0.03664767,0.06863343,0.105554959,0.482612945,0.595682244,1.947467645,0.652755137,0.387894759,0.994182869,5.155802270000001,5.281492268399999,2.913130359,0.121666601,4.878605712,6.438612887400001,0.2040308212,0.0
1002,AA,Company 470,Rating agency 1,4/14/2014,Consumer Services,1.185804197,0.453169179,0.347916963,0.179738363,0.01958357,0.029282906,0.125579775,0.029293396,0.067059491,0.177994467,0.187542076,0.9524936568,7.582977608,1.792348017,0.636863302,0.322562251,0.395812582,3.106354409,10.9087871954,2.770946783,0.029151271,12.98953274,7.842097839,0.032817997,11.60911009
1003,B,Company 12,Rating agency 1,4/14/2014,Health Care,2.608914585,2.430169443,0.395693317,5.506505203,0.0881926998,0.110673913,0.74627307,0.2595056376,0.03915387099999999,0.0219822348,0.11399935979999998,0.343509985,2.23900315,1.4067935604,0.5881979052,-0.014124111,1.10861166,0.4519740638,2.3605890618000003,3.0236394385999996,0.11941468060000002,0.143330622,2.510961382,0.20969032899999998,4.260146683
1004,B,Company 226,Rating agency 1,4/15/2014,Basic Industries,1.777395992,1.006362477,0.089758817,64.51714054,0.043576347,0.05822158,0.202648543,0.058970289,0.071972626,0.137220702,0.275346466,1.626325099,5.507871639,2.848459172,0.743784124,0.155043773,0.6598054064000001,-0.180944483,0.324462808,3.855872414,0.058999213,9.502445133,0.214435815,0.011347585,8.569540452
1005,BBB,Company 400,Rating agency 3,4/15/2014,Technology,1.483891397,1.443189371,0.21129489,76.46763513,0.014357765,0.02331182,0.165702664,0.025246975,0.039772081,0.125023561,0.098422304,0.9510483316,6.9457882816,1.494737919,0.604757028,0.390616197,0.884236535,4.495685124,7.197833465,2.503375073,0.023471524,9.653725483,5.04564442,0.019741683,11.09081034
1006,BB,Company 277,Rating agency 3,4/16/2014,Technology,0.894100427,0.859224452,0.167818863,5.155342932,0.05113913839999999,0.06330821899999999,0.802902409,0.14984023900000001,0.12126762840000001,0.1022698034,0.1286736042,0.359243783,2.841358879,2.5994261772,0.724837636,-0.160828161,0.891016293,3.536231801,7.152314029999999,3.2638965246,0.14222169,15.00788741,4.004418795,0.260789622,1.255347635
1007,AA,Company 351,Rating agency 1,4/17/2014,Transportation,0.963178408,0.896320961,0.008133404,37.16536389,0.061657345,0.099059031,1.002236876,0.103052832,0.120976765,0.261413564,0.34112197,1.996539426,2.664990365,1.797022817,0.639872803,0.383518674,0.140910061,1.6185487824,5.450961819399999,2.793500261,0.099024898,0.853113078,2.2700231394,0.102004642,3.140098223
1008,A,Company 424,Rating agency 4,4/22/2014,Finance,2.449783231,2.409480357,0.010825934,65.8516707,0.064139611,0.094480936,0.99943759,0.063554704,0.047669551,0.099072614,0.187742426,0.749364078,18.7533099,2.971514931,0.745513827,0.32085644,0.917763907,2.923521092,2.5581215983999996,3.905335191,0.094754429,12.48320163,3.199854454,0.10430094,0.0
1009,BB,Company 507,Rating agency 4,4/24/2014,Health Care,1.14581523,0.69237904,0.628588341,0.0,0.015201223,0.014875327,0.973048138,0.025686599,0.047216426,0.082879332,0.134036019,0.2280034872,0.3602652108,1.866671177,0.646351059,0.663169995,0.825222537,5.814102535,3.6937402448,2.882269188,0.014896898,1.498021441,7.016421256,0.035385539,0.875940557
1010,AA,Company 8,Rating agency 1,4/28/2014,Capital Goods,2.014837589,1.438276673,0.686559562,66.03931292,0.141019283,0.185612603,0.520853181,0.170081922,0.078339449,0.118840143,0.121455191,0.555074407,8.594128595,0.553111368,0.35703724,0.244841269,0.853593782,4.323071746,3.0195195522000002,1.564251607,0.185189964,9.623682234,5.164436613,0.18811533,5.189058638
1012,AA,Company 3,Rating agency 1,4/29/2014,Capital Goods,1.491959949,1.124713354,0.449825322,73.59022016,0.099765771,0.138669004,0.274219091,0.138480893,0.086289079,0.172659467,0.223323235,0.860031028,7.354674772,1.585675808,0.61992253,0.266186241,0.781469182,4.284970248,10.38297389,2.608106698,0.139900246,10.94401857,5.51821598,0.110315094,5.487142454
1014,B,Company 201,Rating agency 3,4/30/2014,Energy,0.596965256,0.38706961,0.054307405,36.04208118,0.052165287,0.081363998,1.0038609,0.149322257,0.020589707,0.036482902,0.095548811,0.392521608,0.43494453,3.61468913,0.78531282,0.357427241,0.994548393,7.459252017,2.5330135183999998,4.656224388,0.080779654,3.771084914,7.384900234,0.2255306594,0.0
1015,A,Company 275,Rating agency 1,5/1/2014,Technology,1.593620735,0.945504465,0.355082815,64.36352701,0.095782638,0.093510071,0.325357299,0.116085064,0.068683573,0.08595369,0.151396597,0.719524019,4.169224361,1.196479029,0.543784162,-0.023461529,0.700673924,3.45205762,2.6364576528,2.201406302,0.09306311,11.10375749,4.916747919,0.155245682,6.434021388
1016,B,Company 142,Rating agency 1,5/5/2014,Basic Industries,0.861973375,0.321614448,0.228849442,0.0,-0.004260802,0.048120408,0.99440142,0.134598329,-0.001611718,0.02227293,0.0720960266,0.372141467,0.614251054,3.790651179,0.794180734,0.512492887,0.406507122,0.989730429,4.6107383592,4.827014244,0.0479142,9.607943927,2.448650114,0.194292226,0.0
1017,CCC,Company 338,Rating agency 4,5/5/2014,Consumer Non-Durables,1.965336407,0.863239166,0.209551024,35.61338357,0.012277832,0.018235882,0.175276503,0.082242086,0.011182049,0.019051689,0.1549269956,0.909250141,3.640437923,1.2135985865999999,1.033010186,0.329136522,0.48565778,1.976407283,4.066986536,2.2080794218,0.018230301,8.415914668,4.127829762,0.100022509,11.26836109
1018,A,Company 264,Rating agency 1,5/6/2014,Capital Goods,2.496385459,1.325543227,0.301658603,63.71439537,0.113511182,0.17154913,0.480117447,0.192653501,0.085396762,0.156211517,0.164250248,0.742443347,7.775924892,0.946074919,0.488742778,0.314217002,0.993424892,6.743255267,6.105582678999999,1.947163177,0.172386746,9.824934815,6.805521302,0.129289337,10.16069439
1019,B,Company 194,Rating agency 3,5/6/2014,Capital Goods,1.702077015,1.355214532,0.223105559,102.8667009,-0.039379759,-0.033696903,0.253964845,0.033169341,-0.030433353,-0.032858207,0.107617671,0.780595691,11.15293597,3.082753972,0.756937979,0.0,1.000479146,0.394117966,2.0407468672,4.110444299,-0.033792901,11.45937334,0.397552501,0.023690645,11.46010444
1020,A,Company 108,Rating agency 1,5/7/2014,Capital Goods,3.266257259,1.430675372,0.7723883984,0.0,0.125255876,0.115467064,0.435617935,0.196482142,0.088839892,0.090542006,0.163230016,0.705668649,9.47410982,0.829191493,0.454625794,0.420385588,0.91325812,4.527104977,4.8314045128,1.825288784,0.116021875,13.07755392,4.927153541,0.199609283,8.650697886
1021,B,Company 556,Rating agency 4,5/7/2014,Basic Industries,1.53724238,1.038173302,0.670115982,12.8795976,0.014336853,0.023844501,0.056799603,0.035507821,0.02812915,0.064227798,0.079107519,1.997774517,3.798879944,1.794144633,0.641955431,0.398399001,0.813703342,2.882526648,10.66298349,2.803867656,0.023951586,5.704837205,3.588833304,0.035054812,9.770719955
1022,BBB,Company 83,Rating agency 1,5/7/2014,Energy,1.319466413,1.024814692,0.107992794,81.32514631,0.183613419,0.240498043,1.00773351,0.265841678,0.048441685,0.067040591,0.094196917,0.258878407,0.288825949,0.94318501,0.482961075,0.163331708,0.990333942,6.745215819,0.480925044,1.967773776,0.241516033,6.313701889,6.725777059,0.39811672,0.0
1024,BBB,Company 18,Rating agency 1,5/7/2014,Capital Goods,1.201245611,0.236387638,0.235097803,0.0,0.065789213,0.090889685,0.092130067,0.098830294,0.082244447,0.167343101,0.1147418728,1.244437682,9.562267211,2.4206071592000002,0.856916182,0.288146849,0.81418756,8.9397774954,8.141973415,3.4440599732000003,0.092491667,9.514611202,14.03199086,0.101174443,9.335139064
1025,BB,Company 165,Rating agency 3,5/8/2014,Technology,1.782852566,1.440646381,0.880192973,46.69771731,0.036629705,0.042172815,0.184186189,0.077756132,0.0318834,0.045717193,0.114074586,0.866889717,1.460773291,2.570333507,0.728469741,0.183559663,-0.015518238,-0.046208124,3.0694581974000004,3.629040232,0.041752018,3.063530658,3.004225159,0.186832971,6.628743045
1026,BB,Company 219,Rating agency 3,5/9/2014,Consumer Services,1.894058976,1.665469149,0.46353168,59.38562125,0.075353218,0.107954831,0.441084529,0.143697136,0.04213777,0.067395909,0.142931207,0.562643786,3.112199124,2.450794212,0.713489835,0.202619069,0.786351169,1.77028841,5.475561954400001,3.436822552,0.107898503,7.05486811,2.218193443,0.098964085,16.37800888
1027,A,Company 183,Rating agency 1,5/12/2014,Capital Goods,1.634319673,1.334290566,0.892680737,39.39199613,0.078827794,0.079182369,0.56672451,0.125556284,0.074214806,0.094130391,0.182870438,0.93224278,8.800163491,1.477849644,0.6027129,0.46445562,0.855699971,9.156909477,13.585622104399999,2.460722922,0.079772088,7.421758299,10.91335041,0.1008968,8.694137559
1028,BB,Company 39,Rating agency 1,5/12/2014,Basic Industries,2.953152516,0.921941457,0.92232614,0.0,0.016820487,0.006877259,0.189244463,0.030014625,0.014416964,0.006604795,0.032810435,0.852440094,1.641745991,1.265644949,0.557641484,0.28077791080000003,0.408710964,5.108294093,3.2773632644000004,2.239538204,0.006850985,4.592100646,12.3602478,0.076386443,6.511436455
1029,BB,Company 496,Rating agency 3,5/12/2014,Consumer Durables,1.061736802,0.083919727,0.010860889,5.56047978,0.012762626,0.010706284,0.145759808,0.030352192,0.029585786,0.048569657,0.109389805,0.6047567728000001,11.18714766,2.678028907,0.733054722,0.141963325,0.8077601050000001,-2.173421006,1.6804396927999998,3.673668343,0.010741481,6.536574568,2.253767001,0.005863072,5.307839884400001
1030,BBB,Company 72,Rating agency 1,5/12/2014,Consumer Durables,1.357703659,0.946690565,0.226487898,60.62760463,0.034811162,0.059653818,0.266187003,0.035160404,0.046814519,0.11905456,0.145406265,1.326820079,6.622485512,2.07811295,0.678867962,0.328378178,0.595928884,1.921498969,4.623418229,3.091817273,0.059042673,12.98625252,3.225781303,0.052297114,5.067641174
1031,BBB,Company 465,Rating agency 1,5/12/2014,Consumer Durables,0.647075626,0.523534446,0.249183377,20.21147521,0.118244553,0.17587811,0.650642641,0.198764386,0.119790181,0.262303874,0.34026732,1.016161532,15.7198919,1.854309472,0.643174205,0.335932036,0.848965809,4.466509886,2.9038283918000003,2.822980464,0.178887104,7.538515962,5.200573687,0.165298129,7.774308827
1032,AA,Company 137,Rating agency 1,5/13/2014,Health Care,3.148465053,2.081273382,0.499068337,61.17157395,0.111060191,0.021313964,0.675691002,0.139442532,0.064446779,0.014754089,0.111645314,0.577165887,8.311221533,0.73715183,0.424538723,0.1913323356,0.892273459,4.434300612,6.1485735859999995,1.731678683,0.021570443,19.98115059,4.965839307,0.209030427,9.489411136
1034,AA,Company 2,Rating agency 1,5/13/2014,Energy,1.93446009,1.464625081,0.257931944,93.49680515,0.148202694,0.15172176,0.221015572,0.147593821,0.100160077,0.127253007,0.171891322,0.681225813,3.014538899,0.697081465,0.408571195,0.271646887,0.594340421,4.414648055,6.265430894,1.713530139,0.149736784,12.2003688,7.454847464,0.215725954,4.017089539
1035,AA,Company 17,Rating agency 1,5/14/2014,Energy,1.693847557,1.505129532,0.893547671,53.51563353,0.115216098,0.109917016,0.472917102,0.106964998,0.025841953,0.029016754,0.128941852,0.223181516,2.120557878,4.032046264,0.802604554,-0.041692906,0.526630149,1.719352905,15.01290117,5.031745017,0.110057724,16.9553779,3.269120868,0.195764941,4.710286994
1036,BB,Company 28,Rating agency 1,5/14/2014,Consumer Services,2.710972458,2.706340299,0.5718180386,21.95570606,0.12790533,0.049795471,0.32242561,0.12853467,0.025644707,0.010385642,0.122266728,0.203254125,0.261518982,3.690439369,0.788549378,0.2954728756,0.32444510099999996,2.1315131402,5.5042511566000005,4.725763586,0.049539701,14.24575714,8.611779798,0.304866687,5.555920875
1037,BBB,Company 516,Rating agency 1,5/14/2014,Health Care,1.349744855,1.076211931,0.016240621,56.13216544,0.070788993,0.073805075,1.008004787,0.140223447,0.060854498,0.074534386,0.15577191,0.881907626,2.132689262,1.548812607,0.610198933,0.578556963,0.598246498,5.400525132,4.4285813174,2.541427984,0.074093615,8.29442554,9.036842304,0.120783272,0.0
1039,BBB,Company 32,Rating agency 3,5/14/2014,Energy,1.482461392,0.515203545,0.418458145,2.511748676,0.02156506,0.032075918,0.99911396,0.032448073,0.075507637,0.149064212,0.169518127,1.0851520529999998,11.18441306,1.261853809,0.561903444,0.331288423,0.998618897,9.93027678,8.911078811,2.281357627,0.03249685,7.13879259,9.875763172,0.035461435,9.109818414
1040,BB,Company 467,Rating agency 3,5/15/2014,Technology,1.461775044,1.293713861,0.9158597,89.59588768,0.023214847,0.045846406,0.395330749,0.101302327,0.010881025,0.034321691,0.042291821,0.468673851,4.5085185694000005,2.88401198,0.734336513,0.501555259,-0.175120514,-0.010702188,1.8918422562000003,3.866951798,0.046125705,14.275029618599998,0.061131729,0.019481832,3.913808309
1041,BB,Company 246,Rating agency 3,5/15/2014,Consumer Services,3.18702148,1.3792638030000002,1.249476992,92.74927021,0.10759714140000001,-0.001391111,0.998020195,0.239164233,0.0177412792,-0.000614543,0.05811384639999999,0.419945885,3.848144771,2.950604602,0.747715863,0.284605705,0.688269749,0.259482797,5.0384072848,3.2883502522,-0.001382744,11.87418668,0.371364593,0.146777707,0.0
1043,BBB,Company 273,Rating agency 3,5/15/2014,Consumer Non-Durables,1.562952538,0.816741313,0.368630546,44.0104969,0.037851848,0.042858338,0.248970888,0.067717338,0.032758934,0.116226713,0.072307472,0.857038382,2.591071394,1.200480597,0.541509486,0.108932236,0.55297045,2.111602589,4.147827329,2.195784356,0.098827638,6.79170679,3.787339768,0.120304793,5.703589129
1044,BB,Company 530,Rating agency 1,5/16/2014,Energy,3.140079003,1.448720696,0.683231881,37.02491392,-0.018155126,-0.027872595,0.176846187,-0.021955507,-0.023403298,-0.044841463,0.0817655654,1.275901076,6.426441067,1.175437299,0.539725706,0.353186878,0.718893131,2.47668482,6.6653268494,2.179223853,-0.027981921,10.9363378138,3.401004397,0.087094133,10.66187034
1045,BB,Company 394,Rating agency 3,5/16/2014,Health Care,1.891307515,1.156039397,0.67901398,63.43836609,0.088735201,0.103598816,0.497272388,0.137679535,0.035829131,0.049417241,0.07825856,0.406581667,5.15888121,1.194366637,0.548448405,0.134850428,0.719191184,4.053185634,10.5220301,2.21458462,0.104262406,13.94960509,5.617776379,0.13652803,11.93799596
1046,BBB,Company 77,Rating agency 1,5/16/2014,Public Utilities,2.621746722,2.455608156,0.3209200204,37.81592883,0.094505632,0.241666562,0.625463266,0.263168462,0.041884776,0.118659923,0.119905541,0.440625542,1.354922697,1.882958539,0.647537987,0.194696006,0.55825157,7.613482264,7.204827968400001,2.864194701,0.242931291,3.652115594,13.64648519,0.324070215,2.743014205
1047,A,Company 104,Rating agency 1,5/19/2014,Technology,1.991266386,0.995991535,0.163524782,65.65019488,0.071123802,0.096450056,0.333736536,0.10393343,0.045473283,0.07193189,0.087837976,0.634233102,6.411995566,0.930285812,0.482787489,0.251528482,0.821093044,3.694677562,2.829143979,1.920023188,0.097493463,11.73124737,4.561365172,0.123412942,8.468877067
1048,A,Company 389,Rating agency 1,5/19/2014,Health Care,0.61545966,0.605371578,0.231014371,23.60172431,0.054148436,0.0868178,0.288933626,0.094772388,0.086244425,0.232110905,0.172371319,1.583962809,15.06193503,0.990294971,0.495720244,0.376368685,0.811549222,6.691710378,6.943326208,2.003007779,0.087033904,9.784527099,8.214076086,0.10613012,9.939643257999998
1049,B,Company 286,Rating agency 3,5/19/2014,Consumer Services,0.948330987,0.773859827,0.581047137,24.92163674,-0.006740633,-0.000796025,0.994086784,0.021455731,-0.007573821,-0.001496901,0.1401815234,1.131328821,9.088957929,3.030505901,0.745477235,0.3181581968,0.672558036,1.455032246,2.9912010440000003,4.062778036,-0.000787003,8.675312783,2.133121898,0.06458159,0.0
1050,A,Company 254,Rating agency 1,5/20/2014,Finance,1.23424928,1.076711595,0.645354105,73.75988397,0.07223363759999998,0.27799304,0.679725649,0.290147524,0.0327544548,0.059310599,0.22057001720000002,0.812278547,19.51483135,3.658595365,0.782344872,0.328753839,0.851845174,2.551038086,4.3482299524,4.677183312,0.276224885,13.20543585,2.957625236,0.167177345,7.196512269
1051,B,Company 444,Rating agency 3,5/20/2014,Consumer Non-Durables,1.298749469,0.7746494562,0.1425290738,29.27324622,0.014689953,0.021621563,0.407783477,0.103699971,0.004360058,0.006766778,0.010119467,0.300261321,2.668257214,1.316937006,0.563716572,0.321307719,0.730337992,2.631462849,1.4869477208000002,2.311563929,0.021586082,13.15098496,3.664364619,0.115108205,7.850220722
1052,BB,Company 61,Rating agency 4,5/20/2014,Technology,1.818754661,1.114433409,0.335670402,58.20216425,0.01348637,0.000593789,0.071956458,0.026375705,0.026249802,0.001947893,0.072265052,1.958033424,10.98329194,1.745777633,0.638061016,0.1503043326,0.768439902,2.90065662,7.7554524235999995,2.717848539,0.000596399,6.358903359,3.81674316,0.054099744,5.747027994
1053,A,Company 203,Rating agency 4,5/21/2014,Public Utilities,1.488266172,1.209070694,0.216319108,3.852471383,0.141213143,0.186468042,0.995294629,0.281261347,0.042083315,0.05692185,0.119182089,0.292632681,0.35271135,1.828129359,0.645126911,0.513359188,0.047806541,0.421727183,4.087742789,2.833301286,0.18681111,9.041146934,8.814681326,0.402719067,0.0
1054,BB,Company 480,Rating agency 4,5/21/2014,Finance,0.7422233525999999,0.7147570115999999,0.134658419,25.837942378399998,0.208240356,0.11976811940000001,0.899286801,0.341850227,0.014821837,0.025560956,0.076006989,0.071694545,2.737653974,4.132801095,0.809292753,0.395739654,0.99564783,9.569570304,7.557017685,5.215044186,0.11997747959999998,6.040992179,9.666154691,0.16781934120000003,2.302084432
1055,BBB,Company 209,Rating agency 3,5/26/2014,Basic Industries,2.133592189,0.965044899,0.839049135,11.26157579,0.052957737000000005,0.0916735368,0.412472639,0.0486545276,-0.0051062696,-0.021638017000000002,0.0420430728,0.337004865,0.582326469,1.572445759,0.571927889,-0.064688776,-0.299733837,-1.249025152,5.186717478,2.4305907898,0.0935831742,-3.605279803,4.200091469,0.339831863,3.410265147
1057,A,Company 171,Rating agency 1,5/27/2014,Consumer Non-Durables,1.817520556,0.430926688,0.20089014,13.18002309,0.015033618,0.022320776,0.043224545,0.022325672,0.030574509,0.071456296,0.0660659,2.053671038,8.914894645,1.166720463,0.540705711,0.329116354,0.831950808,6.574245771,4.5680862722,2.176965342,0.022493532,10.01902035,7.903185297,0.057751715,18.9275972
1058,AA,Company 122,Rating agency 1,5/27/2014,Energy,2.586332561,1.558173064,0.797207156,49.85921877,0.086397985,0.121380963,0.253779917,0.120325792,0.101367109,0.18830952,0.199330108,1.178279476,5.498085824,0.952775755,0.494086434,0.248446118,0.673589901,7.566983197,15.12521525,1.9684793,0.12292666,9.169181077,11.21621496,0.119805291,8.321247492
1059,BBB,Company 253,Rating agency 3,5/27/2014,Energy,0.782260902,0.459489813,0.019422351,68.29066663,0.22190004,0.11933526539999999,0.992512442,0.178701981,0.064039987,0.116157032,0.193288923,0.29079345,0.322266995,2.005303452,0.664581121,0.369431452,1.002235498,6.3036208904,3.228508554,3.015260998,0.1256121206,6.052469004,13.8794569,0.24859946979999997,0.0
1060,BBB,Company 241,Rating agency 1,5/28/2014,Consumer Services,0.469402623,0.467530698,0.467357233,0.0,0.10394461640000001,-0.050403687,0.023273202,0.215839479,0.080512193,-0.005310901,0.173752357,0.105498949,0.124604068,1.171796928,0.535515286,-0.009670627,0.995086416,2.476590393,0.149693224,2.193719252,-0.050438651,19.65050374,2.468916365,0.363718693,19.64415634
1061,BBB,Company 291,Rating agency 1,5/28/2014,Basic Industries,2.073126837,1.305939102,0.602178692,41.52504592,0.065157476,0.040153641,0.173859702,0.061367475,0.0828765,0.064905526,0.248795517,1.275706252,5.823536122,2.007286147,0.667187965,0.384809794,0.299228498,0.341754534,4.5114482449999995,3.002388434,0.03995001,11.8364226,1.149208141,0.02866835,8.067654772
1062,BBB,Company 56,Rating agency 1,5/28/2014,Miscellaneous,1.277949465,0.759058346,0.405141211,44.62383035,0.036717043,0.082986583,0.974168718,0.037153242,0.020910491,0.070022896,0.11021135559999999,0.575785949,15.91545004,0.8713395628,0.973005479,0.259587901,0.779447365,2.406626276,2.5088879464000002,1.7782855216000002,0.082412195,21.74931506,3.116007104,0.161200088,0.064698029
1064,BB,Company 315,Rating agency 1,5/29/2014,Energy,0.50323263,0.372695405,0.000706465,35.3620747,0.062728793,0.080514828,0.993499884,0.062085722,0.015893179,0.022121678,0.047768753,0.252760692,0.6561195618,2.014178648,0.666092051,0.224964156,0.987553422,4.588150723,0.029716273,3.004027795,0.080337911,3.9600961658000005,4.618547777,0.395734696,0.0
1065,AA,Company 50,Rating agency 1,6/3/2014,Energy,1.252782766,0.975821107,0.413184161,52.28375362,0.156801321,0.137051097,0.993664923,0.158657554,0.078118662,0.077742263,0.17500578,0.493887852,0.805282076,1.273111779,0.557326001,0.319332912,0.996726043,1.9839162074,7.8831238458,2.274613714,0.137511536,5.756230291,12.96131034,0.274539972,0.0
1066,B,Company 169,Rating agency 3,6/3/2014,Technology,0.309739372,0.2987473,0.125416861,6.930313965,0.04107546,0.066155179,0.696947923,0.079076707,0.042485265,0.076875267,0.095922184,1.022135312,9.27838542,1.251259151,0.554346194,0.380273462,0.195080653,0.472781172,0.775170106,2.255233263,0.067203569,1.501981255,2.465273943,0.043461329,7.940428653
1067,A,Company 53,Rating agency 1,6/4/2014,Public Utilities,0.877906708,0.296081487,0.029353338,24.69963243,0.086582895,0.132409094,0.995688716,0.168094677,0.027795066,0.04768463,0.098264946,0.322472727,0.421996775,2.559520029,0.712881129,0.33862521,-0.315077598,2.757166419,7.880872262,3.578648328,0.130149861,3.732678558,3.8886932958000004,0.238141648,0.880036985
1069,BB,Company 139,Rating agency 1,6/4/2014,Miscellaneous,1.612665229,1.289844692,0.465962126,63.77320868,0.020291644,0.019908373,0.222377293,0.055439992,0.02942964,0.04180823,0.331295561,1.43898566,7.271188698,1.7642191558,0.911587118,-0.043809947,0.682234286,2.624651058,5.693532684,3.0039962955999995,0.019792932,6.165426987,3.818505737,0.066016715,7.185494626
1070,A,Company 4,Rating agency 1,6/5/2014,Consumer Non-Durables,1.643412301,0.957559136,0.110227453,26.21382247,0.022294346,0.034910472,0.175908991,0.037393906,0.078792081,0.172530048,0.191789196,1.5191586417999998,11.21110425,1.427927706,0.584752528,0.356317057,0.657332386,1.681848911,0.701260393,2.435719265,0.034596576,10.64793473,2.540045045,0.034307735,14.94855253
1071,A,Company 105,Rating agency 3,6/6/2014,Capital Goods,1.586075638,1.296113023,0.507276288,57.36687607,0.072669395,0.100145373,0.225961537,0.100431065,0.07548381,0.145019693,0.166915448,1.035669035,7.154206539,1.189425453,0.53810279,0.274113553,0.772742546,6.206810233,6.4598447498,2.205253387,0.101490156,9.934873589,7.986370969,0.090799555,8.8071754
1072,AA,Company 20,Rating agency 1,6/6/2014,Public Utilities,0.646760818,0.479685261,0.00584193,31.99667628,0.118275959,0.192237517,1.007438528,0.246630082,0.030195677,0.05598402,0.09599552,0.255450004,0.345928434,2.20029283,0.694484882,0.343444053,0.119478327,1.236155779,4.416080915,3.189311961,0.194209173,6.37808473,10.55154515,0.333952745,3.863593893
1073,BB,Company 403,Rating agency 3,6/9/2014,Consumer Services,1.42844713,0.555892446,0.283624217,0.0,0.025549507,0.039285972,0.297565485,0.052346419,0.020845852,0.052096227,0.084251654,0.816215038,6.7875709836,3.070864755,0.74996445,0.343313295,0.446458386,0.750058569,7.231980315800001,4.080456678,0.039326703,1.323159457,1.682637055,0.022232224,1.4875245152
1074,A,Company 161,Rating agency 1,6/10/2014,Basic Industries,1.469561063,0.074451701,0.062414628,0.0,0.075286541,0.121631413,0.344150335,0.171718093,0.056644542,0.143555144,0.194692803,0.737583892,3.081876621,2.421419379,0.703365913,0.315540001,0.416272276,1.165144979,1.101877701,3.465339318,0.121488443,12.95061911,2.805077747,0.097490664,5.321448013
1075,BB,Company 456,Rating agency 3,6/10/2014,Basic Industries,1.5776315730000001,1.2587036816000001,0.34726591340000007,73.44000079,0.078306686,0.121297754,0.228444944,0.124858665,0.066505966,0.120419512,0.094424215,0.844360668,3.359122973,0.438584613,0.305339633,0.279732175,0.671055459,2.616003734,6.5258921176000015,1.423167651,0.121333405,7.867741931,3.875255896,0.132368762,8.335709139
1076,A,Company 149,Rating agency 1,6/11/2014,Energy,1.342207347,0.408441832,0.403406746,0.0,0.170284631,0.177062379,0.993030521,0.170759617,0.035562197,0.040703117,0.06525173,0.20966309,0.245386231,0.852171483,0.460907777,0.165907064,1.008902411,4.5145783332,4.86464299,1.838162247,0.177252152,4.464313114,4.5038355398,0.2082284938,0.0
1077,A,Company 363,Rating agency 1,6/11/2014,Energy,2.345743387,1.427074783,0.566809946,12.91759786,0.036169317,0.057932361,0.137404153,0.061364104,0.073731036,0.137316427,0.123250824,2.00092183,5.93197018,0.676058813,0.406235836,0.339200961,0.569677236,2.49829207,5.7711959158,1.689994677,0.057613722,6.08904795,4.32742286,0.043118663,13.10300154
1078,BB,Company 563,Rating agency 3,6/11/2014,Technology,1.276033153,0.996404244,0.531703228,73.20944986,0.064882002,0.081495248,0.658969689,0.118457213,0.034200169,0.058252211,0.240455236,0.535408039,10.3080158942,2.2039857892,0.862458442,0.132279287,0.868497375,2.675623211,5.669797719,3.2336858544,0.080175226,11.10130266,3.130906567,0.148370576,5.990027421
1079,BBB,Company 60,Rating agency 1,6/11/2014,Capital Goods,1.303180408,0.598556419,0.32100041,19.93136177,0.034396774,0.047842176,0.130946505,0.033007867,0.031899733,0.071069703,0.125222301,0.942370788,6.017963683,2.923113585,0.73730065,0.283010598,0.403222136,3.643778668,10.611243684200002,3.898398272,0.04769562,2.868479386,9.145260424,0.080697971,5.738055459
1080,A,Company 129,Rating agency 1,6/12/2014,Technology,2.009824094,1.343105148,0.501533822,56.82338551,0.115642723,0.141457987,0.384354807,0.153808274,0.092784673,0.133808356,0.186224741,0.807433936,7.439879004,1.021204084,0.502598208,0.219858331,0.791243879,5.452813561,9.767304880800001,2.031697556,0.141189164,6.915776638,6.853389918,0.135182327,7.823342153
1081,BB,Company 205,Rating agency 3,6/12/2014,Basic Industries,2.259830273,1.439422166,0.620467687,68.25345651,0.116189737,0.099883132,0.251520056,0.165186093,0.093338571,0.097921321,0.236320703,0.809080495,1.664315625,1.540331807,0.610877513,0.384406431,0.484873898,3.452227691,4.765977167,2.542362469,0.098872585,11.36063655,7.128099242,0.212538085,0.135243222
1082,A,Company 49,Rating agency 1,6/13/2014,Public Utilities,0.807490748,0.241606335,0.012073926,25.46314785,0.049023485,0.088664477,1.006320166,0.201920147,0.013760886,0.027896132,0.044101448,0.276892169,0.361698125,2.226649765,0.684040076,0.604110106,0.18636328,1.299849603,2.143547885,3.195437584,0.088295651,7.768304022,7.036974335,0.289937607,0.0
1083,A,Company 182,Rating agency 1,6/13/2014,Public Utilities,1.306217512,0.862854629,0.186151225,22.785615576,0.0850984294,0.0549286274,0.994559427,0.156919031,0.031640929,0.050236631,0.09450178,0.000328375,0.000486275,1.964471994,0.65542777,0.331306326,0.040573855,0.250952728,1.361045397,2.979534961,0.05744432199999999,8.059500744,6.224883362,0.3090910526,3.640008957
1084,B,Company 283,Rating agency 1,6/13/2014,Public Utilities,0.984522612,0.8807822,0.018060174,42.22448299,-0.043786277,-0.045163479,0.828398317,0.130759301,-0.02590583,-0.031078501,0.080512859,0.591898923,1.390742834,0.9300147492,0.6176609392,0.043456512,0.7095860954,-0.577927341,3.8905113568000003,1.9212742252000001,-0.045169173,17.41517641,0.383072879,0.063048573,2.412248947
1085,BB,Company 14,Rating agency 1,6/13/2014,Public Utilities,0.506175571,0.277054191,0.028368393,42.32271124,0.026405716,0.038021508,0.996786599,0.108442103,0.007802625,0.013402344,0.030743706,0.298340674,0.450473505,2.947409924,0.742663371,0.342118853,0.009035679,0.057834632,0.914506123,3.972987966,0.038511235,8.421705366,6.400137554,0.179795965,2.007960475
1086,B,Company 65,Rating agency 4,6/16/2014,Energy,1.416346963,0.756847809,0.009464278,12.82848823,0.002606239,0.002196183,0.020742875,0.004363221,0.021083923,0.029557269,0.122650228,0.7348851028000001,7.808547536799999,4.886465557,0.832172957,0.019032791,0.743776027,6.943084794,2.01835612,5.891268629,0.002156597,7.215754347,9.32775543,0.012902192,6.673074507
1087,B,Company 499,Rating agency 3,6/16/2014,Basic Industries,2.757486843,0.739872538,0.73375111,3.49546171,0.139962926,0.235179682,0.333438058,0.238243711,0.053072275,0.132358092,0.132582159,0.374828752,19.03904919,1.497569431,0.594771443,0.0,1.002070885,1.2817213003999999,3.2390624762,2.497296714,0.232267945,-1.621500773,1.8580410750000003,-0.04525958,3.050778222
1088,BB,Company 508,Rating agency 3,6/16/2014,Transportation,1.487250464,1.27417596,0.337405442,6.153175512,0.09317773,0.148118778,0.997450597,0.155432262,0.098613439,0.228409422,0.243472245,1.076659443,2.224233911,1.464365199,0.595000979,0.37789389,0.097665359,1.018766051,3.4847468677999998,2.557812381,0.148358866,8.297901011,10.48505761,0.199585191,0.35802833980000004
1089,B,Company 240,Rating agency 1,6/18/2014,Consumer Durables,3.686228902,1.246262363,0.082523838,42.75342151,-0.001174572,-0.002109853,0.278893102,0.024132788,-0.001656904,-0.003582131,0.11761375519999999,1.42961613,8.82183958,1.489290153,0.595819726,0.2889813132,0.6094559366,-1.112932881,1.3959426261999999,2.469103899,-0.002114105,11.36473386,-0.591277851,-0.016951536,11.56330211
1090,BBB,Company 382,Rating agency 3,6/20/2014,Consumer Non-Durables,2.249038872,1.284095397,0.86477565,39.10365523,0.091284035,0.055273485,0.469805243,0.091775778,0.061139186,0.044241893,0.164870264,0.664008173,5.961032876,1.727294166,0.639453555,0.648083677,0.879658246,8.2812439618,15.96909235,2.713627861,0.055160478,10.11919015,11.99735246,0.16635013,6.975602867
1091,A,Company 344,Rating agency 1,6/23/2014,Public Utilities,1.337734047,0.158034018,0.150809083,0.0,0.051999741,0.068677721,0.993466827,0.0940172,0.016777409,0.025487602,0.050213932,0.324675357,2.2358507104000003,1.981117395,0.663392804,0.250442955,0.202739862,1.277969063,2.196034111,3.004244133,0.068934524,14.85667408,6.321819988,0.159644041,0.0
1092,BB,Company 323,Rating agency 4,6/23/2014,Energy,1.704652192,0.834334789,0.402240331,34.47282612,0.196891127,0.05856697,0.261082555,0.078114878,0.0632408624,0.111887627,0.16229139780000001,1.323925992,6.323811329,1.824395607,0.647930304,0.156831765,0.129859667,0.239082003,7.2727504904,2.813289655,0.059465505,10.22770865,1.880809853,0.04379123,9.176941686
1093,BB,Company 227,Rating agency 3,6/25/2014,Capital Goods,2.3297573374,2.060919857,0.9563215889999999,42.38875442,0.051847101,0.074392598,0.237616245,0.082617521,0.038323741,0.063626419,0.065598164,0.72546878,2.544697525,0.724513697,0.424994407,0.297931096,0.477711353,0.962872713,2.7412349812,1.738302826,0.074593055,5.141318603,2.031007244,0.123964599,10.89979652
1095,BBB,Company 210,Rating agency 2,6/25/2014,Basic Industries,1.134271369,0.594547877,0.342800095,15.80015163,0.16106577239999997,0.11015719139999999,0.291361861,-0.114665926,-0.038815227,-0.030743638,0.0782836738,0.160795507,0.180136647,0.594725699,0.371083926,0.19626378419999999,-0.459472511,-0.399613239,0.404076464,1.6051269,0.10990230379999999,15.8777990714,0.862585765,0.354969307,3.164651115
1097,BBB,Company 430,Rating agency 4,6/26/2014,Consumer Services,1.814397092,1.739394696,0.613533474,44.43329255,0.068314025,0.086302155,0.995345718,0.098941394,0.040954716,0.061267634,0.071696724,0.60370495,3.774256902,0.764590363,0.431853891,0.368519816,0.313443543,0.07124736620000008,9.5587184256,1.774879767,0.086583093,4.444066721,2.2127984618,0.093397885,0.0
1098,B,Company 557,Rating agency 4,6/27/2014,Technology,2.04316745,1.46356873,0.946814408,39.04989814,-0.086901372,-0.081236052,0.210502138,-0.036294478,0.0244945374,-0.13025501,0.20248594299999997,1.172320158,2.877283509,1.3426861396,0.874966668,-0.065668865,0.375757671,0.734893928,3.5221711482000004,2.3422858926,-0.082380511,3.0875866784,1.963737593,0.093197522,7.731580447
1099,BBB,Company 24,Rating agency 1,6/27/2014,Consumer Services,2.798933323,1.295357614,0.595696678,59.59453912,0.05354061,0.059691137,0.186475359,0.090904611,0.058052059,0.08748934,0.105096457,1.062138872,8.513063956,0.833488897,0.450528992,0.456502185,0.868964707,8.722304746,17.47312377,1.8491297,0.059735213,5.072005339,10.0212982,0.095698314,8.822636673
1101,AA,Company 232,Rating agency 3,6/30/2014,Technology,1.276448826,0.539806933,0.268843309,38.58685768,0.166015833,0.193863283,0.487460698,0.194258175,0.129667996,0.228834073,0.1523858498,0.792165661,7.272327165,4.56528622,0.821478586,0.154387069,0.784872073,3.4421925780000002,7.5009223838,5.580519432,0.197180094,9.281861858,4.302305967800001,0.176894013,6.871323994
1102,BB,Company 342,Rating agency 1,7/2/2014,Consumer Durables,2.784201395,1.819804056,1.08348057,39.39331871,0.061841218,0.101120416,0.168005956,0.087798835,0.085570373,0.175129167,0.255020114,1.376425246,4.645749757,1.96969585,0.660990419,0.319899576,0.545544461,2.82705755,6.6409022138,2.968684419,0.101467607,3.955332698,5.158328855,0.093158307,11.0701394
1103,AA,Company 105,Rating agency 1,7/3/2014,Capital Goods,1.860475814,1.254662622,0.498126784,51.25675233,0.078324419,0.116661716,0.227243931,0.118451851,0.078065959,0.154472283,0.155824711,0.992859747,7.307012516,0.984442894,0.499569079,0.330805463,0.845509857,7.850222953,10.0689788414,2.012148051,0.118544155,9.717758956,9.384171827,0.104177108,8.19468555
1104,BBB,Company 420,Rating agency 3,7/3/2014,Technology,2.849548708,0.70396246,0.0,44.56558065,0.017439111,0.014341105,0.336762423,0.022792243,0.014240578,0.014507764,0.026014543,0.826039927,2.788175457,0.796571792,0.443092179,0.215459926,0.999886493,0.800179133,2.8103717044,1.79745939,0.014226996,7.891599076,0.807316619,0.096948908,8.235148096
1105,A,Company 206,Rating agency 1,7/7/2014,Consumer Non-Durables,1.278111863,0.771340307,0.105422604,79.39868913,0.065782035,0.080588304,0.385084738,0.106168766,0.05629038,0.097413915,0.203230387,0.851248331,10.16821973,2.593555341,0.716259432,0.193312917,0.75050849,1.710135147,3.0616685986,3.610082029,0.081476016,15.73116674,2.315616084,0.111598347,5.200399393
1106,BBB,Company 368,Rating agency 3,7/8/2014,Consumer Services,0.296854156,1.459805677,0.01947222,44.9591593,0.07005269680000001,0.14630198600000002,0.936642486,0.14914491879999997,0.048060145,0.050589327,0.092905363,0.104832944,3.139670796,0.928070746,0.476475919,0.02386047,0.654634646,3.042763216,3.731691428,1.910759754,0.14920996739999998,20.93368887,4.596024224,0.28853713899999994,0.300696424
1107,B,Company 46,Rating agency 1,7/9/2014,Capital Goods,1.189304873,0.394000878,0.116404993,18.59826091,-0.057547848,-0.051148203,0.117304106,-0.051477573,0.029735716400000008,0.0323991564,0.132409953,1.455591336,6.906402489,2.3319639263999994,0.6724452989999999,-0.046773306,1.255333196,-5.171419594,3.0712979965999994,3.3428273067999994,-0.051644147,3.7266212724,-4.118544864,-0.030861041,6.091822761
1108,BB,Company 305,Rating agency 3,7/10/2014,Energy,0.910187684,0.432232823,0.002433949,48.64932995,-0.086190346,0.001033918,0.67504224,-0.029487593,-0.02116529,0.016028774,0.15904387439999998,0.244519375,0.273908732,1.496548583,0.601534193,0.2629550466,0.544565783,3.885330271,0.009022851,2.485022485,0.059951429,7.273484484,7.191929675,0.1627629264,1.190367568
1109,BB,Company 246,Rating agency 3,7/10/2014,Consumer Services,2.969953736,2.645723461,0.867100723,97.49791221,0.111876055,0.189793856,0.993842623,0.247642091,0.05133412,0.092414608,0.187593988,0.459253273,4.252280938,2.605660135,0.728440668,0.406274578,0.847148668,0.5186184,0.355468545,3.618069827,0.189790858,11.32691509,0.609258849,0.223177308,0.093372321
1110,BBB,Company 524,Rating agency 3,7/14/2014,Miscellaneous,0.779699974,0.528732328,0.208584729,27.547747,0.034932737,0.061807987,0.334488523,0.098755601,0.029517597,0.085622709,0.127663554,0.841003269,3.11804227,3.344261305,0.769919718,0.433211978,0.419250495,1.761558684,1.186384301,4.31587001,0.080807076,11.53873832,4.266037361,0.178105339,19.58101487
1111,BBB,Company 453,Rating agency 4,7/14/2014,Consumer Services,2.064062766,0.466870385,0.20111477,0.0,0.089248555,0.139482478,0.398236584,0.140245449,0.16204562,0.13089229600000002,0.257471,1.792141981,7.254139481,0.616051385,0.377370604,0.36289007,0.765690684,5.03349249,4.039236167,1.62013966,0.140704485,7.856880264,6.520509507,0.120031345,6.2372693
1113,AA,Company 127,Rating agency 1,7/15/2014,Health Care,2.353129882,1.742255555,0.574354784,53.47830333,0.220034135,0.279155974,0.689821388,0.27728684,0.124059555,0.193971432,0.234956135,0.571082334,4.632660816,0.885230927,0.470554019,0.207064868,0.79372248,5.220985215,11.77485277,1.86268458,0.277634937,11.97026888,6.624416777,0.248169207,2.982128008
1114,A,Company 71,Rating agency 3,7/18/2014,Health Care,1.412971161,1.058332107,0.725280754,68.2378938,0.089399794,0.117518506,0.785323787,0.169611698,0.06438803,0.147562944,0.14990035599999998,0.72810712,8.110936765,1.9568449213999997,0.936147507,0.251008323,0.829763333,1.834235068,4.47672131,2.9793320938,0.119652215,7.163068167799999,2.243227041,0.177442496,0.636860872
1115,AA,Company 137,Rating agency 1,7/18/2014,Health Care,2.167834024,1.480136939,0.405343202,58.96441216,0.053675634,0.119270624,0.665560327,0.128739679,0.028975647,0.088341699,0.059517213,0.541042024,8.763595516,1.06417618,0.514003904,0.559550602,0.86785263,4.094637251,13.31844441,2.065386432,0.118936126,22.72397129,4.687734634,0.185725499,9.937988443
1116,AA,Company 8,Rating agency 1,7/18/2014,Capital Goods,1.736845685,1.223059603,0.55340843,66.55170457,0.129800037,0.173966655,0.527908718,0.172383338,0.070180748,0.109161531,0.111719394,0.540325281,8.997700488,0.581833138,0.367707507,0.255217081,0.844694831,4.479459414,3.5328988686000002,1.583777676,0.1756678,10.20620765,5.386272851,0.189405749,5.001991895
1118,AA,Company 2,Rating agency 1,7/18/2014,Energy,1.758478291,1.306283252,0.219998983,83.19883379,0.112790131,0.15845677,0.23072334,0.156070574,0.081832444,0.146233707,0.143128088,0.724667176,3.155200339,0.761925782,0.432410441,0.252432769,0.640007042,5.551904827,6.9246822506,1.751170386,0.155976465,9.840310683,8.570601382,0.231135991,4.053023089
1119,A,Company 293,Rating agency 1,7/22/2014,Consumer Durables,1.493202493,0.893376117,0.176708774,47.91633386,0.045475477,0.065242064,0.179465907,0.075304552,0.053952295,0.099641993,0.151937669,1.194624921,4.345255957,1.828564801,0.651219834,0.334850846,0.577585987,2.371451557,1.5433142200000003,2.791783967,0.064650958,9.805329994,4.125080884,0.083333168,7.911731538
1120,A,Company 400,Rating agency 1,7/23/2014,Technology,1.503434685,1.426831057,0.206956624,72.11326347,0.020570488,0.032713785,0.16672364,0.034714353,0.060024092,0.17869783,0.143942472,0.9020461835999999,6.445594273,1.45162663,0.591718216,0.374695166,0.8278291,3.218327669,8.78781269,2.460989119,0.032919428,6.963697194,3.841482887,0.014669437,11.21268259
1121,BBB,Company 267,Rating agency 1,7/23/2014,Energy,3.08328697,2.7000801,0.521413637,44.56201563,0.176128402,0.237897414,0.312033184,0.238161852,0.07163097,0.112478688,0.116865519,0.410270107,0.637856404,0.629914011,0.390791155,0.253190365,0.062289759,0.215629042,4.505020473,1.626918949,0.250805082,5.268525415,3.437924591,0.322813858,9.227289134
1122,BBB,Company 77,Rating agency 1,7/23/2014,Public Utilities,1.058157251,0.895228514,0.380811924,40.09581363,0.075664966,0.120236903,0.603407319,0.154663966,0.041382549,0.074491985,0.10988501180000002,0.548916045,1.412359629,2.0214762584000003,0.946079547,0.215355583,0.429791066,3.298979317,4.3462423224,3.0436107040000002,0.120136213,7.860357791,7.682181392,0.242638084,3.015203739
1123,BB,Company 200,Rating agency 4,7/24/2014,Basic Industries,2.353438771,0.346118712,0.122344259,0.0,-0.001186165,0.008208876,0.131910889,0.040843654,-0.001447602,0.011806649,0.137613907,1.247043039,2.409739645,2.192185035,0.683581613,0.2926964416,0.328420715,2.288398626,3.8102721419999996,3.164587252,0.008300481,11.65537597,6.915108386,0.071255521,7.919538344
1125,BB,Company 463,Rating agency 1,7/24/2014,Consumer Durables,1.756752713,0.795493709,0.33565309,29.07791299,0.046627469,0.073396091,0.152697192,0.092003454,0.055599699,0.108675463,0.255764205,1.194469124,3.661525628,3.687862858,0.784170824,0.356481741,0.596809493,3.200637897,3.0891772154000003,4.626798957,0.072840207,5.830735926,5.466553455,0.089023553,7.750425085
1126,A,Company 33,Rating agency 1,7/28/2014,Finance,0.736680252,0.569990833,0.155017022,50.9760638,0.152220977,0.233838409,0.652581868,0.263218087,0.078912308,0.149256148,0.168167005,0.526328963,8.027679678,1.123000697,0.532015042,0.35081067,0.867343417,4.368092377,2.9736987976,2.120729198,0.236643905,13.70288442,5.040713396,0.25233332,7.331505458
1127,BBB,Company 68,Rating agency 1,7/28/2014,Energy,1.761628144,1.297134336,0.319304102,80.84649268,-0.099463766,-0.089132544,0.335773649,-0.088801948,-0.056220119,-0.058918389,0.051748816200000006,0.574044926,0.784791803,1.422651504,0.588728902,-0.103575142,-0.02210049,-0.134458759,2.8175216496,2.429108339,-0.089117358,13.09818674,6.107065252,0.259628075,5.792034735
1128,B,Company 320,Rating agency 3,7/29/2014,Basic Industries,2.696675701,1.871813591,1.192367557,44.03481654,0.026800964,0.043481561,0.210823942,0.073104826,0.017427339,0.032379784,0.04489318,0.64274292,1.177277608,1.629960304,0.615814945,0.390203528,0.1944820022,-1.2529419244,4.6089346294,2.594229238,0.04412421,10.85484869,2.952565394,0.091503529,7.117690431
1129,BBB,Company 212,Rating agency 1,7/29/2014,Basic Industries,3.0702049,1.533630708,0.488524293,35.92124464,0.034021324,0.057537357,0.091169619,0.057550785,0.045658103,0.088587397,0.092077622,1.359378126,3.981116155,1.009044131,0.501746031,0.320522906,0.4997192,2.094447638,3.7344695287999996,2.015375806,0.057044422,8.975361236,4.206128101,0.063456711,19.33449293
1130,AA,Company 285,Rating agency 1,7/30/2014,Consumer Services,1.367294259,0.766465815,0.256808856,62.05576866,0.17598363,0.077473291,0.584384447,0.067034177,0.155195748,0.084368097,0.396477682,0.87896675,8.176058595,1.532446101,0.603579084,0.030075393,0.649767452,1.201772465,1.949989016,2.544200039,0.066992671,20.25424913,1.8401817,0.079713759,4.915862828
1131,BBB,Company 316,Rating agency 4,7/30/2014,Finance,1.0593620218,0.5100010238,0.199233998,6.116823707,0.090359172,0.133238733,0.509994788,0.13364954,0.03013077,0.051331029,0.142253106,0.32864404,7.647128392800001,3.696481259,0.788088451,0.318795884,0.936662409,5.404147706,4.8486016068,4.75499101,0.134145348,3.609644905,5.785557833,0.103672946,14.78432547
1132,BBB,Company 323,Rating agency 1,7/30/2014,Energy,2.191325017,0.776242423,0.610434492,5.528994712,0.063618884,0.074616561,0.269245869,0.085297536,0.079061293,0.128051231,0.210769981,1.224005828,8.373454633,1.683617964,0.620894724,0.322780852,0.475098002,1.190817084,2.8012019510000004,2.685562508,0.074830844,12.08431569,2.503846387,0.061486297,8.821035938
1133,BBB,Company 308,Rating agency 1,7/31/2014,Capital Goods,2.324424461,1.611961198,0.885393002,41.38630161,0.04799668,0.039164802,0.142606536,0.039465311,0.064060338,0.071418887,0.29458728,1.354247107,5.602308122,3.531494765,0.779324401,0.3035827372,0.544924284,1.744121981,5.012839588,4.526376907,0.039444524,8.114920766,3.213402482,0.076861802,7.198664461
1134,CCC,Company 278,Rating agency 3,7/31/2014,Capital Goods,1.4024481976,1.2417697105999999,0.46125618179999994,86.59399406,0.23784628,-0.047516739,0.8809924854,0.1521667616,0.016738623,-0.003344668,0.123839884,0.070109077,7.857139896,1.8029600623999997,0.866842554,0.3109842572,1.090647595,2.1256721349999994,5.17136141,2.8217185518000005,-0.046893884,8.717368649,2.7677636936,0.0991660572,-1.111748643
1135,A,Company 111,Rating agency 1,8/1/2014,Transportation,1.551693583,2.619491378,0.544269211,33.24086819,0.170796302,0.269945957,0.997649335,0.305731451,0.060168486,0.099197639,0.16212673,0.352990526,0.41983925,1.68758691,0.632929445,0.364353079,0.257867275,2.370333806,2.5062612730000002,2.666182289,0.271058541,8.763111355,9.274074831,0.245166158,1.288892717
1136,AA,Company 82,Rating agency 1,8/1/2014,Public Utilities,1.203442602,0.658223482,0.018583373,44.35100544,0.073308717,0.102646744,0.990562077,0.129058082,0.032634725,0.049737556,0.109483616,0.435370881,0.737892498,2.364455547,0.708899109,0.28426264,0.995663,1.7912337174000001,2.5562623528,3.355537906,0.104222932,8.619435687,10.48512629,0.14878282,6.024702367
1137,B,Company 202,Rating agency 2,8/1/2014,Consumer Services,1.137877759,1.223860085,0.105133042,31.420292416000002,0.178625475,0.285262488,0.549809505,0.1725769096,0.108364267,0.053161601,0.1174920768,0.60413228,1.186513526,3.066326421,0.706368199,0.378480336,0.994480922,9.177739213,2.623243153,4.286999771,0.13535485200000003,3.532992105,9.280832929,0.252793912,1.401681341
1138,BBB,Company 391,Rating agency 1,8/1/2014,Consumer Services,0.589445147,0.448541309,0.141186774,88.83234914,0.022759652,0.085440055,0.337719646,0.188898903,0.010131238,0.108778612,0.033433497,0.449042539,3.144300922,2.150950834,0.645497619,0.370923599,0.682603547,3.698907422,5.3976940076,3.25527572,0.154896457,5.639784655,5.363962376,0.278490651,2.019766611
1139,CCC,Company 593,Rating agency 2,8/1/2014,Finance,1.081175793,1.01756364,0.203198954,28.0287170086,0.04642775199999999,0.0583503254,0.400424792,0.209033306,-0.037414323,0.058493155,0.11250242899999999,0.159835143,0.247202271,2.158815617,0.552252532,0.265985155,1.111679835,2.490374484,6.166331896,3.967785057,0.303417364,9.549188377,2.242603857,0.252193372,1.864977553
1140,A,Company 279,Rating agency 1,8/4/2014,Health Care,1.737467263,1.136464048,0.655396355,47.99284789,0.126126473,0.150572624,0.746992289,0.149918198,0.059567861,0.094577213,0.134853343,0.474694572,3.560103605,1.27808036,0.559373991,0.149127264,0.828736544,1.597433813,4.7622007998,2.268439769,0.151034702,7.5739517828,1.918393185,0.197717853,1.584884557
1141,A,Company 110,Rating agency 1,8/5/2014,Consumer Services,1.055856116,0.92068275,0.798501691,14.5773016,0.165669724,0.074010801,0.19984337,0.161933084,0.040379935,0.019877484,0.06629747,0.24444845,4.1265768834,0.650741878,0.392923538,0.1867324306,0.614879559,1.52569432,5.904570431800001,1.656375429,0.074866307,16.21201078,2.516121377,0.17281321279999998,1.1194044304000001
1142,A,Company 187,Rating agency 4,8/5/2014,Consumer Services,0.772807289,0.618319706,0.224836759,33.48087573,0.122739855,0.182343981,0.99507978,0.215577841,0.052712964,0.087867205,0.159842905,0.433184195,2.227431136,2.013838751,0.666082202,0.313235236,0.497212968,3.260571797,1.756605415,3.004205965,0.180858512,7.719338159,6.49822102,0.248443457,0.0
1144,B,Company 498,Rating agency 3,8/5/2014,Consumer Services,1.358923714,0.876208266,0.000823945,47.67315251,0.020550203,0.038360849,0.994677317,0.107305449,0.009443201,0.018784735,0.026999486,0.457423712,2.695338525,1.870323811,0.645564208,0.466644504,1.006044419,0.001656821,1.3e-06,2.880522456,0.038366606,9.0515720082,0.001644639,0.156223729,0.0
1146,BBB,Company 128,Rating agency 1,8/5/2014,Basic Industries,1.608198469,1.088979276,0.381248382,47.38120562,0.023543923,0.036610673,0.312581963,0.037185481,0.019169709,0.036984469,0.109202994,0.82412503,1.839913896,4.652489813,0.825562904,0.140918255,0.5531795,3.97660555,1.5754003058,5.612948648,0.036862521,13.16756508,7.147011046,0.129169785,0.143212695
1147,BBB,Company 126,Rating agency 1,8/6/2014,Basic Industries,2.799940568,1.061919673,0.279344437,56.77352947,0.061384958,0.090180052,0.185064444,0.097128772,0.043395328,0.075291538,0.08868601,0.709403073,1.550589255,1.030740046,0.509825703,0.325871622,-0.455172268,-2.056230443,3.8444854752000004,2.031406949,0.090183077,10.53401574,4.504980559,0.109856238,6.372922295
1149,BBB,Company 185,Rating agency 1,8/6/2014,Health Care,1.709217524,1.056777721,0.115604706,0.794180553,0.034696205,0.059156804,0.229518019,0.058781316,0.041450051,0.101611129,0.105112026,1.193070093,7.7466208826,1.571923135,0.604802871,0.416205876,0.786889411,9.545357453,11.5939357414,2.562956715,0.058977239,9.495665824,12.28671994,0.045865017,15.43230837
1151,A,Company 265,Rating agency 1,8/8/2014,Capital Goods,1.373239674,0.558438771,0.368344143,0.0,0.082693733,0.117993007,0.211832723,0.115215051,0.09488341,0.192396061,0.191851826,1.152214887,3.991523621,1.98066281,0.996694461,0.300575198,1.006486471,3.55313033,2.2562509638000003,2.018300538,0.118103021,10.1552052,3.526747917,0.09588999,4.302944226
1152,BBB,Company 234,Rating agency 3,8/8/2014,Basic Industries,1.03714785,0.496156714,0.276548314,22.76283409,0.015546007,0.026100488,0.130628119,0.075436354,0.014341184,0.111480255,0.124528495,0.928973884,1.566351828,2.2314601464000003,0.889039248,0.404823176,-0.235683831,-1.299279134,5.140360907,3.2345034053999995,0.086342389,5.64967609,5.521356281,0.096015876,3.483690921
1153,B,Company 526,Rating agency 4,8/11/2014,Basic Industries,2.310666381,1.433230204,0.379192039,54.91026659,-0.042283051,-0.029109551,0.229761549,0.079494013,0.0211291096,0.242091535,0.1695690734,1.708268514,3.68114704,2.0243962228,0.6375466704,0.251030566,0.626385815,1.797032068,1.206337509,3.0239091686,0.110216634,4.127122341,2.87192098,0.130128665,9.741545761
1154,BB,Company 311,Rating agency 3,8/11/2014,Public Utilities,0.588905027,0.394710222,0.049627232,37.0891166,0.063186259,0.191775659,0.617276954,0.272334963,0.01230568,0.040477031,0.030022363,0.193836833,0.421729379,1.454526246,0.589892154,0.211064432,0.190479269,0.745258193,4.6860227982,2.463687048,0.190391745,13.74685474,3.906130901,0.274123404,3.933386307
1155,BBB,Company 289,Rating agency 4,8/12/2014,Public Utilities,0.70070346,0.523170547,0.032665925,49.51991169,0.093465508,0.14141754,0.991818531,0.189982718,0.030774325,0.054795659,0.096100729,0.325060734,0.436236062,2.125523483,0.682490531,0.333967193,-0.230489084,-1.707093573,1.9206841862000001,3.155902961,0.141489964,9.061360865,7.272483725,0.231768829,4.648810075
1156,BBB,Company 88,Rating agency 1,8/12/2014,Miscellaneous,1.973062875,0.817622964,0.233979692,43.53647554,0.084808881,0.11714822,0.458437347,0.145392005,0.132476263,0.097315136,0.218798091,1.543853676,8.719263893,0.646377849,0.390525603,0.268237922,0.873237445,3.065671383,4.4018312506,1.632869064,0.146565342,6.4644464593999995,3.540066132,0.119029378,5.234922568
1158,B,Company 252,Rating agency 3,8/13/2014,Energy,1.681063144,0.660819725,0.015608773,20.45593805,-0.019358269,-0.019609998,0.091961487,0.00805459,-0.035865258,-0.044131907,0.0873597774,1.854439376,3.981564521,2.87488925,0.744718339,0.007114096,-0.280428636,-0.912054126,0.457895123,3.854916996,-0.019459366,15.89348453,3.235071759,0.039491287,12.627552
1159,BBB,Company 184,Rating agency 4,8/13/2014,Capital Goods,2.80103241,1.434038343,0.523954422,56.81033978,0.055055306,0.066275057,0.289542469,0.067185572,0.057004082,0.083052891,0.107375067,1.019408095,3.957594588,0.911975028,0.478975036,0.270409155,0.591736175,1.994791572,5.8331314924,1.898940614,0.066772325,10.65667042,3.40268586,0.100237122,15.27334238
1160,AA,Company 162,Rating agency 1,8/14/2014,Energy,1.31817446,0.943548982,0.403551778,29.05261321,0.090693156,0.148345715,0.883956704,0.146354314,0.072391197,0.132728136,0.124389878,0.794653469,1.146096682,0.718269916,0.413115201,0.383835701,-0.124467876,-2.07634508,5.571635880400001,1.723349528,0.148094447,4.354807779,4.8120713002,0.147326994,1.339910661
1161,BB,Company 190,Rating agency 1,8/15/2014,Consumer Non-Durables,1.498065754,0.255313918,0.029196591,11.80265452,0.009003869,0.012838418,0.045771765,0.012938258,0.024212163,0.057204258,0.061121795,1.8375033842000001,10.20599339,1.52799928,0.604791787,0.336667596,0.398430595,3.819405033,2.493587652,2.541457932,0.01272623,11.94388641,9.486557433,0.024629196,16.7742646
1162,BBB,Company 382,Rating agency 3,8/18/2014,Consumer Non-Durables,1.739975788,1.035362693,0.721666699,40.83279977,0.080621332,0.020892142,0.476288651,0.079378616,0.051166494,0.017340956,0.140120202,0.640333808,5.93404933,1.757124152,0.637059325,0.330940768,0.847868497,7.863045745,10.620423640999999,2.759130275,0.020924633,13.11633464,9.183064238,0.128543351,5.781103807
1163,BBB,Company 196,Rating agency 1,8/19/2014,Basic Industries,2.172522996,1.072351399,0.317706613,34.17503518,0.228392919,0.1482860556,0.435939433,0.1950088658,0.114252776,0.19837316,0.230994176,0.502889237,0.785958745,0.982985388,0.493176277,0.362402667,-0.128824503,-0.21072654,1.7677427937999997,1.971638212,0.1546944754,9.89520656,1.641756806,0.231975602,5.142476618
1165,BBB,Company 22,Rating agency 1,8/19/2014,Consumer Services,3.271662671,1.942560736,0.8022242289999999,0.0,0.246592719,0.13709666,0.221657845,0.176931499,0.136805362,0.080931003,0.341929893,0.545840507,2.809924341,1.540386005,0.605110035,0.180992944,0.680812664,1.313902682,3.0963615609999997,2.557232284,0.137130013,12.8945282,1.95842089,0.147449996,17.26364696
1166,AAA,Company 59,Rating agency 3,8/20/2014,Technology,2.52771921,2.301236555,0.189544596,81.38071202,0.251918728,0.082867756,0.695151364,0.316545321,0.128757383,0.056495698,0.248297699,0.505901183,6.692389381,0.925045873,0.476722654,0.2254425108,0.828911005,3.229136546,5.738134484200001,1.906786537,0.082780704,11.31864812,3.851671271,0.374595642,3.658198245
1167,BBB,Company 294,Rating agency 4,8/20/2014,Public Utilities,0.717072024,0.202074532,0.078923971,21.37704153,0.009282687,0.162875274,1.001382735,0.197161674,0.002414489,0.048993623,0.008703398,0.259566975,0.333684148,2.564554845,0.722813581,0.321934026,-0.027711386,-0.181897412,2.94512542,3.527686177,0.162291487,11.59360033,6.521254448,0.314329029,3.754893642
1168,A,Company 261,Rating agency 1,8/26/2014,Energy,1.085516521,0.911265723,0.247218126,36.70847834,0.081670924,0.205855557,0.991014263,0.239309907,0.032028279,0.089901581,0.073935768,0.389189431,0.539008663,1.353535749,0.575946089,0.587427094,-0.167230079,-2.509933265,5.9770184096,2.352063547,0.208886162,4.299724704,14.65200895,0.308492325,0.0
1169,B,Company 268,Rating agency 3,8/26/2014,Consumer Durables,1.06101976,0.30060457,0.010051208,14.97027268,0.016832202,0.026786277,0.150611307,0.02941917,0.03937238,0.129483462,0.17517133,1.2150853674,12.92710927,3.384608961,0.768092024,0.330179505,0.522534373,2.101561092,3.5031325345999997,4.357927352,0.026669989,9.818797731,4.043133013,0.021220097,6.494548933600001
1170,BBB,Company 281,Rating agency 1,8/26/2014,Public Utilities,0.845260012,0.470658424,0.046649625,25.36519458,0.059004039,0.058781899,0.317373409,0.123165087,0.033446893,0.03785389,0.093854102,0.577945409,0.738970175,1.776607671,0.64675952,0.642990529,-0.129024188,-0.973984565,6.5003484864,2.787864596,0.05875346,9.313141001,7.531429989,0.150477045,10.70136681
1171,A,Company 217,Rating agency 1,8/27/2014,Energy,0.882730718,1.005001231,0.084877514,22.04618202,0.031686208,0.035564276,0.052221353,0.041417002,0.062036924,0.089359086,0.171504914,1.944875254,3.542140232,1.729018953,0.639101444,0.045332662,0.036131696,0.196850588,3.8958387705999997,2.74933974,0.035723581,8.809676369,5.494344361,0.045914625,0.488962499
1172,BB,Company 534,Rating agency 3,8/27/2014,Health Care,1.7545007286,1.4848489698,0.47649212180000006,0.0,-0.048140823,-0.022806807,0.715558152,-0.141834579,-0.015575587,-0.007813071,0.1023053188,0.324027785,2.323406715,0.377690815,0.273289861,0.1645510974,0.7613488226000001,-0.153746117,4.321957661,1.374283324,-0.022477818,6.2508235434,0.077266915,0.017886088,1.448095632
1173,BB,Company 51,Rating agency 1,8/27/2014,Energy,1.257776623,0.280577079,0.036036029,23.72332958,0.0860002246,0.123344266,1.005742778,0.15020838099999997,0.050308121,0.084503043,0.110735992,0.191714873,0.236065669,1.22172852,0.553977199,0.374949708,0.990482282,3.501391078,5.9014907296,2.225369104,0.12291152159999999,3.628405206,3.497122957,0.2115060184,0.0
1174,BB,Company 100,Rating agency 1,8/27/2014,Public Utilities,0.497132908,0.39718445,0.061686953,53.12864002,0.119510516,0.164202671,0.391309534,0.220528131,0.054279167,0.116584106,0.165919554,0.457710018,0.986306922,2.092151006,0.673382913,0.269773617,0.40079399,3.227282245,2.58414796,3.117052591,0.208280693,7.223918369,8.083462741,0.294620222,2.896213977
1175,A,Company 208,Rating agency 4,8/28/2014,Transportation,0.910028632,0.656681724,0.232890474,27.8795855,0.051820951799999994,0.1140257042,0.501124496,0.19176097259999997,0.099727238,0.161819798,0.232808807,0.380653818,0.422803908,1.341672475,0.579257132,0.275522125,0.51560921,2.697206755,1.7973533490000002,2.362103624,0.1252313654,11.12617189,5.318316755,0.358375269,3.65463347
1177,B,Company 240,Rating agency 1,8/28/2014,Consumer Durables,2.6633258825999997,1.639669987,0.451571489,44.10133996,0.005480186,0.008615894,0.280518003,0.034955396,0.007622512,0.014329205,0.018311441,1.387777264,9.623502345,1.380353045,0.576169655,0.292235474,0.859321547,2.232427497,1.79730343,2.346448123,0.008654242,7.800657104,2.598853471,0.078615745,13.08617722
1178,BB,Company 145,Rating agency 1,8/28/2014,Consumer Services,0.893755535,0.81571177,0.500861637,17.30514698,-0.014936665,0.040888131,0.902762649,0.131757889,-0.005665852,0.017768384,0.0892029164,0.377868643,0.693680313,1.616746962,0.842840749,0.687244385,0.154722661,0.357022883,1.1651478616,2.7904315978,0.040965497,10.0449672,2.28899958,0.111200705,5.542402658
1179,BB,Company 14,Rating agency 1,8/29/2014,Public Utilities,0.697346423,0.325199248,0.015210421,37.57220548,0.019834462,0.011349455,1.005597106,0.071077327,0.00568515,0.003679115,0.024107537,0.286968094,0.417832838,3.225744409,0.755454474,0.3174441246,-0.221245159,-1.432568478,0.576241826,4.207257669,0.011295018,14.04275941,6.403209956,0.180170366,0.986118591
1180,A,Company 153,Rating agency 1,9/2/2014,Public Utilities,1.242134171,1.071002356,0.009520238,28.12741881,0.162339132,0.229479965,0.5443323,0.216705357,0.041180308,0.064041259,0.121880856,0.260018269,0.350570035,1.941828651,0.663056083,0.304257196,0.212894591,0.765623021,2.128341365,2.944895335,0.232412053,11.86552403,3.657458063,0.294879282,6.15160071
1182,BBB,Company 447,Rating agency 4,9/2/2014,Finance,1.1827462288,0.8453081706000001,0.317040734,47.93410128,0.128887333,0.163285014,0.997271754,0.130388234,0.028821853,0.039329543,0.090374863,0.222519744,5.173127243400001,2.133839563,0.687621451,0.296937823,0.877825522,4.0228588294000005,4.3963020592,3.13202144,0.162945718,9.745239773,4.616321140599999,0.071915202,0.0
1183,BBB,Company 461,Rating agency 4,9/2/2014,Consumer Durables,2.594772783,1.267800326,0.203266827,39.95244054,0.067079922,0.105749042,0.211991906,0.120568533,0.07378473,0.12938153,0.256431289,1.102810639,2.030748081,2.49495303,0.717468399,0.358735588,0.432393705,3.244933355,1.281909449,3.535606526,0.104973957,8.789292993,7.609324169,0.12461991,14.08641756
1185,B,Company 488,Rating agency 1,9/3/2014,Consumer Services,1.163375762,0.691605247,0.191467018,22.98153274,0.018572518,0.031197456,0.208739242,0.040782767,0.052249886,0.14222382,0.133169774,0.9338861716,10.798895703400001,1.520906182,0.601375279,0.414734805,0.910331936,1.493237356,4.0843924604,2.508077875,0.031109462,4.170990945,1.660951229,0.048241159,2.3251756385999998
1187,BB,Company 292,Rating agency 1,9/3/2014,Basic Industries,2.893976284,1.644593635,0.492138136,53.81046438,0.016535325,0.014452473,0.098100353,0.016565691,0.031246291,0.036428396,0.084957084,1.891982909,7.578130483,1.73614398,0.629335272,0.414956073,0.259183197,0.300375531,3.677392322,2.748718356,0.01447189,11.64274357,1.174830499,0.019452454,14.92747098
1188,BB,Company 219,Rating agency 3,9/3/2014,Consumer Services,1.305888238,1.184834145,0.104319835,54.97600425,0.178039737,0.223759953,0.492603872,0.175628963,0.09564738,0.135522606,0.324737281,0.538158371,3.70964855,2.43049962,0.709772906,0.166825167,0.821741175,2.97211446,1.889544632,3.429066444,0.226528469,6.231695658,3.604179367,0.137851693,12.23928419
1189,BBB,Company 459,Rating agency 4,9/3/2014,Energy,1.328651214,0.755224845,0.174046629,15.07287638,0.026013938,0.03944354,0.144046635,0.041553685,0.082534919,0.173784734,0.233657291,1.364247781,6.068847304,1.837539183,0.644573756,0.33378079,0.521071934,5.774304265,8.359005173,2.834956549,0.039241284,3.392482044,10.98735703,0.031587164,12.62435522
1190,A,Company 10,Rating agency 3,9/4/2014,Public Utilities,1.299474121,0.68152828,0.085648037,48.75042582,0.066982637,0.102474437,0.253271968,0.134696478,0.027092338,0.061620847,0.095142492,0.403584611,0.580964299,2.48185499,0.707831403,0.355387609,-0.145425157,-1.07854613,0.86876021,3.517394642,0.13864352,7.894925292,7.503474063,0.16226243,9.467049143
1191,BB,Company 27,Rating agency 4,9/4/2014,Energy,0.774075601,0.7208198078,0.015587512,26.7120708,0.0856218298,0.1286225752,0.998533151,0.170252493,0.012248469799999998,0.0198214556,0.0976279908,0.336954002,0.357229244,3.760264505,0.783913581,0.406250975,0.149403309,0.918536183,2.8857656086,4.78546831,0.12886883040000002,4.1736960286,6.17603697,0.21741632539999997,0.0
1192,BB,Company 511,Rating agency 3,9/4/2014,Basic Industries,3.461414757,1.466453664,0.423599578,36.05490014,0.018062535,0.019002508,0.110919979,0.036813505,0.021332324,0.025482126,0.056717731,1.1993351,2.783438615,1.630359849,0.621383112,0.446803546,0.823808235,2.155008251,1.638112767,2.608539634,0.018692113,11.30034434,2.65804654,0.069907722,15.79266957
1193,BB,Company 326,Rating agency 3,9/8/2014,Basic Industries,2.1634998846,1.3021942154000001,0.5280928936,50.39239431,0.137541784,0.182444915,0.355267622,0.199313659,0.099102879,0.146652405,0.299246336,0.705916363,1.556651033,2.06031654,0.679984306,0.231995825,0.455487052,-0.4238050438,5.2197939744,3.080990262,0.179633535,1.060581355,0.5769455808,0.19704744,6.580173857
1194,BB,Company 449,Rating agency 3,9/9/2014,Basic Industries,2.006118883,0.9450939891999999,0.22462855899999998,40.20169322,0.096533059,0.210930472,0.346455742,0.241328808,0.013845767,0.035444057,0.019235135,0.145435974,0.178165145,0.34082184,0.246534298,0.537303379,-0.447738635,-0.888056624,3.511571097,1.399366969,0.237629164,11.71864469,1.991260168,0.266459681,3.756658554
1195,BBB,Company 36,Rating agency 4,9/9/2014,Transportation,1.211128286,0.987190828,0.314480308,32.46051546,0.151732797,0.241348615,0.795915506,0.286314768,0.058348093,0.098562402,0.173143953,0.384643126,0.444274253,1.971972966,0.658952038,0.365883692,0.265679504,0.889430689,0.961440033,2.93175956,0.238121145,9.14515462,3.341630752,0.264759146,2.959081605
1196,BBB,Company 493,Rating agency 4,9/9/2014,Capital Goods,3.375543446,2.366720268,0.935865298,76.0043748,0.133884531,0.181392675,0.318646566,0.194406735,0.100726977,0.161873256,0.245818731,0.7544668,9.078649939,1.405246428,0.585519913,0.262262725,0.767069071,2.153741889,4.20714916,2.409806049,0.181494219,15.44109369,2.81917701,0.166216025,5.916107107
1197,BBB,Company 270,Rating agency 3,9/9/2014,Public Utilities,0.527282912,0.399766648,0.18556917,62.49546193,0.199887811,0.256864608,0.769544308,0.235460362,0.077501726,0.16977337,0.25397856,0.394035814,0.888310362,2.261221761,0.693922204,0.22815734,0.563767563,1.7277217648,6.934506433999999,3.269432954,0.290697257,1.432126913,5.0147763962,0.459761255,0.922703794
1198,A,Company 249,Rating agency 1,9/10/2014,Consumer Non-Durables,0.699601634,0.276429253,0.076893536,25.85958463,0.099309425,0.087553923,0.352449745,0.143898,0.101824002,0.141415101,0.2045987486,1.009699146,3.536391144,4.045546102,0.801397305,0.475923281,0.61117572,1.745308672,0.793335336,4.981683393,0.08792254,11.9947039,2.874663058,0.10771351,10.23419424
1199,BB,Company 540,Rating agency 1,9/11/2014,Health Care,1.876818546,0.882426014,0.055203018,62.73446692,-0.018776397,-0.000982666,1.008439569,0.026769918,-0.014641082,-0.000912556,0.21387157,0.783521987,9.008917031,1.696318025,0.622817862,0.05904910179999999,0.453436601,0.644103312,0.330976423,2.704159082,-0.000979122,18.45442519,1.415757398,0.048589047,0.0
1200,BBB,Company 152,Rating agency 3,9/11/2014,Health Care,1.870235838,0.673974969,0.056164557,24.32530253,0.00709624,0.013499182,0.124885721,0.016836797,0.024194164,0.072426751,0.06679655,0.7942932762,6.7727897536000015,1.765993433,0.64398117,0.477985257,0.8801863548,-0.837309656,2.6752107698,2.774861988,0.013315868,13.56823976,-0.060733055,-0.000398319,13.551201
1201,BBB,Company 282,Rating agency 3,9/11/2014,Consumer Non-Durables,0.817651332,0.498630398,0.160064406,30.88167099,0.102268907,0.122336975,0.353727354,0.164255302,0.078776022,0.123924244,0.281440032,0.774663503,4.509196986,2.550562431,0.710544041,0.403759407,0.735917557,2.976353048,1.2347469686,3.514846373,0.122534809,11.5538342,4.061875007,0.142347092,7.09977752
1202,BBB,Company 402,Rating agency 3,9/12/2014,Capital Goods,2.409646212,1.548504172,1.056733189,46.99212981,0.132755762,0.163044668,0.553818844,0.159841249,0.129573623,0.209317963,0.13435004379999999,0.963322742,6.182413499,2.991626903,0.750447317,0.176283227,0.870236735,2.935858694,3.0721476246000003,3.970684534,0.162830183,8.969006302,3.368241228,0.19284887,4.419000603
1203,AA,Company 55,Rating agency 1,9/16/2014,Health Care,2.684409513,2.089854733,0.154447832,64.35808186,0.184059372,0.245411871,0.812294577,0.246317422,0.054026222,0.083717218,0.127000811,0.295533091,4.222890813,1.362042043,0.580525691,0.252374058,0.911329533,2.391518837,5.716769509,2.352021758,0.248887562,12.93451482,2.679653757,0.340695323,2.793311841
1204,BBB,Company 464,Rating agency 4,9/16/2014,Health Care,1.992662802,1.45350101,0.265092243,8.766076703,0.02368107,0.044924659,0.999790368,0.048217666,0.049317702,0.134117101,0.11895071,2.07954381,4.0313904449999995,1.426434367,0.584786121,0.472701689,0.679170395,7.030505986,8.5420621252,2.414516711,0.044994372,8.777714477,10.52649606,0.033190091,0.0
1206,B,Company 379,Rating agency 4,9/17/2014,Technology,1.759710621,1.143779114,0.4105449,33.207206817999996,0.019532547,0.010048596,0.461801037,0.053523586,0.005804903,0.003573947,0.031476429,0.300995992,6.610479713,4.320845427,0.817648799,0.29911716740000005,0.840988576,4.135469551,3.5353349281999997,5.396784469,0.010053075,11.9438646336,4.911705471,0.14808385,2.757505618
1207,BBB,Company 356,Rating agency 3,9/17/2014,Capital Goods,3.48679574,0.930438063,0.933403246,0.0,0.05905835,0.090741495,0.259281242,0.113866559,0.067566418,0.121968691,0.152322026,1.133396009,5.154048356,1.260260943,0.563016295,0.333196527,0.578801307,3.899606055,14.35400869,2.285407419,0.091592889,7.862407948,6.710202756,0.055369457,11.89247247
1208,A,Company 75,Rating agency 1,9/18/2014,Technology,1.7447251748,1.0806141384,-0.193123534,5.4610563522,0.094219761,0.118974953,0.869936447,0.131151679,0.085844209,0.064290908,0.144737607,0.928929323,14.82195219,0.6197147,0.375676298,0.216212797,0.883473532,1.118852427,1.0957596902,1.658515626,0.141196772,7.650624089199999,1.274561999,0.148302643,-0.119050413
1209,CCC,Company 348,Rating agency 3,9/19/2014,Health Care,1.042474818,0.925441748,0.194838222,85.43042613,-0.024503266,-0.029912982,0.280686283,0.037318973,-0.016136726,0.02190289,0.0488789438,0.659801621,10.257103438799998,2.256349598,0.695181125,0.185121032,0.197421235,0.118066714,4.323005377199999,3.285638704,0.025807568,15.23967191,0.595912367,0.023480283,3.8785783296
1210,A,Company 107,Rating agency 2,9/22/2014,Consumer Services,1.4767194556,0.847897553,0.498796299,16.92549515,0.045040929,0.016242437,0.575139597,0.076079376,0.037879554,0.016075677,0.066414648,0.853690829,4.699898993,0.749256963,0.431292421,0.26192023940000003,-0.432043406,-0.525792314,3.083411283,1.731228602,0.016014616,10.5903482822,1.208871858,0.03868004,4.984499784
1211,BBB,Company 388,Rating agency 3,9/22/2014,Capital Goods,1.749122776,1.352063316,0.496922881,101.3606892,-0.017924974,-0.034575665,0.148535785,-0.031394972,-0.017602089,-0.049418064,0.12922975939999998,0.975200603,10.95303235,1.212676246,0.544018511,0.480119256,1.622793336,-0.00035052520000000145,1.7094106314000002,3.9839267178,-0.034078433,13.06203705,-4.53109933,-0.016330124,7.847449443
1212,BBB,Company 426,Rating agency 3,9/22/2014,Consumer Services,1.13502625,0.309888511,0.31372881,0.0,0.039295053,0.063227372,0.296266726,0.063821205,0.085730544,0.242237832,0.156437882,1.0242842316,18.97987951,0.81833813,0.447875804,0.376154048,0.831959787,5.469724085,4.626361504,1.802159907,0.063185759,5.157226922,6.513825322,0.08429799,8.214800513
1214,AA,Company 136,Rating agency 1,9/23/2014,Technology,3.339389506,1.1651634948000003,1.231270976,57.86108182,0.0942821808,0.12482013200000001,0.923446282,0.1580969944,0.120873561,0.179465793,0.233954254,0.4201539,12.62795959,0.922302438,0.478365486,0.199099876,0.992719842,3.294989848,5.006321386400001,1.9793918938000001,0.12438091359999999,12.99075326,3.2999049,0.390868092,6.295049371
1215,BBB,Company 441,Rating agency 1,9/23/2014,Public Utilities,0.974689798,0.877958439,0.041851377,10.55860963,0.115664614,0.121987919,0.233386947,0.124275198,0.074221057,0.086089314,0.142638624,0.637950361,1.086760211,0.921419374,0.475392543,0.013541065,0.351500582,1.752978171,3.908817535,1.921258763,0.120436646,11.10728473,4.923631966,0.143344911,14.13643584
1217,BB,Company 238,Rating agency 1,9/24/2014,Energy,0.833364653,0.517985819,1.47e-05,34.54943865,0.202339467,0.322637049,0.991471426,0.1539408108,0.045950096,0.083117835,0.102886511,0.226103628,0.262731028,1.243651308,0.55736533,0.373161746,1.00789575,2.19140618,5.521101278200001,2.224508685,0.324797017,7.687626069,4.072262647600001,0.25216147040000003,0.0
1219,BB,Company 373,Rating agency 1,9/24/2014,Energy,0.873510736,0.597570972,0.057588567,36.45692175,0.1528774544,0.2138475722,1.003278288,0.2306662052,0.084507874,0.158109442,0.269599311,0.221449444,0.249684033,2.151716158,0.67894894,0.38101734,1.00334692,8.762271921,5.4231854182,3.183909391,0.22511557359999998,3.756659027,8.784382578,0.11211865660000002,0.0
1220,CCC,Company 118,Rating agency 3,9/24/2014,Health Care,1.313977958,0.722727813,0.053658827,53.31033118,0.000721896,0.008891217,0.998489535,0.056129844,0.000663956,0.010164046,0.018458345,0.918399219,2.146655615,1.2059239998,0.959874413,0.330368546,-0.358326596,-2.500602416,2.007591822,2.5165231306,0.008909677,8.811661446,7.002149543,0.040955751,0.0
1221,BBB,Company 409,Rating agency 3,9/26/2014,Consumer Services,2.324390887,1.163167563,0.931713169,2.139952204,0.077579722,0.119302997,0.99572812,0.118781297,0.041972503,0.070444835,0.073853404,0.53951591,1.049884602,0.76068372,0.432586678,0.340464027,0.463783474,1.437551253,5.330631528,1.743868898,0.118408539,10.5064881,3.102730156,0.107052924,0.0
1222,A,Company 438,Rating agency 3,9/30/2014,Miscellaneous,1.454431455,1.084081044,0.604231737,44.11889327,0.091435521,0.099490755,0.304890847,0.134840196,0.162492449,0.060306851800000005,0.11772532819999999,1.79233611,9.296426634400001,2.120010732,0.677498707,0.350624522,0.916434529,5.00231498,7.795519627,3.114243874,0.099754128,9.456322909,5.508997002,0.109676962,3.7567719274000004
1223,A,Company 181,Rating agency 1,10/1/2014,Consumer Non-Durables,2.888951047,1.618538573,0.809444616,40.66848572,0.082491693,0.129505477,0.417237981,0.124085523,0.084260404,0.154440114,0.170974895,1.017668936,5.282895125,1.035519714,0.511648009,0.392379528,0.754734954,3.830252219,4.778163836799999,2.021986711,0.1311023,11.03147918,5.064565958,0.132907222,17.4767249
1224,BB,Company 394,Rating agency 3,10/1/2014,Health Care,1.663989904,0.91741436,0.480791911,53.81108137,0.102641598,0.118556981,0.508797763,0.154876573,0.047548028,0.066006051,0.097822006,0.462883723,5.804045155,1.083458877,0.523476162,0.130403501,0.77033357,5.359401383,7.316551846,2.081080757,0.119796064,12.79864644,6.986328107,0.158306562,14.06829169
1225,B,Company 398,Rating agency 3,10/8/2014,Energy,0.929201441,0.847379815,0.33559918,60.12679965,0.017012918,0.270340736,0.29886913,0.07890297180000001,0.04448259,0.047819084,0.152495083,0.164221969,6.661666317,2.384037254,0.708660904,0.0,0.995217498,1.840365714,2.5323721407999997,3.404508254,0.273252527,8.4079974944,1.859278752,0.1128379808,0.121808318
1227,BBB,Company 96,Rating agency 1,10/8/2014,Technology,1.246796761,0.509636029,0.231986122,27.97005532,0.015416086,-0.000100392,0.065280102,0.012873651,0.028300383,-0.000378498,0.107036438,1.849612054,6.938645195,2.777065612,0.739684604,0.1308477892,-0.250299423,-0.619856536,3.8790442130000002,3.788002181,-0.000101143,6.82787374,2.457367647,0.031690994,4.788050395
1228,AA,Company 470,Rating agency 1,10/9/2014,Consumer Services,1.21660444,0.502883528,0.397869299,0.338053944,0.018232808,0.028540369,0.124649426,0.028517866,0.062807641,0.170755845,0.168160594,0.9071029486000001,7.583583954,1.682940247,0.630180603,0.347438192,0.504738463,4.555988022,16.31235453,2.661866579,0.028127646,12.95742664,9.150834482,0.035103022,11.70483265
1229,BBB,Company 63,Rating agency 3,10/14/2014,Basic Industries,2.122927998,1.082991178,0.188612353,25.64463467,0.091680607,0.124966712,0.146826836,0.12558634,0.09898168580000001,0.1949912514,0.21990677760000002,1.893237758,5.250325299,1.919746355,0.661503971,0.271456063,0.757961811,8.729179503,5.032505754,2.949587371,0.12596792,6.921423657,11.59534454,0.133008906,17.3083781
1230,A,Company 5,Rating agency 1,10/17/2014,Consumer Non-Durables,1.033591484,0.410459241,0.110655534,18.16043796,0.093058736,0.132235376,0.241474226,0.146162227,0.031292727,0.0893812838,0.1299838814,1.7814666044000003,13.14173017,3.0859729602000003,0.8147356402,0.292459048,0.845978418,4.174837198,3.667159078,4.0939474034,0.131622627,12.11962691,4.93292472,0.096881413,8.411678917
1231,BB,Company 150,Rating agency 4,10/17/2014,Basic Industries,1.503588898,0.585221938,0.302949175,16.36956509,0.0018393878,-0.0056526562,0.098132715,0.0080828012,0.008412896400000001,0.0012575600000000007,0.11063186679999999,1.465326231,3.289350043,1.3974696092,0.5597819998,0.136545176,0.209224486,0.488027414,2.0680278692,2.400095093,-0.005688098199999999,-0.411442731,2.343615808,0.077860712,15.24908622
1232,BB,Company 429,Rating agency 3,10/20/2014,Consumer Services,1.390925695,0.8845716204,0.233942215,59.383679312000005,0.027562381,0.037878308,0.048003995,0.042504433,0.03724839,0.086060549,0.105759447,1.354493137,7.9776746782000005,1.81503984,0.638014597,0.262732124,0.831774552,3.044118595,6.5888347756000005,2.8937629268,0.037433833,7.855433922,3.697899827,0.043514877,7.590575855
1233,BB,Company 370,Rating agency 3,10/20/2014,Energy,1.485582419,1.19666255,0.864939149,68.32277246199999,0.140332164,0.13774934779999998,0.003692314,0.20836096099999998,0.084877095,-0.080277706,0.190751342,0.111194924,0.143544332,1.28425745,0.560870328,0.363779025,0.5918211834,6.131581423999999,6.442097601,2.29191374,0.13723722659999998,8.813009618,8.652764641,0.173021744,1.783046362
1234,A,Company 229,Rating agency 1,10/22/2014,Consumer Non-Durables,2.56031128,1.494090104,0.602797147,37.74307377,0.085051678,0.045390425,0.48750584,0.115968605,0.104674788,0.171248542,0.184340033,1.232024767,13.10898537,0.777978174,0.434203412,0.552299829,0.996228483,3.925842138,2.613814205,1.782360665,0.116694578,18.25693914,3.898684788,0.137986858,9.088870087
1235,A,Company 134,Rating agency 1,10/22/2014,Consumer Durables,0.89408991,0.520754005,0.126127348,40.89714903,0.077386524,0.113441106,0.33989637,0.128945162,0.097615299,0.240481091,0.22935570300000002,1.267703366,2.661685043,2.1991527399999997,0.958484769,0.38115652,0.632939107,4.794445378,5.9313237678,3.2430779788,0.11482058,13.83029419,7.666236351,0.143780827,4.959351902
1237,AA,Company 198,Rating agency 1,10/23/2014,Health Care,2.120328308,1.418370293,0.54824938,48.45851117,0.1080607428,0.06860417799999999,0.881631359,0.24363661720000002,0.0631418036,0.0759587374,0.273890443,0.673064864,5.504431304,0.324807447,0.245039612,0.250223504,0.904326847,-0.17759422499999994,5.7758077878,1.324108589,0.06869402980000001,-0.113713552,0.043976873200000086,0.300486367,5.102620059
1238,A,Company 251,Rating agency 1,10/27/2014,Technology,0.923833546,0.743954952,0.199587896,45.16919720520001,0.07148582,0.119063823,1.008525246,0.128139076,0.050962478,0.18979651,0.384344739,0.712706309,5.7100315742,1.337924819,0.86122769,0.329626457,0.860959424,5.00045786,2.2470354066,2.6393836844,0.118968197,9.291208764,5.870253752,0.096601823,0.0
1240,BB,Company 454,Rating agency 1,10/27/2014,Technology,1.323738607,1.114110022,0.494680504,68.00359816,0.014045321,0.043036029,0.231944495,0.046064696,0.01991616,0.107846194,0.1275685504,1.434006283,19.70857593,1.9586279874000003,0.7218632156,0.59332163,-0.0452257,-0.111236032,7.9306466074,2.6911161024,0.0437008,2.514519558,2.477129848,0.036141978,9.788079541
1241,A,Company 6,Rating agency 1,10/28/2014,Public Utilities,0.86186162,0.630657647,0.232404581,40.32987252,0.047423332,0.074737769,0.539096804,0.088906674,0.021437903,0.039202309,0.071077796,0.455644936,1.172451854,2.356772202,0.703198655,0.348631102,0.32257359,1.941343195,2.2154077044,3.38474142,0.075899687,8.2040885,5.96531782,0.236745823,2.545762587
1242,BB,Company 175,Rating agency 1,10/28/2014,Health Care,1.262482774,0.619345868,0.204442202,57.98019435,-0.016043854,-0.068446399,0.707100472,-0.041050602,-0.007005,-0.03594724,0.0978713314,0.43406933,4.936250802,1.64252499,0.623089678,0.31034246320000003,0.797429464,0.767177601,1.8524063776,2.620593113,-0.069255105,14.743919735999999,0.955401423,0.17284119,8.388716438
1243,BBB,Company 259,Rating agency 1,10/28/2014,Capital Goods,1.839986781,0.068319247,0.067827979,0.0,0.042783865,0.044340887,0.183274846,0.0441259,0.029866719,0.03541673,0.06179067,0.701808233,1.807959013,1.055714014,0.515741928,0.021651053,0.113959093,0.421367475,0.575304323,2.048292617,0.044401612,12.35898646,3.735651943,0.08371517,4.499427803
1244,BBB,Company 239,Rating agency 1,10/28/2014,Health Care,0.929512416,0.661066237,0.111552596,45.57348087,0.075124844,0.078957284,0.375927102,0.132915466,0.056532862,0.071471467,0.128001288,0.758199802,7.937863874,1.309339584,0.560616792,0.447301697,0.666817437,4.372629351,4.274007542200001,2.30772576,0.078815068,10.77880646,6.443148956,0.126368897,3.929103753
1246,BB,Company 28,Rating agency 1,10/29/2014,Consumer Services,1.70399795,1.701702587,1.180912889,21.62505538,0.141466087,0.159130532,0.350188381,0.158535655,0.029618544,0.033994747,0.155195778,0.20958396,0.255507417,4.287794678,0.809443574,0.329028584,-0.059839194,-0.7167475334000001,9.225992420599999,5.296876424,0.160810586,12.8139874,10.03561632,0.311963732,5.728800418
1247,BB,Company 372,Rating agency 3,10/29/2014,Consumer Services,3.776622475,1.382480486,1.370136247,0.0,0.065515375,0.085657581,0.326771755,0.06639406,0.122305101,0.196278294,0.170629412,1.869351545,11.08640163,0.395440972,0.286710453,0.41545158,0.613901437,2.183861494,6.115245618,1.383094981,0.085051934,9.696118716,3.575819033,0.081070446,16.66577438
1248,BB,Company 61,Rating agency 3,10/30/2014,Technology,1.583864635,0.942960702,0.301662562,57.14549056,0.031944333,0.014908505,0.078137062,0.032135921,0.059313222,0.052317927,0.157912527,1.883850179,11.05781889,1.655147689,0.624704161,0.10754906160000002,0.770362417,2.882766144,7.7554524236,2.663834113,0.014889315,5.599788194,3.737149897,0.049950464,5.059563315
1249,BB,Company 423,Rating agency 3,10/31/2014,Consumer Services,2.42358701,2.321677568,1.181380523,57.32719125,0.012079919,0.014181197,0.087429514,0.03321428,0.010158264,0.013658346,0.020300727,0.843059051,2.537923847,0.983507884,0.493293941,0.164396114,0.821206574,1.470323475,3.130192993,1.985598425,0.014012256,13.05648575,1.797933949,0.118403461,7.3092874646
1251,BBB,Company 132,Rating agency 1,10/31/2014,Consumer Services,1.740966841,1.545599306,1.068424073,43.98180998,0.160939655,0.227420605,1.007028101,0.283044984,0.0456984998,0.047665213799999995,0.10607143859999998,1.182131137,9.722300412,1.2094200834,0.563372682,0.300868933,0.887595968,2.823012407,2.4992693252000002,2.233131501,0.231418731,17.37309743,3.193004346,0.244248141,0.0
1252,A,Company 306,Rating agency 1,11/3/2014,Capital Goods,1.87017012,1.263501584,0.545964986,51.09982666,0.066108802,0.096598239,0.350148567,0.108520745,0.055839018,0.100836122,0.183058291,0.84522178,9.982693371,2.259232031,0.693429219,0.313082189,0.837462671,3.757916574,9.0730691542,3.253881083,0.096872726,10.31806962,4.519700495,0.090202266,8.381642288
1253,AA,Company 131,Rating agency 1,11/3/2014,Transportation,1.242244779,1.208480197,0.417705416,24.31824291,0.214682347,0.17276769919999999,0.995507641,0.366595779,0.098030597,0.170541137,0.246226621,0.451263277,0.522588903,1.484850136,0.594854039,0.376449395,0.415579394,3.376373873,3.048970086,2.509119267,0.17316307980000004,10.89806623,8.151305056,0.304826587,1.081172185
1254,BB,Company 428,Rating agency 1,11/3/2014,Transportation,3.049190453,2.631230466,0.274610839,62.75872625,0.075260051,0.123091298,0.309255334,0.125458126,0.031029126,0.054540831,0.072223464,0.4047207,0.871960675,1.310388517,0.568044533,0.340006763,0.7056085172,5.3886302368,8.32037593,2.340554684,0.123757938,5.998666046,9.947240904,0.144310743,8.802648867
1255,BB,Company 60,Rating agency 4,11/4/2014,Capital Goods,1.281417456,0.565684826,0.291362977,21.07722052,0.025422688,0.027169852,0.113459035,0.009787927,0.022437816,0.038002308,0.110863639,0.886148351,5.643228942,4.026516953,0.806084795,0.05392366,0.292576055,1.830240465,17.7216902,4.974515673,0.027125133,4.753559356,6.319194951,0.064090072,6.074888408
1256,BB,Company 318,Rating agency 1,11/4/2014,Consumer Services,0.720227115,0.6436200344,0.322946683,0.0,0.057606895,0.133998855,0.226563208,0.204152955,0.014469274,0.035062716,0.125052244,0.251408185,1.61156681,0.86597417,0.880091301,0.559290325,0.543528832,0.820560157,3.4776146520000006,1.8703757924000002,0.134975886,8.930045043,1.520204807,0.106938322,5.124102472
1257,BBB,Company 147,Rating agency 1,11/4/2014,Health Care,1.097789379,0.563959182,0.140975884,33.40078458,0.009163028,0.015135974,0.060819481,0.017305373,0.024397114,0.093802288,0.149175792,0.9568943134,6.6753316044,1.9011616972000003,0.841364109,0.351061832,0.913526952,6.0996817284,10.772381591800002,2.9075960112,0.015230932,14.76189401,13.35345993,0.02271403,6.041801473
1258,BBB,Company 330,Rating agency 1,11/4/2014,Basic Industries,1.109331542,0.685953195,0.047651794,66.57757723,0.083447133,0.119690429,0.466239326,0.137400904,0.061599541,0.112612891,0.164464939,0.732014677,4.698728284,1.671555441,0.625540887,0.279634395,0.582558488,3.557831514,1.304825859,2.649155195,0.119820575,13.25894502,6.065338141,0.127645892,6.586667293
1259,BB,Company 256,Rating agency 4,11/5/2014,Basic Industries,2.592859541,0.912115463,0.279977897,52.4248253,-0.000612464,0.000354058,0.089684258,0.02514052,-0.000392447,0.000265937,0.1067552708,0.642090166,1.432586441,1.523767891,0.611180402,0.0968446678,0.5527688091999999,-1.590524088,2.532314968,2.8577145086,0.000352844,15.3408514,0.520216003,0.013313189,6.839141652
1260,A,Company 81,Rating agency 1,11/6/2014,Public Utilities,0.733145067,0.186770056,0.023915662,21.63406542,0.120545284,0.114209577,1.005416037,0.182581447,0.032150931,0.034149206,0.124806215,0.265627912,0.410462467,2.849291579,0.735407511,0.289858756,-0.201195001,-2.026649597,2.3766746220000003,3.84425843,0.115405996,7.562854042,10.00672511,0.242660308,3.545394779
1261,CCC,Company 490,Rating agency 4,11/6/2014,Capital Goods,1.65383642,1.31358567,0.54283192,102.4045289,-0.026040963,-0.067981716,0.46144581,-0.024731354,-0.020022024,-0.071295445,0.09858337219999999,0.754145396,2.332893643,1.3754225546,0.881377247,0.618281378,0.46724169500000007,-0.110263219,5.743790521,2.457423008,-0.068236754,12.121533746799999,0.187253343,0.006702962,3.67772607
1262,AA,Company 122,Rating agency 1,11/10/2014,Energy,2.234431009,1.271161881,0.567811573,52.25026186,0.085435646,0.127380028,0.255235493,0.122380931,0.104101715,0.207072258,0.211854028,1.217345862,5.237894555,1.042334275,0.513340559,0.284462644,0.677388122,8.420264731,10.4680576354,2.025396615,0.127542541,8.753281483,12.39160503,0.117240253,7.661580737
1263,BBB,Company 225,Rating agency 4,11/10/2014,Basic Industries,1.745085566,0.277560317,0.089688042,16.19643406,-0.061412581,-0.019899948,0.090235869,0.004528426,-0.022432717,-0.007924495,0.08783369240000001,0.364711943,0.820004796,2.232410692,0.683141994,0.3461500584,-0.279023356,-1.521768781,0.471000949,3.210474966,-0.019721574,9.154486115,5.463215366,0.26077694,5.340665321
1264,BBB,Company 575,Rating agency 2,11/10/2014,Capital Goods,2.0137839756,2.405116247,0.918826405,63.15104343,0.041236703,0.061034876,0.545781924,0.068473035,0.02639623,0.045539734,0.040957947,0.654792633,5.022948381,0.528163901,0.346074764,0.322542892,0.997287831,9.493036793,4.2525639036000005,1.522262173,0.060826948,20.00870401,9.451144495,0.125932515,7.820415981
1266,BBB,Company 89,Rating agency 4,11/10/2014,Consumer Non-Durables,0.901492412,1.244421786,0.4322793,0.0,0.207978581,0.315943869,0.415955398,0.312838603,0.146973127,0.290253273,0.1354568292,0.710667428,12.41624748,1.0743044785999998,0.907029688,0.348732185,0.958972692,2.294450197,5.1001072035999995,1.8555396058,0.317941184,14.81568363,2.334270762,0.189846402,18.67033613
1267,A,Company 70,Rating agency 1,11/12/2014,Technology,1.507626142,0.872634529,0.146136131,59.18855839,0.079137064,0.078264979,0.307541398,0.077981005,0.053105642,0.062987523,0.113000049,0.669778168,6.013128112,1.127214328,0.527021434,-0.023999626,0.667133466,2.609440922,2.5683928428,2.135267962,0.078444572,13.88015397,3.995206099,0.082996993,7.988142072
1268,A,Company 32,Rating agency 4,11/12/2014,Energy,1.516641809,1.047681974,0.471885469,14.28647171,0.02981026,0.035563955,1.004776942,0.035573505,0.098623046,0.153794784,0.220798613,0.9417386648000001,9.256144111,1.260689122,0.560218176,0.290568607,0.997807632,6.238872826,9.407401529,2.274183176,0.035810741,6.471977403,6.260022881,0.02208271,0.0
1269,B,Company 469,Rating agency 4,11/12/2014,Basic Industries,3.123319848,1.754434642,0.546297619,43.71052053,0.097232036,0.08206128,0.178453718,0.138425117,0.086590517,0.139008839,0.257405497,0.906925281,1.324196389,1.976495094,0.666285036,-0.175690851,0.762835544,1.708233753,2.7524846802000003,2.98651952,0.140597056,6.140798578,2.246108092,0.123503783,9.441335619
1271,BBB,Company 161,Rating agency 1,11/12/2014,Basic Industries,1.540689705,0.070685376,0.057578862,0.0,0.075407484,0.101286671,0.340153694,0.136336046,0.057041481,0.120667789,0.199921156,0.759913026,3.079089633,2.495393986,0.712153854,0.177303347,0.464602949,1.462847083,3.8987533998000004,3.468769356,0.101118519,12.1749052,3.135334803,0.102763986,6.142515958
1272,A,Company 109,Rating agency 1,11/13/2014,Public Utilities,1.367430184,0.755583525,0.212352231,46.41345568,0.058668528,0.091501119,1.006779557,0.113147116,0.018539612,0.032110052,0.072470573,0.317651254,0.526195028,2.844285993,0.738591739,0.27024387,-0.361870964,-1.879911526,2.4925036782,3.851799684,0.090019971,7.205923443,5.149038516,0.163049433,4.239307556
1273,A,Company 141,Rating agency 1,11/13/2014,Energy,1.046806526,0.801573032,0.376723745,57.86687483,0.164453432,0.229621634,1.001674785,0.23046267,0.053906325,0.092625069,0.105436005,0.323818215,0.407315355,0.943315437,0.486648858,0.180559665,-0.204895478,-3.530650827,5.9028291782,1.969871558,0.226918648,3.021564363,5.798416486000001,0.24967912779999998,0.0
1274,A,Company 29,Rating agency 1,11/14/2014,Public Utilities,0.692926266,0.881199263,0.009503103,28.87681549,0.058708583,0.059906859,0.156827946,0.078990766,0.058626642,0.073386306,0.154317266,1.027816121,1.615458654,1.592583493,0.61261488,0.00815781,0.304607734,0.683594243,1.686493724,2.611901829,0.059549374,16.61929785,2.256599813,0.085986346,2.8143531092
1276,BB,Company 230,Rating agency 3,11/14/2014,Consumer Services,2.427444576,2.102474179,0.779622708,100.76109,0.033718268,0.058099194,0.349231271,0.083478415,0.024011796,0.049061562,0.053701412,0.72221183,11.937324794199998,1.199916444,0.546695467,0.415912843,0.714206231,2.398471549,3.028034853,2.221448289,0.057898243,10.41278582,3.408506323,0.076689799,11.56108086
1278,BBB,Company 158,Rating agency 1,11/14/2014,Basic Industries,1.557075688,0.695812004,0.106821754,36.07795462,0.078343321,0.104040296,0.235182696,0.123016813,0.046816207,0.071037276,0.21331733,0.595489199,1.883622109,3.563986494,0.787089211,0.235565876,0.579386235,5.481481626,3.199770637,4.571883088,0.104820145,11.1294546,9.416032798,0.148829062,4.287150465
1279,BBB,Company 369,Rating agency 3,11/14/2014,Energy,2.524717144,1.813888464,0.637453358,77.11964659,0.117453317,0.081161505,0.232833171,0.171370198,0.121914407,0.105063737,0.25613329,1.051913884,2.81218462,1.121442885,0.525179205,0.654494243,0.465735538,3.139670287,4.304410649,2.137903835,0.08212524,6.907091805,6.768848257,0.199049301,4.7420859954
1280,CC,Company 349,Rating agency 1,11/14/2014,Consumer Services,0.20145424,0.159512163,0.15298326,0.0,0.1313751844,0.1424973386,0.91861417,-0.052949527,0.0443037508,0.1136592716,0.1528792584,0.360142097,0.62665266,2.2279271844,0.7308253646,0.169618044,0.5678341396000001,2.7644721014,3.912068740000001,3.0334963058,0.14149359079999999,5.7021570906,4.3446701464,-0.08672892,2.003668852
1281,AA,Company 50,Rating agency 1,11/17/2014,Energy,1.317743725,1.1037456479999999,0.439736354,44.15937001,0.124480015,0.103644915,0.837830162,0.123656459,0.059186704,0.054965526,0.131929717,0.47436328,0.728936721,1.246984635,0.549390317,0.617579632,-0.020742193,-0.281364936,6.698792968000001,2.226088232,0.105104503,6.323688919,13.62264941,0.304068372,1.1129588
1282,B,Company 499,Rating agency 3,11/17/2014,Basic Industries,1.925999984,0.10106803,0.087642309,6.100174136,0.052563849,0.085289824,0.263657965,0.106429078,0.014893146,0.048485718,0.050723833,0.282550093,6.8160445154,2.354909707,0.699694771,0.0,1.006634851,-0.381068892,2.9629055008000003,3.369842301,0.085257859,10.50536578,-0.378809096,-0.062680535,1.857005689
1284,BB,Company 231,Rating agency 1,11/17/2014,Consumer Durables,1.964146916,1.299970386,0.135335669,90.91548734,0.054419766,0.081403346,0.311071196,0.103582695,0.041006486,0.074307351,0.134635057,0.758839726,7.22353114,2.268408932,0.699342802,0.332047137,0.829358108,1.26156276,1.8780768903999998,3.282793144,0.080512535,6.986199365,1.502453858,0.101839301,7.285140411
1285,BB,Company 315,Rating agency 1,11/17/2014,Energy,0.757668746,0.731753532,0.000591129,25.66414469,0.233290059,0.09899346439999998,0.993848114,0.235156301,0.072093761,0.128726275,0.185108237,0.312182775,4.0438473554000005,1.532032444,0.610189181,0.382641607,0.993072668,5.742176348,2.2026435,2.515461938,0.0989997672,6.809170933,5.852445768,0.35175467,0.0
1287,BB,Company 527,Rating agency 3,11/17/2014,Capital Goods,1.921554218,1.538351181,0.751685031,54.50415455,0.048400327,0.073012568,0.356860774,0.093835193,0.053384602,0.103220702,0.247054456,1.110738809,3.878428007,3.624251098,0.780214645,0.335049473,0.773512236,1.7944637501999998,3.8243596489999994,4.592982751,0.073524373,7.380721205,2.5964163896000003,0.101911513,16.70509428
1289,A,Company 79,Rating agency 1,11/18/2014,Basic Industries,1.103890646,0.6955311,0.114214216,51.51558638,0.095586459,0.129190393,0.269656772,0.127313739,0.055464565,0.091804805,0.135638762,0.58920694,1.101669265,1.416506386,0.584929326,0.267916264,0.230204062,2.34242225,5.650582290600001,2.398423562,0.129374465,13.37591465,10.34622685,0.20882297,4.762914912
1290,BBB,Company 56,Rating agency 1,11/18/2014,Miscellaneous,1.169636495,0.651327427,0.455316093,39.84728281,0.087131615,0.113100908,0.966597331,0.113469985,0.051818025,0.10385523,0.1455408184,0.593145582,13.46571405,1.1031321530000002,0.990800141,0.264025425,0.720471578,2.364719889,5.551023423,2.1233339712,0.112417874,11.0415319,3.270040951,0.172210116,0.062637551
1291,A,Company 199,Rating agency 1,11/19/2014,Consumer Services,1.367575991,0.814067526,0.563399925,14.12594309,0.125523422,0.192242013,0.588105379,0.187240492,0.014919623400000002,-0.014724563599999999,0.390947903,1.542885783,4.651730675,1.037405588,0.509053084,0.343448762,0.8203823119999999,-0.739734633,2.427267647,2.027085121,0.193646176,7.731187004,0.803173604,0.036915638,12.91182247
1292,B,Company 504,Rating agency 3,11/19/2014,Health Care,1.335741709,1.136489688,0.008583811,52.96201389,0.039149729,0.066657812,0.156497491,0.093587008,0.041305428,0.081040817,0.163621246,1.049353343,5.661243172,2.930827637,0.748421297,0.369391866,0.438190596,0.589690626,3.55232579,3.9838682,0.066397142,9.11704114,1.327569152,0.055899387,4.667951543599999
1293,B,Company 545,Rating agency 3,11/19/2014,Consumer Durables,1.216264789,0.106009195,0.002790412,6.65554022,0.018865663,0.031052418,0.164238285,0.046149512,0.051373085,0.158344498,0.251663821,1.3865646513999998,7.987575765,3.955603494,0.79156001,0.384450556,0.314477637,0.889543278,3.8305491652,4.887309917,0.031117824,9.386278953,2.829611028,0.014321992,19.98725635
1294,BBB,Company 537,Rating agency 4,11/19/2014,Capital Goods,1.447502132,0.955621794,0.256152249,54.23365068,0.096526352,0.110827122,0.526208095,0.109056675,0.059498391,0.081040244,0.099473949,0.613609706,15.97114906,0.662278687,0.401428428,0.136202584,0.826488559,1.329892268,3.2604335804,1.659730682,0.109468331,20.09042734,1.600508533,0.180467857,9.57204004
1295,CCC,Company 401,Rating agency 4,11/19/2014,Basic Industries,1.698890681,1.200108255,0.212606387,51.62552537,0.012803855,0.011281954,0.114135238,0.029588747,0.011612097,0.013218337,0.040185795,0.90511958,2.032445361,2.470153011,0.72040646,0.1798249142,0.0770730098,-0.2304922254,3.2488782948,3.47910407,0.011415137,0.17632377,1.2643148032,0.060110252,5.912806269
1296,BB,Company 437,Rating agency 3,11/20/2014,Basic Industries,1.837464418,0.284453911,0.098840283,20.73112212,0.023943114,0.04138911,0.11266555,0.053858426,0.028688507,0.077890751,0.078591126,1.183124798,8.457050048,1.780231848,0.632221335,0.421318993,0.7107876804,-2.690758158,1.7151796441999998,2.778861283,0.041577259,5.939775025,-1.16209754,-0.012546052,4.977129013
1297,BB,Company 451,Rating agency 1,11/20/2014,Consumer Services,1.101618872,0.888576151,0.252656887,29.14867326,0.0643947,0.109885571,1.004942962,0.159696371,0.025818947,0.047862359,0.141599046,0.401835729,1.407712752,4.53932143,0.826016298,0.407755335,0.759053569,1.054000496,1.202599854,4.370468056800001,0.108772814,11.0819542816,1.400436928,0.1299389,0.0
1298,BB,Company 327,Rating agency 3,11/21/2014,Basic Industries,2.774298174,1.324809706,0.671874626,38.53426599,-0.042116783,-0.080789659,0.073459893,-0.051972456,-0.05374105,-0.126393271,0.1917615756,1.265838506,3.616625115,1.935179104,0.654481349,0.142179451,0.48615351,1.039302449,3.4349748272,2.909212311,-0.080917479,3.5795809882,2.119837546,0.060667382,11.81672611
1299,BB,Company 228,Rating agency 3,11/21/2014,Technology,1.3715106503999999,1.652427651,1.209616734,45.743443818,0.10686008,0.12414809,0.551182221,0.119512041,6.02e-05,8.06e-05,9.86e-05,0.000565,0.007138123,1.637608776,1.000849681,0.1389029,0.699397058,2.9273248004,3.8997113854,1.622406008,0.124140362,0.906911385,3.3177230595999996,0.08629290419999999,0.005775869
1301,A,Company 322,Rating agency 1,11/24/2014,Basic Industries,1.722874066,1.06819915,0.594981483,25.07539272,0.023839602,0.055702598,0.064932751,0.055932176,0.062448706,0.247419286,0.165643166,0.9922416942,8.6313858974,1.643883015,0.618451672,0.294312671,0.496805888,2.026318533,13.29343574,2.658700382,0.055733252,5.35716498,4.081013829,0.030076278,14.27180754
1303,B,Company 335,Rating agency 3,11/24/2014,Energy,2.442626347,1.270103268,1.140699281,16.1338044,-0.021727133,-0.0131146284,0.86736204,0.04665028400000001,-0.04945482960000001,-0.0664599714,0.0717749168,0.823787733,7.31907188,3.57940675,0.783465514,0.1397706632,0.939375595,0.747798094,1.051773453,4.529479408,-0.013243035200000003,6.9887140684,0.787460907,0.256449352,1.867515661
1305,B,Company 555,Rating agency 4,11/24/2014,Technology,2.007424866,1.353975946,0.904720097,38.37218923,0.096023039,0.102275353,0.470973307,0.185339413,0.078650044,0.176700128,0.222487477,0.819102159,4.981867628,2.3060762595999997,0.891064424,0.068536472,0.781507775,4.572816388,4.66029307,3.3274693211999997,0.176157836,15.84529142,5.831986515,0.25968816,4.146914861
1306,A,Company 113,Rating agency 1,11/25/2014,Energy,1.464832427,1.081955233,0.177913459,104.5967353,0.00857572,0.073191393,0.220550038,0.089504032,0.00585276,0.131236605,0.014303369,0.679134348,1.386994206,1.393556615,0.577635857,0.3057262692,0.216166149,0.80391257,2.971934708,2.45468172,0.14502828,8.03690166,3.711139575,0.148982906,3.242485269
1307,BB,Company 385,Rating agency 3,11/25/2014,Basic Industries,2.0264992896000003,1.5743500198,0.38053662619999995,17.53088452,0.047284404399999994,0.09333172259999999,0.134014002,0.047999439399999996,0.028676071400000003,-0.1012392,0.08303497959999999,0.185214846,0.23893772,0.713884975,0.414779371,-0.165775403,-0.038856898,-0.020962976,0.734153624,1.719821374,0.052166467400000006,9.1969849866,0.535851836,0.371972541,6.489926365
1308,CCC,Company 497,Rating agency 4,11/25/2014,Technology,2.075701021,1.392457099,0.260901554,94.75639428,0.082468164,0.0814192244,0.852673409,-0.096193854,-0.023668685,-0.053160847,0.07397041239999999,0.178168394,1.772197203,1.6360685836000002,1.005346358,0.522047085,0.03411186,0.081031885,3.3644558161999996,3.0725744936000003,0.09597320579999999,11.415091881199999,2.416991883,0.11284062,1.755211282
1309,A,Company 20,Rating agency 1,11/26/2014,Public Utilities,0.624448788,0.462043614,0.004899474,31.05998304,0.11306391,0.183335488,1.002805219,0.233754273,0.02769527,0.050806199,0.091129057,0.24451013,0.345383026,2.268818365,0.691266841,0.345158686,0.172310196,1.716334928,2.8835488936,3.248689424,0.183070449,8.116280811,9.97522179,0.312550575,4.005454006
1311,A,Company 73,Rating agency 1,11/26/2014,Finance,1.057066164,0.239817105,0.024861108,85.56857157,0.116855294,0.145850819,1.000965243,0.162957279,0.047045499,0.120557469,0.210927375,0.407301201,15.6702547,3.551031803,0.773398715,0.190084613,0.851689418,4.669490366,2.3622113045999997,4.548504418,0.146485762,12.51275843,5.519521135,0.136185617,0.0
1312,AA,Company 34,Rating agency 1,11/26/2014,Energy,0.815205165,0.508162114,0.070806767,16.41986402,0.079496253,0.125794077,0.997401125,0.124835603,0.092320016,0.180169229,0.185524949,1.172951486,1.628611722,1.000328021,0.49914243,0.347623479,0.267741989,2.818951928,3.886065522,2.019908017,0.124817135,5.76202902,10.57393448,0.110202064,0.0
1314,BB,Company 496,Rating agency 3,11/26/2014,Consumer Durables,1.052981204,0.100853286,0.021167194,5.558794794,0.009351955,0.016703967,0.146437922,0.030518448,0.022676757,0.074467441,0.095381495,0.6344791606,10.43708992,3.256882576,0.760620021,0.434553688,0.239304957,2.06190976,1.768674682,4.271183786,0.01642843,8.204386382,8.428788405,0.019833727,5.6848690898
1315,BB,Company 9,Rating agency 3,11/26/2014,Technology,1.748300183,1.623186784,0.151132556,61.14805502,0.041280357,0.066822083,0.073825498,0.073678858,0.045247477,0.083183712,0.112064214,1.102651843,1.8549123502,1.490377726,0.592638662,0.37483728,0.931204821,7.367581031599999,7.552183163800002,2.464069585,0.066912522,8.595893634,10.92746366,0.067389904,4.6620333622
1316,A,Company 19,Rating agency 4,12/2/2014,Energy,1.691424424,1.009867188,0.460519518,79.21410689,0.031991719,0.063216312,0.652478877,0.063683798,0.010936014,0.025618647,0.017792215,0.340666561,0.48740497,0.611937311,0.376674219,0.3342885824,0.192689577,2.737145898,3.4442687444,1.601738325,0.063464079,11.9240512,14.07461255,0.1442381874,1.302885367
1317,A,Company 78,Rating agency 1,12/3/2014,Public Utilities,1.140277007,1.933187234,0.367797957,41.33026535,0.096598858,0.158406603,1.000379344,0.204075387,0.020397919,0.035964786,0.093844899,0.208690156,0.3816543754,3.677777231,0.778053147,0.378869973,0.452979948,9.934483264,7.092581060800001,4.655360543,0.159248109,6.729886439,6.9980347966,0.399216722,0.242898002
1318,A,Company 171,Rating agency 1,12/3/2014,Consumer Non-Durables,1.671240847,0.274238532,0.07014999,12.27169706,0.027838812,0.038244532,0.059258163,0.038526709,0.0512464,0.110841998,0.1150563,1.862228092,8.170411696,1.245252292,0.557460857,0.277829007,0.824313294,6.216134935,2.486740226,2.234077719,0.038391017,8.608178969,7.591096852,0.060584059,17.5505547
1319,A,Company 42,Rating agency 4,12/3/2014,Health Care,0.763927417,0.444816567,0.242339119,11.90339867,0.043448482,0.074166506,0.979952205,0.079019291,0.065543101,0.173994031,0.174617234,1.502831328,4.060294581199999,1.664914844,0.627740043,0.419204419,0.816762164,6.736019265,8.3014629408,2.661502618,0.073860112,9.644204578,8.211036025,0.062205401,0.408246318
1320,B,Company 23,Rating agency 1,12/3/2014,Technology,2.5886468,2.348075078,0.6416523576000001,74.1977859,-0.062991742,-0.056849303,0.570361458,-0.008323349,-0.027035602,-0.028868507,0.20134111260000004,0.429497486,8.322321325,0.800639074,0.447500463,-0.12228021,0.760516481,1.082561942,3.7161285592,1.795507677,-0.056778678,11.221506114,1.428228811,0.173175688,8.017661497
1321,CCC,Company 192,Rating agency 4,12/3/2014,Transportation,1.589584876,1.488254611,0.302654683,41.0433658,0.014412413,0.023132831,0.10384656,0.023630333,0.042733363,0.09623822,0.086094263,1.304542764,10.46759386,1.020896193,0.499851088,0.372961189,-0.210996731,-0.565830792,1.8898942129999998,2.029133116,0.022997957,10.623701,2.702957432,0.027371256,12.43371709
1322,A,Company 173,Rating agency 1,12/4/2014,Public Utilities,0.83317639,0.708991748,0.233299136,29.01980103,0.151965713,0.137494331,1.00274017,0.285762379,0.035813256,0.038460415,0.127292497,0.23509089,0.335640448,2.596631184,0.724066365,0.492136101,-0.230887491,-1.20330839,6.721676381,3.576689037,0.137553659,8.411328041,5.223850596,0.29664061,1.591129535
1323,BB,Company 274,Rating agency 1,12/4/2014,Basic Industries,2.025823827,1.19193279,0.31131434,43.21484962,0.069124849,0.099986341,0.196976162,0.178500253,0.025427455,0.039510041,0.048622306,0.370207075,0.965351239,0.938001069,0.482299192,0.307621458,0.137242455,0.269235616,3.6582170054,2.7438739742000005,0.100062629,13.48393287,1.989795553,0.087046718,16.56629369
1324,BB,Company 290,Rating agency 1,12/4/2014,Public Utilities,1.529791611,0.297709692,0.0,27.58777517,0.063751707,0.076778539,0.645665429,0.117863934,0.028617281,0.038421913,0.088176303,0.447432076,0.628928654,2.136774209,0.677401131,0.203104745,-0.08227493,-0.330330722,3.3309844724,3.15539492,0.076191019,10.60466841,4.067077354,0.183593256,2.650936826
1326,BBB,Company 468,Rating agency 4,12/4/2014,Capital Goods,2.114599982,1.363008766,0.753602796,66.09304088,0.069041523,0.098090759,0.326579069,0.100916767,0.050385947,0.090853724,0.15229209,0.732646511,5.980772944,2.001369239,0.659593195,0.273441989,0.510794439,1.37141811,1.8307744966000001,2.998704134,0.098314217,7.570840774,2.653478183,0.09164364,5.764734931
1327,BB,Company 304,Rating agency 4,12/5/2014,Consumer Services,3.103404618,0.152156981,0.153577137,0.0,0.056402985,0.08806414,0.390635521,0.095676508,0.068073756,0.121074892,0.138831326,1.21707688,10.63841912,1.054587723,0.508668996,0.346299982,0.616419339,0.762271218,0.38257253,2.044419958,0.087709659,12.20854217,1.235343354,0.054775178,10.1134141
1328,BBB,Company 257,Rating agency 1,12/5/2014,Basic Industries,2.158443431,1.586404111,0.675672521,39.09833489,0.04718521,0.072056089,0.171695752,0.090394606,0.039241138,0.070024866,0.105282164,0.830787932,2.389016974,1.677442417,0.619645157,0.3515709,0.549309554,1.102903883,3.0281169304000004,2.3267500956,0.072368753,6.932427725,2.040987249,0.071623644,12.65471642
1330,BBB,Company 133,Rating agency 1,12/5/2014,Capital Goods,1.642585245,1.758307582,0.364633339,52.21853423,0.038352494,0.047374496,0.14138394,0.073000739,0.044002187,0.069172342,0.1581270092,1.122966683,3.486326258,2.3898216571999997,0.956710695,0.192252643,0.353634733,1.474376274,8.959706177,3.3250776554,0.047419181,6.655368303,4.206312579,0.085656172,7.135197643
1331,A,Company 116,Rating agency 1,12/8/2014,Public Utilities,0.784144162,0.326379186,0.044228503,44.61514143,0.104574482,0.142210763,0.992773687,0.216616861,0.023974933,0.037955485,0.114153832,0.230057436,0.343414666,3.679768841,0.783881201,0.255907608,-0.557895477,-3.265880108,2.5753649716,3.5263259864,0.142020563,12.02425389,5.902071912,0.278147439,0.0
1332,BB,Company 139,Rating agency 1,12/8/2014,Miscellaneous,1.43286455,1.085710703,0.224451283,64.32063061,0.010061107,0.012703609,0.219952407,0.044543059,0.015404778,0.028161066,0.195998473,1.53315906,7.690667191,1.9207781928000003,0.929040356,0.180135631,0.688974601,2.519346525,3.654291552,2.8078408428,0.012613836,6.437764834,3.671070926,0.062867405,6.966422385
1333,A,Company 26,Rating agency 1,12/10/2014,Energy,1.051471216,1.190448223,0.543975391,56.43860964,0.1125234594,0.122052754,1.003665711,0.141915866,0.0845213,0.043378846,0.144333583,0.310785728,0.388048841,0.715936661,0.414103488,0.290760381,0.059665979,0.485138154,2.8721563170000004,1.696957057,0.12008273,4.970185422,8.119588019,0.4863937,0.0
1334,BBB,Company 94,Rating agency 1,12/10/2014,Energy,1.281920366,1.227735539,0.69518474,38.57706135,0.091216335,0.153085177,1.009158031,0.164326956,0.046749955,0.090830897,0.113392595,0.517041057,0.644478378,1.424847909,0.589424982,0.357751638,-0.441471786,-3.05874917,7.610441837,2.397778648,0.153229531,3.109490233,7.05130604,0.219410071,0.0
1336,BB,Company 242,Rating agency 3,12/12/2014,Finance,3.207590121,1.7695340860000002,0.9011725924,51.463904953,0.24147272,-0.0084663592,0.6497995779999999,0.0875008402,0.002160516,0.020643757,0.015195554,0.00909637,2.614202699,2.162924328,0.865769439,0.266398472,0.994473954,1.101280627,10.51566715,3.3739207836000005,-0.008556913400000001,11.81768926,1.1053479,0.20527733979999999,0.438479109
1337,BBB,Company 24,Rating agency 1,12/12/2014,Consumer Services,3.673362424,1.526875717,0.359389022,66.87171427,0.058459135,0.089969354,0.168788794,0.097378766,0.065893608,0.127784061,0.108426103,1.111999216,8.538237367,0.642215996,0.389642701,0.326008289,0.5647566748000001,-2.113636048,9.416866915,1.642038806,0.091428277,5.147539837,-0.14968597,-0.001366317,9.877350833
1338,A,Company 203,Rating agency 1,12/15/2014,Public Utilities,0.770527709,0.600990218,0.074534602,4.47586287,0.14132682,0.23129287,0.992460881,0.267634567,0.044031673,0.07809165,0.124702634,0.31283019,0.370392249,1.809200265,0.640114141,0.38482822,-0.005496781,-0.059693626,3.191959616,2.807130702,0.232807175,7.817917221,10.79327502,0.433549431,0.0
1339,A,Company 182,Rating agency 1,12/18/2014,Public Utilities,1.09963949,0.783744844,0.230922075,37.109388316,0.061594699200000005,0.09135148419999999,1.005170254,0.14565921259999998,0.030117514,0.045984958,0.093140116,0.001331699,0.002068664,2.110618339,0.675503523,0.307537733,-0.138942466,-0.832385118,1.676809126,3.090557211,0.09402489160000001,9.203172408,6.102632145,0.24753146980000001,3.162296029
1340,B,Company 541,Rating agency 3,12/18/2014,Energy,1.757678531,1.17706032,0.000256124,30.08348388,-0.007135919,-0.003211477,0.220069027,0.041629914,-0.007515715,-0.0037588,0.1485071762,1.05833479,1.65271596,2.191768642,0.688411912,0.2690360402,0.270108387,1.021456774,1.902195522,3.222737028,-0.003198354,12.65028781,3.785559182,0.070613107,10.13770522
1341,B,Company 450,Rating agency 4,12/18/2014,Consumer Services,1.077627805,2.671710196,0.147853917,70.94859643,0.10549182,0.106061345,0.568672034,0.175053902,0.04985834,0.058015352,0.379050931,0.470055451,1.234326229,1.9583557388,0.861215955,0.24520929900000002,0.162209986,0.390455283,3.9744496058000003,3.3019315954,0.105059997,13.30871693,2.422127454,0.151985452,6.646593389
1343,BB,Company 284,Rating agency 1,12/18/2014,Consumer Services,1.215127709,0.740766287,0.110478887,57.06467161,-0.012002299,0.004056992,0.755107545,0.03062167,-0.010921202,0.004863607,0.1032158648,0.921368147,3.107384856,2.1736744630000002,0.853865377,0.1763178908,0.001306144,0.003655163,1.143623959,3.3685549424000003,0.004015437,8.303400357,2.804603614,0.108513629,3.354606023
1344,B,Company 215,Rating agency 1,12/19/2014,Transportation,1.24343744,1.064243958,0.282606692,3.4e-05,-0.013312176,-0.016525,0.99951686,0.008807357,0.048063086799999995,0.035699201,0.07865989840000001,0.5710426399999999,8.5952433232,0.5463093804000001,1.000568045,0.0,0.7234821379999999,0.9760495994000001,4.627531874800001,1.8785209786,-0.016415916,-0.000180722,0.9166650587999999,0.005523259,0.0
1345,BBB,Company 120,Rating agency 1,12/22/2014,Public Utilities,1.166412047,0.771718848,0.291546176,30.12564788,0.041090794,0.059614675,0.37664727,0.121503367,0.033401875,0.05758764,0.12790612,0.812807733,1.804042495,2.76963622,0.734465901,0.476407175,0.543269815,3.148313302,2.4847829716000005,3.775348202,0.060095996,7.023957234,5.815734541,0.122402356,11.28320037
1346,A,Company 92,Rating agency 1,1/5/2015,Consumer Services,0.911387621,0.0548579,0.054467124,0.0,0.027175045,0.042596571,0.29430931,0.04241389,0.043893434,0.097206732,0.122517458,1.617100135,2.323545854,1.737955539,0.640063181,0.362625349,0.474498465,4.835029273,1.10036536,2.730899022,0.04306225,9.745238294,10.26118582,0.090364997,6.652193734
1347,CCC,Company 340,Rating agency 1,1/6/2015,Health Care,1.7558444882,1.4277944747999998,0.6800987824,70.49960031,0.070903085,0.06565013,0.832473041,-0.124138548,-0.053774423,0.022086211,0.050022077399999997,0.298829355,1.442852677,0.62967792,0.383405281,0.185213795,0.7863105378,-1.325573844,4.636979563200001,1.636127214,0.066046503,2.8584236932,-0.505899014,-0.097269911,0.549148217
1348,BB,Company 170,Rating agency 1,1/8/2015,Transportation,0.61901522,0.369267818,0.177182742,0.0,0.068899059,0.106562763,0.991676177,0.089346508,0.050816366,0.106499702,0.159568516,0.736341591,0.964461557,2.078966038,0.682085438,0.354638364,0.200470588,0.613952772,6.363439990200001,3.084110598,0.10662933,8.151500136,3.121719293,0.158013654,9.190770728
1349,BBB,Company 495,Rating agency 3,1/8/2015,Basic Industries,3.06611945,1.57574623,0.398210434,47.04127982,0.100199503,0.145206926,0.286494545,0.155563846,0.06561767339999999,0.0855828124,0.17088600040000002,1.893398438,7.533436529,1.94052931,0.653223237,0.309274696,0.744516036,3.4297311912000006,8.145909248,2.907178932,0.144079234,14.91766279,4.676764625800001,0.101424716,12.13260135
1350,A,Company 220,Rating agency 3,1/9/2015,Consumer Services,1.136921717,0.850880568,0.256131111,58.13395922,0.154125697,0.240466739,0.45457121,0.234487936,0.088667496,0.166640285,0.166620169,0.580996564,2.082808361,0.804920197,0.429194167,0.360848266,0.656433613,3.737719884,4.7465884142000005,1.879494399,0.242074234,11.93860102,5.740046835,0.201530253,3.446941805
1351,A,Company 37,Rating agency 1,1/16/2015,Energy,2.568316583,0.38685519,0.392932208,0.0,0.105747244,0.14342931,0.795430135,0.156155862,0.108794186,0.179547469,0.216406374,1.025046738,2.647920755,0.978258633,0.490879575,0.271044954,0.192164415,0.925562121,2.704745433,2.001011626,0.144760217,5.563265959,4.833506824,0.122994997,2.341733806
1353,BB,Company 38,Rating agency 1,1/16/2015,Consumer Services,1.73353871,0.977213029,0.835608482,8.274494758,0.083696732,0.135327833,0.408429792,0.161940097,0.125504404,0.271200831,0.12679802040000002,1.498167918,5.232837276,1.5901819557999999,1.043636115,0.376381058,0.444965745,1.921657892,5.312427897,2.5135342298000003,0.13299827,9.275461057,4.294676598,0.115095779,10.62604731
1354,BB,Company 237,Rating agency 3,1/16/2015,Energy,0.95388223,0.916152003,0.000153643,46.3280008,0.0363930616,0.055063839399999995,1.00241751,0.0866349972,0.102547237,0.1867197,0.293073111,0.3868014,0.458467625,1.850513735,0.647926706,0.375717111,0.995023433,2.8253087306,8.4254054376,2.837290845,0.0550740122,1.401106693,5.2002202254,0.227396887,0.0
1355,A,Company 53,Rating agency 1,1/20/2015,Public Utilities,0.830882558,0.282320807,0.019448345,25.87866759,0.088026084,0.131661275,0.991569898,0.167060972,0.027678712,0.047166022,0.099192307,0.318805581,0.407758594,2.602833611,0.720867697,0.337329563,-0.208901146,3.5671583499999997,8.5287692988,3.591227705,0.13184757,3.741491246,5.770799801200001,0.226744511,1.193748978
1356,BBB,Company 148,Rating agency 4,1/20/2015,Energy,0.205730069,0.00986065,0.009855597,0.0,0.229962285,0.1683379132,0.501014955,0.341903188,0.062304832,0.145989106,0.19676618,0.267942947,0.294301627,2.189032566,0.684611979,0.365627439,0.124314986,0.835960462,2.1416670678000003,3.219478013,0.16896989319999997,7.721308909,6.660421914,0.203573906,3.086905682
1357,A,Company 424,Rating agency 4,1/21/2015,Finance,0.782336095,0.785111801,0.014910083,66.13547346,0.066383986,0.099042646,1.00276853,0.098939108,0.049842615,0.102623606,0.183966708,0.747584922,3.0709096812000003,2.748728316,0.731896798,0.331460911,0.930216881,2.720273568,3.845119464,3.711563545,0.099058134,9.060060978,2.914875008,0.089029808,0.0
1358,BBB,Company 144,Rating agency 4,1/21/2015,Health Care,1.748550634,1.434453554,0.589103866,49.69717077,0.085050444,0.072596868,0.365668438,0.150089736,0.070432181,0.069563137,0.181578723,0.815440523,7.683756149,1.584557962,0.612495326,0.36438364440000004,0.726679702,6.303554542,5.012237643,2.4884100252000003,0.073198538,10.62080124,8.747663875,0.122736887,13.5939171
1359,BBB,Company 345,Rating agency 1,1/21/2015,Technology,1.375927679,1.004837956,0.264419473,82.82384387,0.084434684,0.124917598,0.287655163,0.042675745,0.06750948,0.137116827,0.218041555,0.807297778,6.974986866,2.262155174,0.691702655,0.361807784,0.201505233,0.36036652,13.11727548,3.25819359,0.126366175,5.26319645,1.789649739,0.016038173,7.203434033
1360,BB,Company 433,Rating agency 2,1/23/2015,Public Utilities,1.494729314,1.081179647,0.2448717,43.57564401,-0.010908655,-0.015045897,0.697569364,-0.036483097,-0.00654477,-0.010496786,0.04842341259999999,0.600762637,1.417338138,0.96984497,0.486522097,0.201800092,0.040670330399999975,-5.141369158,5.413573035,1.969785688,-0.014930361,8.297333944,2.058184639,0.044462027,3.865255718
1361,BB,Company 530,Rating agency 1,1/23/2015,Energy,2.881436724,1.447698366,0.641689257,43.18471026,0.015095592,0.020162911,0.186908171,0.024670641,0.019710339,0.032362578,0.042369954,1.280677381,6.21413572,1.150131293,0.539710046,0.23607146,0.519929584,1.444820317,2.4360454012000003,2.135765002,0.019778267,9.323558913,2.749995713,0.06843761,8.92740206
1362,B,Company 457,Rating agency 3,1/27/2015,Energy,0.857600399,0.818990981,0.069128253,58.49085644,0.0879613642,0.0837031968,0.995401015,0.285959032,0.067702844,0.123548616,0.168646647,0.201902299,0.237812901,1.505004617,0.60734563,0.385163977,0.995157187,3.497681426,4.3193328492,2.522022326,0.0850784234,6.860609013,3.538254904,0.14560370079999999,0.0
1364,AA,Company 341,Rating agency 1,1/28/2015,Technology,2.897527603,1.806153267,0.452794988,35.15419033,0.217925948,0.296586763,0.566708918,0.304297714,0.160291334,0.256568812,0.269734257,0.743019912,4.558836631,0.706307867,0.416922051,0.273270474,0.897593798,3.300137513,3.313295411,1.697570983,0.294450982,11.54695002,3.690461066,0.298471474,12.88835886
1365,AA,Company 359,Rating agency 1,1/28/2015,Health Care,1.949634352,1.118617221,0.313459828,48.95211277,0.155724184,0.221937982,0.478495242,0.226139065,0.159269745,0.280600973,0.377478686,1.012154335,3.721617091,1.386025437,0.586296688,0.288153304,0.770121332,7.892938182,3.852890184,2.364862873,0.219107955,12.9521896,10.20541637,0.208224947,9.125441048
1367,B,Company 98,Rating agency 3,1/28/2015,Health Care,1.644359715,1.274837816,0.567955994,42.65082673,0.083223254,0.124499934,0.998349153,0.125830518,0.037606955,0.06180533,0.093331262,0.44780794,0.933506242,1.509439407,0.609267661,0.339826212,0.017888127,0.037046142,1.705086932,2.547440372,0.126307683,10.205292961,2.092630613,0.114287726,0.0
1368,BB,Company 269,Rating agency 3,1/28/2015,Capital Goods,2.673191604,1.572811651,0.831622064,42.85384625,-0.094510355,-0.099256622,0.162946564,-0.081414164,0.0305210502,-0.124124717,0.08159951160000001,1.048305186,6.650561599,1.113001561,0.523226678,0.034569555,0.28225117,0.295331338,1.6055268565999998,2.103280828,-0.099288917,10.9988389098,1.043760653,0.037775681,8.825460588
1369,BBB,Company 112,Rating agency 4,1/28/2015,Technology,1.237807145,1.095094455,0.646657921,65.32795017,0.134460109,0.169078993,0.68441644,0.186662227,0.055724348,0.084357963,0.133134717,0.413943517,11.50557401,1.39592095,0.585546032,0.212965538,0.897309282,3.160847961,1.9160365165999997,2.406632684,0.168914998,7.572850618,3.483630097,0.256247886,2.205180082
1370,BB,Company 354,Rating agency 1,1/29/2015,Basic Industries,2.933571478,2.566875364,0.4114405056,57.38059424,0.054948101,0.087199583,0.312076638,0.110519861,0.025622891,0.052561051,0.098118925,0.467325469,1.971731777,2.865234295,0.745138633,0.086925276,0.782105473,4.814052945,3.9345197584000005,3.809474786,0.087780219,11.40675663,6.315028847,0.201771501,7.15922686
1371,BBB,Company 255,Rating agency 3,1/30/2015,Consumer Services,0.689432157,0.688707775,0.676731503,0.0,0.135820833,0.141101297,0.788938336,0.133312896,0.059936268,0.067861526,0.099703577,0.441747749,0.510313016,0.664761581,0.399147368,0.018431626,0.71934515,1.098815756,0.898089033,1.8175103484000001,0.142102107,12.47015712,1.511296941,0.215466331,3.745718941
1372,BBB,Company 417,Rating agency 3,1/30/2015,Health Care,3.204117873,1.825020099,0.814601574,74.18495264,0.123048445,0.170042548,0.638288571,0.172440626,0.08755672,0.147248515,0.22265597860000003,0.717730127,3.642606642,4.073258866,0.797616939,0.286891814,0.718151963,0.882618155,3.4539110870000003,5.008232537,0.170126595,12.241749087399999,1.24484285,0.130034166,5.907326335
1373,BBB,Company 263,Rating agency 1,2/4/2015,Capital Goods,1.210498573,0.712099255,0.248639905,53.57173896,0.111932193,0.124334526,0.53412263,0.147830233,0.044403363,0.055354717,0.091676634,0.397418683,6.925381006,1.079570025,0.519298893,0.092720771,0.836716495,5.487559,3.5437037822,2.099128081,0.124515897,14.97173587,6.58940951,0.15632219,9.702973867
1374,BBB,Company 371,Rating agency 3,2/4/2015,Technology,2.267289179,1.272676743,0.385471319,71.562609234,0.065721767,0.126624661,0.307358822,0.134235371,0.043277265,0.108270081,0.100823468,0.650601756,14.55293516,1.346184791,0.572267926,0.350143115,0.620776225,1.596293101,6.600767241600001,2.345874646,0.125411951,7.564398687,2.586665364,0.148344396,10.40367071
1375,BBB,Company 179,Rating agency 1,2/4/2015,Capital Goods,1.35263712,0.749633135,0.156042521,46.49064661,0.026807733,0.047149083,1.001499393,0.048024485,0.055915283,0.180048969,0.165334148,2.088057734,6.867171019,3.1498308524,0.870452789,0.328848976,0.038255478,0.214088743,4.620997927,4.1703630432,0.047304581,6.533455098,5.60331861,0.040542561,2.490926061
1376,BBB,Company 16,Rating agency 1,2/9/2015,Public Utilities,1.288803005,1.186454313,0.102658429,45.14178144,0.066221352,0.100563619,1.006277376,0.15912839,0.024974401,0.042591983,0.130205337,0.373109073,0.537752954,4.196579001,0.804983757,0.340239446,-0.089362101,-0.484256388,3.754622816,5.279146317,0.100761228,9.752075534,5.302253438,0.20047233,2.193588946
1377,BBB,Company 367,Rating agency 4,2/9/2015,Energy,0.964711098,0.787692794,0.269736342,6.725772933,0.219139816,0.0295035838,0.737264698,0.327351582,0.099726606,0.159509102,0.266378231,0.45385644,0.541419754,1.642510087,0.624804942,-0.000565861,0.685349457,2.20286235,0.90433069,2.661751202,0.326678516,11.1863080542,3.247273457,0.454503117,3.463393631
1378,A,Company 45,Rating agency 1,2/10/2015,Health Care,1.726251078,0.953775261,0.484932285,60.82869554,0.149586553,0.049655913,0.486162279,0.150352171,0.095607356,0.041412842,0.309164389,0.641603272,1.930334608,2.189609513,0.680470095,0.595458447,0.413571945,2.405759696,4.754479659800001,3.176918378,0.04985491,7.408995689,5.976462467,0.191498222,1.965871104
1379,BBB,Company 189,Rating agency 1,2/10/2015,Capital Goods,2.727241944,1.34111113,0.318250356,68.39355904,0.056174342,0.065725595,0.314566038,0.093133649,0.041193885,0.055587029,0.082344329,0.737444452,3.211753732,1.003641419,0.503051385,0.359877828,0.567013983,1.977924133,3.7422164206000006,1.986944718,0.065844006,10.80050807,3.429038031,0.09520535,9.420579824
1381,AA,Company 95,Rating agency 1,2/11/2015,Consumer Non-Durables,1.23476323,0.719838808,0.276199688,32.50680191,0.126525986,0.202675909,0.582645221,0.204458959,0.163556729,0.036289185200000004,0.1720044064,1.29561775,4.224088223,3.5944983356,0.90811173,0.335348543,0.767399788,2.761435866,2.5982407232,4.3120327244,0.202772214,16.80222912,3.630821222,0.18959319,5.776755805
1383,BBB,Company 223,Rating agency 1,2/11/2015,Capital Goods,1.59636604,0.693866239,0.165557455,36.50832212,0.041934452,0.055194514,0.211711042,0.065882129,0.05572766,0.104394155,0.118130365,1.301667874,6.319127099,1.134965828,0.528397393,0.350463669,0.313385457,1.479095799,6.699073444600001,2.151464285,0.055264092,5.102694694,4.683499252,0.045324506,11.378339
1384,BB,Company 117,Rating agency 1,2/12/2015,Technology,1.467839605,1.357582219,0.233547019,49.9446328982,0.07931004,0.094720288,0.401813919,0.085404561,0.036302901,0.056037879,0.09535057,0.460416089,7.649901788,1.565685309,0.594424036,0.163677276,0.934536723,6.836545676,8.834226142999999,2.57208757,0.09533964,8.969961369,7.19625359,0.164079028,4.735862378
1386,AA,Company 232,Rating agency 3,2/13/2015,Technology,1.252112614,0.580770068,0.215963226,35.41744455,0.129222432,0.213699246,0.496113734,0.215276381,0.101537095,0.256759907,0.097817122,0.795207952,8.640565602,1.620248607,0.892295777,0.210685873,0.770563345,4.855622149,13.98228366,2.8909510276,0.214666556,7.566988212,5.9594247818,0.181029256,6.795822513
1387,BB,Company 260,Rating agency 3,2/13/2015,Consumer Services,2.296625477,2.061456751,0.34815967779999996,27.66576781,0.13300638,0.086029477,0.711587738,0.120839331,0.097350604,0.075030708,0.20765298,0.722721588,10.19429997,1.146927751,0.530595025,0.130427844,0.867200952,3.440430992,6.8890151774,2.16691223,0.08687941,13.26273221,3.975032633,0.136712391,10.91988549
1389,BBB,Company 130,Rating agency 1,2/13/2015,Capital Goods,1.388634853,0.797559883,0.260972554,50.85614964,0.066849183,0.092849169,0.279022048,0.096631424,0.04342257,0.089012247,0.220160058,0.649261007,3.310507869,4.040713862,0.802267214,0.272450702,0.80312392,8.3230377416,7.0359456416,4.984070601,0.092758417,5.607439366,12.97516622,0.144931842,6.133684293
1390,B,Company 557,Rating agency 3,2/17/2015,Technology,1.63231357,1.146576301,0.608455155,37.77028329,0.04909543399999999,0.07643264340000001,0.217511635,-0.110498375,0.0781460996,0.17561284259999999,0.24787275260000002,1.314039002,3.149320591,1.6532942526000003,1.025419066,-0.013241401,1.487453223,-1.653347728,4.1794325482,2.6407107226,0.0937488096,3.0045164682000003,-1.090350355,-0.054026755,7.687196983
1391,A,Company 104,Rating agency 1,2/18/2015,Technology,1.761529447,0.795517973,0.067904787,62.59030008,0.03046761,0.111853495,0.347196665,0.121997266,0.020078873,0.086380485,0.045637855,0.661960739,7.368288453,1.293397606,0.561256137,0.227868591,0.86381323,4.623070647,0.577393545,2.262924454,0.111967602,9.824231948,5.31474544,0.143023293,7.823523853
1392,A,Company 275,Rating agency 1,2/18/2015,Technology,1.919424945,1.246496916,0.625326685,63.44418635,0.127105934,0.143508488,0.33563632,0.146218442,0.088866507,0.123439568,0.198826066,0.688089029,4.472813684,1.247921665,0.54971087,0.103713437,0.676632007,3.449328502,3.4782994355999994,2.246965126,0.143567462,9.144975352,5.093077161,0.149448457,6.687204455
1394,BB,Company 87,Rating agency 2,2/18/2015,Capital Goods,1.74128856,0.780437828,0.62697698,1.037843834,0.101307252,0.066989478,0.278562249,0.091730671,0.118792032,0.116802194,0.1380544292,1.184481682,7.542520599,2.2695706306,0.871014756,0.17107213579999997,0.78607109,1.348502654,4.800503624,3.2700588105999997,0.067629109,10.18556259,1.718125237,0.071338587,6.507471272
1395,BBB,Company 418,Rating agency 3,2/18/2015,Energy,1.07763339,0.922800349,0.248359667,34.49871703,0.1350794694,0.135511424,1.002072011,0.1357490898,0.027379326400000004,0.24757376,0.063669061,0.420782202,0.473583252,0.7054807238,0.862001677,0.006402559,-0.102527533,-0.38195546,0.25587867,2.0066802742,0.1348509258,19.83939911,3.684630089,0.27809113220000004,0.0
1396,B,Company 446,Rating agency 3,2/20/2015,Consumer Services,2.018024842,1.2652102217999999,0.3406430116,31.65624467,0.002105385,0.011736262,0.582314173,0.142824466,0.001038042,0.006379145,0.009502686,0.503740596,1.051439937,2.2906311664,0.893103283,0.2317743998,0.179269953,0.279802351,6.189836687,3.2925140528,0.01176042,12.692513,1.589967247,0.193830825,12.04932133
1398,BB,Company 119,Rating agency 1,2/20/2015,Health Care,1.847715642,1.344827039,0.458452916,63.28962542,0.081156054,0.096477932,0.999496722,0.20610287,0.040511289,0.054871447,0.140889786,0.498165956,3.594381282,2.473850975,0.712882452,0.516866707,0.562065512,3.852379318,6.127668418,3.501964515,0.098014831,9.76706228,6.843335727,0.164417543,0.0
1400,BBB,Company 86,Rating agency 1,2/20/2015,Basic Industries,3.251238544,1.950162996,0.273007104,52.25123899,0.052083674,0.083476435,0.178186169,0.106972139,0.020679578,0.035045267,0.035469456,0.394507644,0.867586611,0.709382589,0.413379517,0.377524619,0.390280862,2.638595967,4.9762096124,1.700074273,0.083422955,14.28046915,6.669496212,0.129356046,12.13940889
1401,B,Company 336,Rating agency 3,2/24/2015,Basic Industries,3.731609993,2.168797153,0.703390801,57.86224975,0.060095468,0.080438934,0.212924899,0.091512617,0.060245227,0.095212382,0.128180614,1.014915723,3.435102602,1.101296425,0.527657849,0.255477509,0.304913316,0.230274196,2.221749256,2.109515915,0.081518868,7.40302708,0.751422536,0.052704809,6.436251645
1402,BB,Company 479,Rating agency 3,2/24/2015,Capital Goods,2.007751197,1.1419491916,0.4830166856,48.22387377,0.153690105,0.218621002,0.418341309,0.238623455,0.060075295,0.100493781,0.09621467,0.382362876,0.583059218,0.584330675,0.363738263,0.290309548,0.6649570718,-0.788381906,1.375661569,1.639128622,0.241795273,10.58270694,0.570020794,0.194172391,5.268705895
1403,B,Company 403,Rating agency 3,2/25/2015,Consumer Services,1.482143136,0.608728463,0.41585964,0.0,0.048939626,0.063652466,0.319983608,0.072825857,0.038177117,0.078936333,0.14339314,0.782277902,12.053812368600001,2.773514488,0.731139668,0.237274949,0.144404013,-0.881078776,3.6506762048,3.805062042,0.063427842,1.122077723,0.272309295,0.002972415,18.61514267
1404,A,Company 386,Rating agency 1,2/26/2015,Technology,1.842503566,1.433940913,0.597901528,10.90925071,0.201037383,0.291775371,0.97460113,0.291456994,0.0769883912,0.08290145820000001,0.297449716,0.862385748,7.481462013,0.685814698,0.410435562,0.344236063,0.912430201,4.664084231,3.6516412692,1.699739982,0.29103645,15.62460922,5.041346867,0.32326657,0.874542575
1406,B,Company 381,Rating agency 3,2/26/2015,Capital Goods,2.903727709,2.022710463,0.646119708,60.56414648,0.009023478,-0.003971375,0.127971534,0.040000791,0.01733087,-0.010006444,0.129374302,1.887564989,11.32494189,1.7826853667999998,0.864753509,0.24354453960000005,-0.441127779,-0.144280178,3.4059738590000004,2.7751129012,-0.004024787,6.45514207,0.3317511,0.011224776,10.28106424
1407,A,Company 74,Rating agency 1,2/27/2015,Capital Goods,0.57698029,0.367027915,0.196748287,36.44256301,0.09606376,0.144666018,0.250251043,0.145910331,0.051516802,0.113293537,0.350942724,0.542001518,5.898450951,1.805058522,0.858255512,0.340855706,0.708191916,6.836231455,10.34028519,2.799818804,0.146640624,9.85853834,9.66562659,0.106938833,2.916508258
1408,B,Company 283,Rating agency 1,3/2/2015,Public Utilities,0.816336303,0.75708765,0.139883286,45.75627226,0.059150177,0.105028988,0.805357862,0.091209392,0.04138044,0.094553905,0.040171981399999994,0.705040262,1.497448956,1.4923129628000003,0.6243276308000001,0.431105527,-0.040294735,-0.033858058,0.713025554,2.8530371768,0.104478248,13.66645114,0.848200512,0.138254332,1.813772266
1409,BBB,Company 209,Rating agency 3,3/2/2015,Basic Industries,2.489250819,1.259514255,1.091369441,14.76290984,0.11533540580000001,0.1127412758,0.329640483,-0.151139178,0.0198571518,-0.057619664,0.0782840386,0.304598742,0.535535593,2.048906895,0.615150063,-0.117588695,-0.058828181,-0.116789495,2.300039829,3.331354121,0.11798810739999999,16.642206404,1.988952514,0.224233146,4.142329371
1410,A,Company 57,Rating agency 1,3/4/2015,Basic Industries,1.717891921,1.447151423,1.026198932,37.54440528,0.137900029,0.202351909,0.286301776,0.252330127,0.060401307,0.106308207,0.14077112,0.445111564,0.694715625,1.154181624,0.488779131,0.316675225,0.609696375,8.253187722,8.968605703,2.319872481,0.215359577,5.289739961,13.56142084,0.403838389,4.062276509
1411,BB,Company 392,Rating agency 3,3/4/2015,Technology,1.798691117,1.582804401,0.850621647,80.86886189,-0.078262395,-0.118005208,0.557175327,-0.011204652,-0.026065644,-0.043420876,0.1048415138,0.332742492,9.988420895,1.265422693,0.558768522,0.02095134,0.823882338,0.945442046,4.117383596400001,2.235855546,-0.116520997,11.7885728514,1.130494895,0.187128605,13.58729786
1412,B,Company 155,Rating agency 4,3/5/2015,Basic Industries,1.9860985100000002,1.3612242688000002,0.5745475992000001,57.91399487,0.007811362399999999,-0.08521051,0.118549595,-0.0321874448,0.0118436094,-0.031770948,0.0772387334,0.345227625,1.42389148,2.148110469,0.687430572,0.270877871,-0.326564769,-0.404756909,2.7409094696,3.14046412,-0.086551782,11.66865609,1.240286257,0.081629602,9.556182088
1413,BB,Company 406,Rating agency 3,3/5/2015,Capital Goods,2.592704987,1.490791311,0.782435039,26.45927345,0.032597496,0.053362485,0.125963329,0.066253785,0.06534859,0.131646481,0.157006001,2.016681835,13.05026326,1.37887435,0.58145172,0.382880111,0.783092773,1.4421283912,3.8211535128,2.398626675,0.05321513,1.08702938,2.1031116732,0.049775297,16.86998387
1414,BBB,Company 419,Rating agency 4,3/5/2015,Technology,3.048880826,1.511135526,0.916420898,63.08836712,0.136138095,0.016874678,0.434479582,0.148041237,0.079850994,0.012102911,0.125193414,0.575966645,8.552376753,0.588992598,0.371950682,0.24040602619999998,0.801992489,3.448417055,9.679277045,1.602245894,0.016906697,11.21412488,4.322139791,0.15429219,11.68069668
1416,BB,Company 458,Rating agency 3,3/6/2015,Energy,1.08610339,0.908956005,0.212334386,15.5626675,0.245688396,0.142191209,0.476278133,0.0664418368,0.057682618,0.106405703,0.123721069,0.233472316,0.293415734,1.108509196,0.523363133,0.396790043,0.4586227184,0.6807867608,2.949473957,2.12756097,0.15958085400000002,7.355641677,3.777141948,0.364769681,2.65105658
1417,BBB,Company 1,Rating agency 2,3/6/2015,Consumer Durables,0.963344813,0.44782905,0.12184614,51.20469247,0.032652226,0.044705925,0.169324998,0.059562759,0.032814939,0.075435121,0.133895856,0.992203046,5.008959938,3.069463894,0.749903043,0.214400383,0.511711622,9.611242372,9.861474989,4.125052644,0.044705139,10.51306968,10.416732547199999,0.075147556,3.457118247
1418,BB,Company 312,Rating agency 3,3/9/2015,Basic Industries,2.996935947,1.86106192,0.815266319,47.67119139,-0.020269965,-0.01581454,0.145009147,0.006562622,-0.022735211,-0.020531058,0.0940964456,1.125916147,3.220229522,1.322185453,0.574577421,-0.15635511,0.352247498,0.929332213,6.742456184,2.302783155,-0.01577467,9.452914122600001,2.626965542,0.042512546,16.04146322
1419,BBB,Company 91,Rating agency 1,3/9/2015,Energy,2.265136253,1.668924004,1.283728739,30.152618154,0.11278680379999999,0.1663852886,0.6973149881999999,0.2192955956,0.032107532,0.064833543,0.085215476,0.000570375,0.000679611,1.61732388,0.618710113,0.296259465,0.872244635,8.174925653,2.9829706654000003,2.629607818,0.1669907362,5.282231583,9.296007971,0.28581930079999995,0.241738372
1420,BBB,Company 521,Rating agency 4,3/10/2015,Consumer Non-Durables,1.74328162,0.7121849065999999,0.170802901,20.09073335,0.100903748,0.150989601,0.361535163,0.162473026,0.062810093,0.10329462,0.112680869,0.614918205,4.449356255,0.810441689,0.44168822,0.338036884,0.673715249,5.579039094,2.748400496,1.78623056,0.149993372,13.7314691,8.286609053,0.152433699,12.47533508
1421,BBB,Company 321,Rating agency 2,3/10/2015,Capital Goods,1.905923846,1.3757878276000002,0.307126121,80.55997101,0.107216364,0.075154589,0.35202889,0.160766302,0.104264349,0.10488279,0.26998927,0.974313708,6.990999774,1.578113405,0.610459854,0.568581285,0.763350173,3.172590497,6.620925317399999,2.560047489,0.075381629,9.115582762,4.153469513,0.115995563,5.198812235
1422,BBB,Company 213,Rating agency 1,3/10/2015,Technology,0.495628143,0.341539792,0.051297567,46.44950802,0.229937336,0.04196027719999999,0.5913244,0.1182364524,0.0538817012,0.024278179999999996,0.14212058160000002,0.747130922,5.729737743,3.0191741932,0.916301,0.368544354,0.694979039,2.070314325,2.538517184,3.8249563386000007,0.0419503838,14.97106272,2.955630708,0.277758602,3.980465102
1423,B,Company 376,Rating agency 3,3/16/2015,Technology,0.911360231,0.620951838,0.191114182,55.76215644,0.051994664,0.075892831,0.997175648,0.12139196,0.020760526,0.035717529,0.072152277,0.397520553,3.826464401,2.469438923,0.714511154,0.28069238,0.734517878,2.608071273,4.5958274094,3.460804087,0.076225444,13.73993509,3.51384782,0.228147333,4.383433282
1424,BB,Company 360,Rating agency 4,3/16/2015,Basic Industries,1.9025982843999998,1.980511507,0.5484111896,18.0023821,0.08638796779999999,0.05855055039999999,-0.181093586,0.080636177,0.054238787600000005,-0.126146356,0.1342784312,0.385249395,0.643359717,0.840496002,0.453376963,-0.095579691,0.4220235,0.386452765,0.898983801,1.841662771,0.06815502179999999,5.0214956852,0.914468543,0.299751458,9.763026437
1425,A,Company 93,Rating agency 1,3/17/2015,Health Care,2.0068679262000004,1.8475255622,0.252529681,82.37829146,0.179536065,0.216081461,0.746332713,0.225526559,0.080962138,0.11784539,0.15884555,0.449603709,7.169903221,0.943695892,0.485587924,0.174165629,0.92269028,4.543345689,14.35206253,1.945873417,0.226014494,15.12821258,4.979406453,0.292576411,5.830751972
1426,A,Company 245,Rating agency 1,3/19/2015,Public Utilities,0.86049413,0.424338913,0.046857994,46.70127157,0.117979518,0.130969004,1.009607887,0.161475472,0.032647461,0.040469756,0.11447524,0.275558491,0.372478501,2.518745536,0.722576819,0.100644452,-0.012559392,-0.101087926,2.020151339,3.532126073,0.130402653,6.383902479,8.059238474,0.268558832,0.766871327
1427,B,Company 299,Rating agency 3,3/19/2015,Energy,1.660461093,0.807086695,0.243872194,100.7989723,0.039996487,0.035648264,0.384328394,0.035555646,0.009092872,0.009302778,0.020335706,0.228615674,0.414293806,1.246306164,0.556129046,-0.1172672,-0.074508504,-0.175036752,1.814056701,2.221630722,0.035361083,15.27003083,2.389107526,0.159337574,4.588642729
1429,BBB,Company 39,Rating agency 1,3/19/2015,Basic Industries,1.81559604,0.187556033,0.187925741,0.0,0.076809039,0.015591794,0.20922011,0.066036974,0.069249761,0.016350236,0.149279117,0.895118868,1.790920978,1.14557589,0.536592333,0.2629911126,0.632295057,6.086283689,2.675236323,2.133199919,0.015342421,4.879453619,9.735991672,0.114899189,6.071556114
1431,A,Company 309,Rating agency 1,3/23/2015,Energy,0.752123999,0.315138373,0.031776161,13.26005835,0.034397241999999995,0.025993467400000005,1.002192242,0.0272242284,0.140281769,0.170000845,0.417662683,0.413697555,0.53260223,1.964168075,0.666606996,0.005481675,0.667174592,3.260021193,2.8282505916,2.95456857,0.041177016,18.18303327,4.912433798,0.476360284,6.162200465
1433,BB,Company 277,Rating agency 3,3/23/2015,Technology,0.779939925,0.753454749,0.100283799,4.901359881,0.06072110720000001,0.09026439459999999,0.813083832,0.10560011080000001,0.163969752,0.0751502654,0.1035597992,0.46580946,3.144472738,1.7065522168,0.742281926,0.264948272,0.929649465,4.403480893,4.9776421094,3.666631518,0.09022770940000001,11.58626292,4.774153373,0.19816760919999998,0.996491981
1434,BB,Company 66,Rating agency 3,3/23/2015,Capital Goods,1.705657957,1.180225721,0.451917709,65.15975842,-0.039437513,0.034772566,0.107258314,0.034808689,-0.055074171,0.075181478,0.1677144354,1.405899031,5.181003132,1.4014083542,0.837209611,0.473929697,-0.196428761,-1.225551077,4.4074219988,2.4043518718000003,0.03464632,8.607068455,6.161826849,0.038009866,5.608635195
1436,B,Company 142,Rating agency 1,3/24/2015,Basic Industries,1.635943236,0.352869034,0.231770324,0.0,-0.001185541,0.002354485,0.990881912,0.086192994,-0.000476481,0.001046845,0.0823692504,0.398113229,0.62841018,4.368056185,0.820165293,0.2540910146,0.367716878,0.955114284,1.056530839,5.347105578,0.002363577,12.4611085,2.632831106,0.202886119,0.0
1438,B,Company 325,Rating agency 3,3/25/2015,Basic Industries,2.665317368,2.195834722,0.3687560364,5.96740023,0.032387015,0.03519076,0.352662277,0.070063204,0.022953657,0.029913528,0.091802229,0.709964612,7.365568832,3.057198433,0.757657551,0.086963725,0.772563494,3.43514979,3.2565081558,4.031689475,0.03553606,17.36505841,4.453964699,0.08405785,5.500064648
1439,A,Company 301,Rating agency 3,3/26/2015,Technology,2.304071228,1.137639981,1.121075557,0.0,0.204343596,0.184503805,0.403808421,0.201151345,0.08164346200000001,0.189860569,0.1981768612,0.82601308,8.627862284,1.586394256,0.616625372,0.301355797,0.769469421,3.147250262,9.977236392,2.590032458,0.184879148,12.08703558,4.016595733,0.112192444,17.00151711
1441,B,Company 286,Rating agency 3,3/27/2015,Consumer Services,1.13600014,0.892832674,0.689116159,22.09818716,-0.013279056,-0.014474022,1.008803081,0.001045364,-0.015300168,-0.025270495,0.14310098459999998,1.154489668,9.848280543,3.648014744,0.783314841,-0.046336013,0.473089495,0.639447272,3.4230919504,4.655714874,-0.014452389,13.87511889,1.360062947,0.039138458,0.0
1443,A,Company 67,Rating agency 3,3/31/2015,Public Utilities,0.570500859,0.458574374,0.033047496,49.68763592,0.100733541,0.092050585,0.594686248,0.148858369,0.024294501,0.025250397,0.080874941,0.242742357,0.320033504,2.357861904,0.697391484,-0.093945973,-0.081171904,-0.509864154,2.8432122424,3.396059323,0.090808949,12.87078933,6.249772912,0.206084505,5.852327958
1444,BB,Company 262,Rating agency 1,3/31/2015,Basic Industries,2.005490471,0.813019476,0.547764515,14.35743797,0.058333787,0.067396453,0.10553964,0.072645633,0.056053891,0.075892752,0.103487779,0.951188567,1.506645454,0.853673878,0.460947139,0.142179801,0.789988116,1.58701043,1.667246553,1.848626266,0.067306148,10.73409956,2.045049701,0.10084792,11.40492089
1446,BB,Company 123,Rating agency 3,3/31/2015,Miscellaneous,1.616021213,1.440392398,1.078374699,65.74844326,0.05131699520000001,0.199362813,0.685165173,0.335077504,0.098806711,0.082169719,0.198049918,0.346830942,10.55021598,1.027307639,0.506881682,0.55061153,0.86359184,2.256404532,4.415135723,2.024504654,0.199079181,15.3297931,2.63306013,0.307420107,3.7233633436000004
1447,B,Company 12,Rating agency 1,4/1/2015,Health Care,1.2959889091999999,0.533182939,0.191466158,6.535456703,0.01790717,-0.009941989199999998,0.858641417,-0.081573728,-0.0043035799999999996,-0.018502672000000005,0.1390282906,0.454791887,2.87694952,1.6255675965999998,0.913999578,0.009490449,1.077169661,2.5658702876,2.7442651602,2.6431207216000003,-0.009930841400000001,0.517128798,3.6157560497999994,0.1116536924,10.6564456
1448,BBB,Company 363,Rating agency 1,4/1/2015,Energy,2.214228999,1.293568643,0.452468468,10.93581245,0.014123879,0.023425614,0.108190655,0.025979584,0.030559852,0.058072305,0.051276726,2.128350161,5.429463624,0.670288006,0.405214313,0.302091708,0.360321543,1.387151023,5.258324533,1.678170101,0.023715145,8.620137661,3.8590194,0.038727763,15.90948809
1449,BB,Company 390,Rating agency 3,4/3/2015,Miscellaneous,1.484869161,0.922287279,0.249280846,77.61087637,0.028938928,0.020858863,0.669737842,0.053156228,0.022286054,0.021022783,0.102896118,0.758455785,16.58599477,3.633253223,0.787214301,0.2848313004,0.769532627,2.415290421,3.071258077,4.626014711,0.020677056,11.53611583,3.098066606,0.079043968,3.015527344
1451,BB,Company 476,Rating agency 4,4/6/2015,Consumer Non-Durables,2.220173341,1.392869676,0.415571116,82.59347511,0.061305896,0.069646352,0.254528638,0.079227028,0.064887663,0.099147349,0.120576185,1.074077816,6.716436701,0.863086895,0.463482522,0.098013048,0.67975035,2.79843915,7.9796889648,1.876224812,0.069184843,12.55870168,4.081629253,0.077916428,7.045635209
1452,B,Company 226,Rating agency 1,4/7/2015,Basic Industries,2.587876629,1.608816242,0.59145841,77.5801442,0.076809166,-0.038352672,0.25876439,-0.038245672,0.079090837,-0.049366271,0.266080921,1.004245593,5.269126416,2.38671198,0.710273839,0.232107849,0.11130648,0.077330771,3.6905127332,3.350744056,-0.038173111,13.176332959799998,0.690343581,0.054782753,6.44042124
1453,BBB,Company 188,Rating agency 1,4/7/2015,Technology,1.154395151,0.671567473,0.344704673,45.16902351,0.045167129,0.058272785,0.497507193,0.06454228,0.048806592,0.110135256,0.187561129,1.085952957,9.810242863,2.860368269,0.746860088,0.234588736,0.682560163,4.480692684,6.960205478000001,3.7768043512,0.058745676,3.308864616,6.535019739,0.109988505,3.56555994
1454,BB,Company 374,Rating agency 3,4/8/2015,Technology,1.767282378,1.54727778,0.452814168,55.35884331,0.027263101,0.042500804,0.080658252,0.044050621,0.078271899,0.201128449,0.298785386,1.1186352153999999,7.0149373328,2.826404635,0.733097325,0.35844646,0.907416259,3.465690502,4.175922217,3.810806923,0.042906592,10.5811455,3.73649789,0.044150297,9.71914922
1455,B,Company 452,Rating agency 4,4/9/2015,Basic Industries,1.960943624,1.085037178,0.406109255,52.86762167,0.006299141,0.008370413,0.337834911,0.083561077,0.00441078,0.006892293,0.026212966,0.706880329,2.913043479,5.000399886,0.831913958,0.057223642,0.250042747,0.274270688,5.437625649399999,4.257393146,0.008387211,13.15692608,1.088101137,0.057600344,5.843774271
1456,BBB,Company 48,Rating agency 3,4/9/2015,Health Care,2.357936347,1.613901141,0.737995761,84.54116712,0.050652173,0.050848116,0.352970913,0.139710609,0.01493288,0.015930442,0.023645339,0.2929848,5.195126345,0.592139798,0.372113069,0.326110691,0.758656402,4.526907424,7.043867469,1.601231742,0.050388592,21.94982532,6.078648715,0.170885672,7.161551823
1457,BB,Company 460,Rating agency 3,4/10/2015,Capital Goods,2.446342453,1.060222719,0.279373576,47.23584503,-8.88e-05,-0.002847313,0.232868544,0.03911141,-9.8e-05,-0.00386182,0.0943553272,1.08997386,5.368945574,2.421948074,0.712165363,0.32118796839999997,0.174345111,0.325457236,1.5678469018,3.40911515,-0.002869608,8.658478341,1.90545747,0.046732566,7.025918156
1458,BB,Company 357,Rating agency 2,4/10/2015,Capital Goods,1.028266604,0.745925328,0.531616823,33.64872566,0.006120366,0.010678089,0.12950749,0.028668803,0.005649553,0.052646016,0.040606395,0.933291436,3.540066561,1.3268243458,0.860013878,0.427059833,0.04475473,0.216204387,2.5397790304,2.3365892924000002,0.032355686,3.362966514,4.851793516,0.087290265,4.144009341
1459,BBB,Company 149,Rating agency 4,4/10/2015,Energy,1.754769186,0.263880672,0.20919926,0.0,0.0818257998,0.0878978882,1.008618328,0.1419243798,0.025181612600000004,-0.056031548,0.1432541302,0.192807971,0.225096574,1.165870016,0.540432468,0.1997983136,1.005765065,5.1232729911999995,2.544137587,1.9268475080000003,0.087755485,5.095463448,5.2512221382,0.1118597858,0.0
1460,A,Company 355,Rating agency 1,4/13/2015,Health Care,1.386035497,0.655381771,0.296024285,15.2401257,0.025540143,0.045529665,0.283379007,0.054527117,0.051712633,0.128281133,0.094324909,2.034400494,6.246058246,0.805144689,0.444850685,0.442526978,0.708824818,2.907621724,2.777478432,1.820091983,0.046869533,11.86112997,4.051662937,0.050583944,12.7531295
1462,B,Company 115,Rating agency 1,4/13/2015,Health Care,1.709201901,0.437059433,0.058865976,13.52539524,0.00969694,0.009763926,0.287870507,0.009857593,0.036236225,0.056614022,0.1087512212,0.5094901336,13.08976556,1.8818405496000001,0.6356585428,0.003203642,0.396275279,0.301812575,3.63961401,2.8855671995999996,0.009749176,12.3622126052,0.765643471,0.027650347,14.22315812
1463,A,Company 138,Rating agency 1,4/14/2015,Public Utilities,0.829884159,0.378651688,0.112511596,41.15613044,0.105134456,0.138279645,0.985494107,0.04674427,0.029207635,0.043640277,0.103041948,0.27939202,0.429358869,2.523678349,0.717945921,0.1962102,-0.449189855,-3.924692378,2.689408353,3.522458218,0.137297447,18.62868391,8.794489612,0.194598041,0.065502484
1465,B,Company 581,Rating agency 2,4/14/2015,Energy,2.273991578,1.739414976,1.233591664,25.4687243,0.0654989166,0.081726916,0.995009738,0.117692022,0.094752662,0.22880061,0.209709765,0.297310992,0.489978694,1.231198291,0.549498777,0.521853776,0.991591755,1.162932908,5.9879718531999995,2.204693705,0.08204586219999999,4.562660633,1.165800754,0.1654681772,0.0
1466,A,Company 412,Rating agency 1,4/16/2015,Technology,1.73350938,0.582063931,0.159695963,28.67673122,0.210999162,0.282222015,0.64260534,0.276984652,0.12778233,0.207317701,0.211224695,0.601836412,1.693134511,0.642487084,0.395513586,0.259339254,0.502485352,2.097738208,2.5869484696000002,1.651940645,0.284667729,7.842719752,4.191256793,0.367587004,7.414632299
1467,AA,Company 351,Rating agency 1,4/16/2015,Transportation,1.460838014,1.247215405,0.009790738,38.95239944,0.06110707,0.097950301,0.990777931,0.10245758,0.109437521,0.216152333,0.311323494,1.799500824,2.504417225,1.831007177,0.640935634,0.377009774,-0.249708835,0.23775239079999996,6.0760123796,2.801496497,0.097892365,1.011540212,1.5099144264,0.105339037,8.3013411018
1468,BBB,Company 435,Rating agency 1,4/16/2015,Basic Industries,2.179919697,1.278064428,0.354642606,72.51198132,0.066053541,0.071506128,0.431330614,0.066644532,0.066148872,0.091593303,0.210158566,0.996684598,8.190422826,2.175036156,0.68751887,0.378262132,0.663245049,1.437343758,4.6617516792,3.185505558,0.072208954,18.38714636,2.142835656,0.063034043,4.771873563
1470,B,Company 194,Rating agency 3,4/17/2015,Capital Goods,1.671574935,1.313671769,0.154367729,103.8884151,-0.0905166,-0.083867498,0.250688244,0.022975129,-0.068008467,-0.079123168,0.12369830799999999,0.764783024,10.57187257,4.0692508,0.801551301,-0.07000516,1.002110627,0.133773838,2.6051519355999995,5.124831181,-0.084332568,14.37584233,0.132491882,0.008931512,13.29499721
1471,A,Company 108,Rating agency 1,4/21/2015,Capital Goods,2.603877464,1.23674265,1.247375473,0.0,0.130183686,0.182761162,0.443238484,0.20184365,0.096897678,0.157444892,0.18663845,0.733675012,9.825208878,0.953182852,0.484360881,0.286212651,0.877196674,4.002185493,4.8314045128,1.955679105,0.184137342,12.0559331,4.63406282,0.172567166,9.330823472
1472,AA,Company 3,Rating agency 1,4/21/2015,Capital Goods,1.493576278,1.164295846,0.471224334,72.57620102,0.105412772,0.144748976,0.278975254,0.144116093,0.093936483,0.188524434,0.237687061,0.878520863,7.44691248,1.566687612,0.610373661,0.256991426,0.78169173,4.983069147,11.68170145,2.579681709,0.144183258,10.91944573,6.402497572,0.125302121,5.35009913
1473,BBB,Company 310,Rating agency 3,4/21/2015,Energy,1.41043824,0.827203456,0.300865336,29.52922443,0.038251439,0.061205198,0.20927139,0.102220956,0.02988903,0.074849456,0.073405605,0.791715827,0.973826999,1.429007097,0.589313731,0.374215591,0.13357875,0.623066753,1.170156977,2.400466092,0.083583189,5.940229304,4.67817923,0.180404032,5.941571838
1474,A,Company 466,Rating agency 1,4/22/2015,Capital Goods,1.227020178,0.549803536,0.044914372,45.95860812,0.061339598,0.093774788,0.270541013,0.098417547,0.116893774,0.08222828759999999,0.2104035692,1.921561254,9.305779948,2.1248693891999997,0.988459931,0.346358441,0.524156835,2.009799538,0.781693363,3.131748727,0.094399754,13.51995236,3.852971294,0.055383282,7.651914965
1475,BB,Company 166,Rating agency 3,4/22/2015,Capital Goods,2.407634785,0.828375037,0.298624668,32.2038951,0.052764207,0.038229229,0.159281938,0.052323521,0.070173389,0.06711959,0.222949622,1.306898207,3.812840059,2.17061016,0.685896841,0.20307868280000002,0.39261098,1.004328447,3.3766341542,3.175017722,0.038740053,12.85003355,2.557302057,0.053174793,9.314755978
1476,A,Company 129,Rating agency 1,4/23/2015,Technology,1.433760497,0.907746636,0.332495877,55.67858785,0.099332939,0.140155947,0.381701913,0.157189121,0.085366379,0.154331507,0.208867022,0.858046264,9.290916019,1.443330597,0.594983045,0.289633669,0.823939594,4.701281349,6.0146747936,2.434942165,0.140965073,7.809361443,5.756789178,0.123075251,7.774148709
1477,B,Company 201,Rating agency 3,4/23/2015,Energy,0.639913886,0.321767261,0.082675678,25.69121458,-0.01236567,-0.016865287,0.998359734,0.065497809,-0.004321086,-0.006616301,0.09987407740000001,0.351573039,0.379356697,4.348346945,0.817077537,0.27542287,0.999632845,7.01810554,5.6393803992,5.307552484,-0.017040883,2.987501333,7.056453801,0.23237363119999999,0.033996019
1479,BBB,Company 90,Rating agency 1,4/23/2015,Health Care,1.6653442966,1.0754263276,0.535301019,46.65885733,0.11919458440000001,0.280935742,0.781825619,0.309170007,0.074664577,0.089637925,0.199262758,0.290270911,3.869105468,1.664475976,0.621716575,0.075723323,0.875844878,9.853604101,2.8368538502,2.673613406,0.275834983,17.1076499,11.25538429,0.427288601,3.64098161
1481,BBB,Company 502,Rating agency 3,4/24/2015,Health Care,2.046619343,1.430385312,0.545465608,71.8940681,0.036231899,0.137524827,0.102327338,0.137627501,0.025147312,0.112845496,0.070215673,0.684257026,1.903047014,1.805845251,0.645725393,0.268701348,0.76987382,4.210581575,6.5960418856,2.786470327,0.136938106,14.22138309,5.417465453,0.193791412,7.858216806
1482,A,Company 365,Rating agency 1,4/27/2015,Miscellaneous,1.502268356,0.627362283,0.357551239,16.31156485,0.002544239,0.198807786,0.677182076,0.198107878,0.001025975,0.129024569,0.002317196,0.397240485,6.213104488,1.25751184,0.556018234,0.265075387,0.779787675,3.548151376,7.992277391,2.266413826,0.196150847,5.802655535,4.572076307,0.317975949,14.41034984
1483,BBB,Company 465,Rating agency 1,4/28/2015,Consumer Durables,0.6779842,0.49107894,0.13058196,24.60360541,0.118861788,0.17724338,0.63685488,0.198149209,0.117823445,0.243254104,0.306478357,0.997761531,18.93012227,1.598324235,0.621049867,0.325274446,0.845352281,4.837397551,2.328945528,3.0037923674000004,0.179175628,8.556434036,5.621843673,0.166227321,6.962150699
1484,A,Company 18,Rating agency 1,4/29/2015,Capital Goods,1.099311738,0.12983309,0.129957796,0.0,0.079100596,0.114614523,0.114779293,0.12272401,0.098030356,0.200726082,0.11474187279999999,1.240572911,9.515717279,2.4206071592000002,0.909213345,0.309998134,0.785904291,9.589910986,8.151664974400001,3.4440599731999995,0.116364528,9.974137322,12.26525306,0.084909146,9.335139064
1485,BBB,Company 516,Rating agency 1,4/29/2015,Health Care,1.368397315,1.115425344,0.027309546,57.58517244,0.06788734,0.069703106,0.9933893,0.130744554,0.061308213,0.07100052,0.147296806,0.893824947,2.191027382,1.408315152,0.578203817,0.578748044,0.626486419,6.570570603,0.325219155,2.387836799,0.068685952,9.3775618,10.43038933,0.127868742,0.0
1486,B,Company 443,Rating agency 3,4/30/2015,Energy,0.375883952,0.215991998,0.012758974,21.42697769,-0.103363735,-0.146422771,0.991175917,-0.05723746,-0.025297493,-0.038405137,0.09725251239999999,0.244454172,0.255089552,1.621710526,0.618227455,0.304803453,-0.580117721,-4.999699666,5.0488310234,2.617784353,-0.147224715,5.781606827,8.542892343,0.23851117500000002,0.0
1487,BBB,Company 353,Rating agency 1,4/30/2015,Consumer Services,1.038643092,0.559342826,0.193762453,32.24158624,0.105464036,0.105790397,0.8825779,0.270231531,0.018609819,0.019015544,0.0582996,0.172867085,0.399548037,2.139305262,0.681425708,-0.027405017,0.532394225,2.676506001,0.526474687,3.13712458,0.104852842,19.49961359,5.029243085,0.450992102,2.431691307
1488,BBB,Company 211,Rating agency 1,4/30/2015,Basic Industries,1.9697192304000002,1.2349822531999999,0.160391699,40.02947101,0.035264715,0.052498993,0.250588579,0.058620433,0.047580866,0.076592927,0.091056795,1.326433623,6.286222167,0.91135485,0.481470378,0.312255169,0.467741941,2.127721321,5.841654517399999,1.908839887,0.052698791,7.544639065,4.587344239,0.034187883,9.1232441546
1489,BBB,Company 253,Rating agency 3,4/30/2015,Energy,0.711774441,0.321795406,0.0125094,42.39485429,0.202220924,0.323085952,1.004137309,0.20928404299999998,0.064926333,0.119312648,0.195152673,0.319066218,0.355500492,2.055152981,0.668424305,0.374837992,1.006840574,9.057843523,5.508553262000001,3.042696045,0.326215497,7.030858819,9.124363907,0.2450867196,0.0
1490,A,Company 101,Rating agency 1,5/1/2015,Consumer Non-Durables,1.009479332,2.312239927,0.102403729,23.31600403,0.082920053,0.113459961,0.660066021,0.142289656,0.119806507,0.290735875,0.1360308944,1.470217995,8.944280301,2.4541181808,0.904737694,0.280055287,0.758013968,4.226733588,5.7894220886,3.4140083252,0.114341913,8.756562847,5.616792119,0.108631697,6.185567914
1491,B,Company 244,Rating agency 3,5/4/2015,Energy,1.2131912587999998,1.2869260327999998,0.8063778537999999,84.94000209,0.11349745959999999,0.266551471,0.993396303,0.317559591,0.040545614,0.033798279,0.0331439196,0.125645918,0.382998906,1.265740355,0.9266963922000002,0.0,0.7101921532000001,-2.433566668,5.8860145056,2.296461227,0.266461325,4.816193956,0.465189917,0.153223881,0.0
1492,A,Company 288,Rating agency 4,5/5/2015,Basic Industries,1.6199742065999998,1.1808328696000001,0.27552248960000003,55.92488137,0.252458981,0.245128971,0.419868493,0.200700004,0.082606162,0.086004463,0.11374266,0.324830124,0.758265809,0.392945674,0.28180523,0.456444371,0.971491492,3.505883957,4.598366556,1.399412901,0.24294401,9.274667646,3.618110245,0.482433033,5.636024183
1494,AA,Company 177,Rating agency 1,5/5/2015,Capital Goods,1.263478671,0.956271704,0.317288769,47.96308047,0.081620178,0.123465524,0.497992912,0.124803221,0.071865721,0.177519184,0.212246486,0.865415639,9.254657878,2.003086892,0.666966178,0.296083165,0.851895576,9.472665035,12.221623639799999,2.97466507,0.122018661,10.13182739,11.06723809,0.121659421,7.481808153
1495,BB,Company 154,Rating agency 1,5/5/2015,Energy,0.699035113,0.63139396,0.064759229,64.1307806,0.020916349,0.046815801,1.00127543,0.04681404,0.004648181,0.011310006,0.011280504,0.218959964,0.254625198,1.450630006,0.594494637,0.553242495,0.997518765,4.7090114540000005,3.0863154221999998,2.45356648,0.047106649,16.3739164,14.7855051,0.19195306299999998,0.0
1496,BB,Company 135,Rating agency 1,5/6/2015,Basic Industries,1.787430959,0.543879977,0.380097486,0.0,0.005824168,0.00979812,0.116852713,0.023375322,0.008236838,0.019255661,0.026883812,1.410754408,3.82045047,2.227829918,0.687717994,0.4033249,0.722207018,7.388150435,6.2409618264,3.229981698,0.00963705,5.468444331,10.28515142,0.085338996,8.262307395
1497,BBB,Company 83,Rating agency 1,5/7/2015,Energy,1.396842951,0.954822379,0.101732387,64.44295,0.002625703,0.009196176,0.997477963,0.057827442,0.000643828,0.002341452,0.001305496,0.241052672,0.266154212,1.014989101,0.507528935,0.3701181654,0.99269666,7.035495993,0.298114313,2.6909971032,0.009154553,11.26995078,6.969974684,0.159838868,0.0
1498,BBB,Company 40,Rating agency 1,5/7/2015,Energy,1.366738207,0.932690075,0.501288232,52.6735691,0.202543821,0.210888688,0.837644391,0.214677008,0.059824314,0.071903091,0.105017516,0.296776158,0.414685158,0.739892111,0.420206134,0.303044318,-0.183179702,-2.657813851,9.453176016,1.728327559,0.212173394,4.247829653,14.57421793,0.390464244,2.704547891
1499,A,Company 99,Rating agency 1,5/8/2015,Consumer Durables,1.616999236,0.360049908,0.348888663,0.0,0.068352824,0.097406186,0.280971446,0.105549357,0.060678331,0.134047889,0.167786732,0.894755288,7.052401419,1.713548079,0.624582693,0.0,0.999050184,1.662169853,2.434471033,2.752968494,0.096905942,7.108730277,1.666620004,0.097439419,6.010246856
1500,BB,Company 396,Rating agency 1,5/8/2015,Capital Goods,2.033337544,0.288943852,0.291100802,0.0,0.043948139,0.040770011,0.20070645,0.058241258,0.054280137,0.068859539,0.157648702,1.243119601,10.5343534,1.957940301,0.656534604,0.127298264,0.808426244,3.030147919,4.398646099,3.2023031457999998,0.040283784,6.548610587,3.715644345,0.055700327,7.977884329
1501,A,Company 183,Rating agency 1,5/11/2015,Capital Goods,1.375912297,1.128251537,0.66103688,42.51099974,0.086716989,0.122246402,0.563969253,0.132803577,0.078366759,0.141125117,0.28848909,0.9058756,8.040950139,2.665317994,0.727545744,0.293196713,0.779130554,9.741630577,13.6232759084,3.687393501,0.121420232,9.614382323,12.54220434,0.107065193,8.00308021
1502,BBB,Company 241,Rating agency 1,5/12/2015,Consumer Services,0.120974009,0.121486527,0.121199621,0.0,0.241568419,0.169989556,0.023648678,0.352830677,0.027778678,0.019669599,0.061410392,0.114084641,0.133018995,1.207842611,0.543514218,0.003090249,1.006574181,3.65122147,0.9790662022,2.221900684,0.17149733,19.95602058,3.648697811,0.17573641140000001,16.45992692
1503,A,Company 35,Rating agency 4,5/13/2015,Technology,3.6985756,1.1759952814,1.309165442,33.26237278,0.1432629366,0.1733989456,0.601826506,0.287462158,0.164524252,0.205537429,0.203142936,0.541106661,10.6127756,0.238433153,0.5849100996,0.142473162,0.868184893,4.574572145,4.9673594867999995,1.23267457,0.331459191,14.16397619,5.312782346,0.334265075,4.907048335
1504,B,Company 444,Rating agency 3,5/13/2015,Consumer Non-Durables,2.36081821,1.301117644,0.511531802,62.79090737,0.1272064242,0.0914254188,0.260051836,-0.086030909,-0.044275482,-0.05874704,0.1604362112,0.310419309,2.927224595,2.386475988,0.704349242,0.196129789,0.369150361,1.703996947,4.593819238,3.387634107,0.0913266968,10.0645086156,4.588881572,0.075734684,7.985424888
1505,BBB,Company 31,Rating agency 1,5/13/2015,Basic Industries,2.178549355,1.188243297,0.107047729,68.37979705,0.054317379,0.058652353,0.197905787,0.091678435,0.048511308,0.063143336,0.103376943,0.888977205,2.329356691,1.104465656,0.521594448,0.425930081,0.460610442,2.225397416,4.4936933542,2.095284618,0.058835317,7.256000306,4.914905838,0.085671195,5.727066292
1506,BBB,Company 333,Rating agency 1,5/13/2015,Capital Goods,1.352057622,0.896018207,0.273919146,50.54089974,0.038195837,0.044391605,0.084454374,0.044686845,0.073055893,0.150736722,0.229204697,1.952481427,10.99334653,2.106037384,0.678423603,0.155012377,0.543653971,6.326113294,13.79458959,3.096362998,0.044443082,8.776302219,11.51091291,0.052574154,6.402079484
1507,B,Company 271,Rating agency 4,5/14/2015,Energy,0.984163415,1.169154081,0.026011589,25.6151811,0.027539949,0.028545929,1.002571141,0.034626165,0.033121114,0.038019157,0.046473263,1.188216889,2.357525645,0.415299069,0.295594721,0.026195371,-0.519386732,-1.683861192,2.0097700553999998,3.567040718,0.028285022,3.7067769405999997,3.23905992,0.075269193,0.0
1509,A,Company 13,Rating agency 1,5/15/2015,Public Utilities,0.91838517,0.651931925,0.036745279,35.580252442,0.10821089260000001,0.10979504439999999,0.995698258,0.203816094,0.038722982,0.070002172,0.051624448,0.001138977,0.00153648,0.342209959,0.255415552,0.379472772,0.384491872,2.037054723,2.4099436752,2.0790712488,0.21198759179999999,11.17642626,5.264396591,0.2513083824,2.827611507
1510,B,Company 296,Rating agency 3,5/15/2015,Transportation,2.10959253,1.930356999,1.257144731,81.18959229,-0.096649289,-0.096425494,0.328362344,9.61e-05,-0.017898829,0.019793448,0.0664614862,0.184868345,0.299642531,1.626750018,0.600643805,-0.001498502,0.4833125665999999,1.2307862572,3.857153855999999,2.72607848,0.098856447,11.40722208,5.361101297,0.097119975,7.337713511
1511,A,Company 21,Rating agency 1,5/18/2015,Health Care,1.368380096,0.637308444,0.130954411,25.40075895,0.033440752,0.055234552,0.181684348,0.06302201,0.063079668,0.140107333,0.122270623,1.868054027,15.71258075,0.960123224,0.487783824,0.391963975,0.739525319,5.172803289,2.7146841998,1.953181869,0.055557385,11.63452107,7.001592367,0.058056497,17.56947189
1512,A,Company 25,Rating agency 4,5/18/2015,Energy,1.279575546,0.973220349,0.374525004,74.79105025,0.087646159,0.136323102,0.411437206,0.136755854,0.088717751,0.212319028,0.214124858,1.024439087,6.502980609,1.400689238,0.576456148,0.350868383,0.793510631,4.202037912,4.536644437,2.390319468,0.135965301,11.3261628,5.317913732,0.150333797,4.907459275
1513,BBB,Company 273,Rating agency 3,5/19/2015,Consumer Non-Durables,1.842962349,1.043963599,0.632902563,38.69448342,0.0762465,0.089442192,0.293627724,0.119741092,0.062004742,0.193981639,0.141694602,0.808950781,2.911442838,1.315380072,0.569628148,0.135954017,0.72590687,0.004123914,7.801241582,2.304380578,0.176173568,5.50541462,0.005703637,0.000172476,5.826127573
1514,BBB,Company 572,Rating agency 3,5/19/2015,Technology,1.000546025,0.9093623795999999,0.196128374,57.84888567,0.149539374,0.223140427,0.858687244,0.241084921,0.080453314,0.144095428,0.230768822,0.540014287,16.02037041,1.846365967,0.651362104,0.336275832,0.775026762,4.047767941,3.6116152575999996,2.807821594,0.225707698,7.732217738,5.219628981,0.258234317,0.794923393
1515,A,Company 272,Rating agency 3,5/20/2015,Capital Goods,1.947184632,1.128326547,0.654329215,0.0,0.087868476,0.131565342,-0.009951947,0.131038371,0.066218768,0.111312287,0.199553385,0.744840091,6.672807631,2.071884417,0.666378259,0.326968785,0.85539605,5.178161652,8.2173271854,3.02438348,0.132890933,9.552638956,5.960928997,0.137479182,6.731581692
1517,A,Company 389,Rating agency 1,5/20/2015,Health Care,1.004203267,1.065349821,0.080445383,30.96441695,0.067696382,0.111251238,0.290756357,0.11669296,0.114368343,0.235972331,0.222185636,1.695830172,13.81881936,0.897454482,0.476011066,0.393589997,0.608629028,3.924129919,3.6251564218,1.91570289,0.112416655,9.04412049,6.442607632,0.076019446,8.7553000188
1518,BBB,Company 254,Rating agency 2,5/21/2015,Finance,0.989901826,0.867716753,0.632783972,67.86524235,-0.022950796,0.010654549,0.679486112,0.022224025,-0.017116756,0.019283765,0.1082724454,0.741986897,6.692216144599999,1.6282328598,0.923633104,0.29449468300000003,0.915900172,4.095752304,9.206020297,2.5807607573999998,0.010610606,9.8775223956,4.490199412,0.241323757,8.485270866
1519,CCC,Company 378,Rating agency 1,5/22/2015,Health Care,0.703087192,0.648443109,0.118244993,14.40180193,-0.038931026,-0.087148284,1.00801293,-0.022129851,-0.014169563,-0.034298437,0.040258426800000004,0.366049823,0.459846622,2.671413567,0.72726421,0.546182416,-0.253395191,-0.417096018,2.793717231,3.65140634,-0.085964536,17.8923745,1.625272897,0.063488421,0.0
1520,A,Company 266,Rating agency 2,5/26/2015,Health Care,1.089973102,0.715714842,0.348563042,59.79316888,0.120685173,0.152859304,0.754704142,0.152699608,0.06456664,0.116425853,0.15649015,0.529395836,2.454883758,1.428455722,0.586391844,0.202291997,0.930088363,3.791285617,5.7988621576,2.411763875,0.153399788,18.44325728,4.103815471,0.220723498,4.334983933
1521,AA,Company 7,Rating agency 1,5/26/2015,Public Utilities,1.040107409,0.37032411,0.181281234,1.397607983,0.079259109,0.173931715,1.001959691,0.218888474,0.015741267,0.037846746,0.04630181,0.200119847,0.343183616,1.954138263,0.657729122,0.402424451,0.184260537,1.687517877,3.2802949038,2.6655676757999998,0.171170574,11.45687204,9.246842922,0.277854702,3.584689683
1522,BB,Company 76,Rating agency 1,5/26/2015,Energy,1.592137666,0.702821015,0.696515892,1.436890186,0.101170281,0.1142432868,0.992648469,-0.150209219,-0.06709085,-0.072720006,0.029365914,0.323749291,0.424479399,1.085379484,0.519736726,-0.080754787,0.024780566,0.152046428,7.266140607,2.1056217144000002,0.1140913152,2.0377416138,6.141983821,0.242410243,0.0
1523,BB,Company 146,Rating agency 1,5/26/2015,Energy,1.20913525,0.522617079,0.521263832,0.065789056,0.20739681,0.06910233340000002,1.008431811,0.332982703,0.057591084,0.101759062,0.112937379,0.27744539,11.48259177,0.933880093,0.481529407,0.370594744,1.004675303,3.1870652636,4.708124926,1.953773978,0.330783952,6.18040944,4.5421691912,0.063083473,0.0
1524,A,Company 64,Rating agency 1,5/27/2015,Consumer Non-Durables,2.998059809,1.922181479,0.79971889,46.58244946,0.059427988,0.085997186,0.185311312,0.097239612,0.069184339,0.117842489,0.164017475,1.170915896,2.91678411,1.346534119,0.575170716,0.302755991,0.619804137,6.228123537,7.944241901,2.327043527,0.087005267,9.166183893,9.972005443,0.122453708,10.5551311
1525,BBB,Company 291,Rating agency 1,5/27/2015,Basic Industries,1.729360348,1.057831273,0.399474069,37.44531942,0.020655954,0.023114163,0.183792065,0.040619377,0.029012751,0.041486953,0.101128312,1.403508491,6.402445417,2.480582139,0.709664969,0.126961734,0.555152502,1.262925564,3.2637940547999995,3.512719059,0.022851644,14.48730542,2.254326785,0.054374602,8.464980713
1526,A,Company 344,Rating agency 1,5/28/2015,Public Utilities,0.773620442,0.213777386,0.020770748,33.2382051,0.052259455,0.071459937,1.00616901,0.10257431,0.016558691,0.027278118,0.056300162,0.323105576,1.0189105556,2.365099108,0.696639734,0.274343137,-0.396624185,-1.355058248,4.2305382764,3.350779093,0.072105803,15.64454617,3.419506842,0.075728427,0.0
1527,A,Company 214,Rating agency 3,5/28/2015,Technology,3.792452973,2.337806614,0.5785954938000001,67.26256848,0.061661286,0.069451068,0.440190073,0.102387518,0.024821479,0.042669692,0.080781779,0.404804906,3.673880571,2.230518297,0.697477491,0.112415144,0.651274975,3.044264153,6.363114842,3.216077784,0.095382048,12.434701332,4.681574749,0.276003604,4.64413076
1528,AA,Company 235,Rating agency 3,5/28/2015,Technology,1.089346561,0.667061322,0.216606306,34.96119616,0.214111774,0.292999134,0.389459191,0.289729303,0.058861069200000005,0.14320187040000001,0.356217808,0.790096846,8.847063643,1.088802451,0.521340577,0.263731252,0.830060852,8.148314551,12.155270810400001,2.095238585,0.295187746,10.83610785,9.730619037,0.327230056,3.736784271
1529,BB,Company 165,Rating agency 3,5/28/2015,Technology,1.703751505,1.303831143,0.647992203,54.54579035,0.041390627,0.043432758,0.176850544,0.07120006,0.035551539,0.046684834,0.117489755,0.852821603,1.420265021,2.278753173,0.686898146,0.249846837,-0.108612005,-0.293552109,1.964563412,3.239684733,0.04331718,3.581616624,2.66591226,0.197398826,8.300950226
1530,BBB,Company 193,Rating agency 3,5/28/2015,Miscellaneous,1.553422038,1.109231897,0.309253338,64.41045643,0.105479144,0.165487433,0.326215516,0.196375562,0.047037192,0.080837758,0.103144804,0.441563783,13.22155794,1.217186688,0.544035088,0.315456373,0.8652409,3.553022439,5.9162995634,2.231071766,0.165553206,11.76003056,4.088215491,0.182826465,5.988614282
1531,B,Company 224,Rating agency 1,5/29/2015,Health Care,1.637891093,1.156115383,0.104265415,51.39753153,0.046712253,0.056979782,0.997834073,0.047082582,0.060015547,0.090318169,0.127151684,1.285224009,2.810877528,1.8459831999999998,0.6316618506,0.478178517,0.510954541,5.234551241,2.2794598066000002,3.1394663044,0.057473331,16.12602203,10.1667939,0.110784316,0.0
1533,BB,Company 522,Rating agency 3,5/29/2015,Basic Industries,2.933005893,1.519301709,0.650234927,38.47489123,-0.065051034,-0.070845337,0.240346459,-0.040528055,-0.056158324,-0.069468395,0.24872843519999996,0.869925985,2.126616401,1.337097733,0.571445162,0.099316556,-0.037520764,-0.073626005,3.527320798,2.337479266,-0.071400081,4.1235392798,1.976566978,0.044022436,6.308046095
1534,BB,Company 387,Rating agency 3,5/29/2015,Capital Goods,1.7320871189999998,0.9065584571999998,0.3968298848,24.18289455,0.109840609,0.171595021,0.249514158,0.204168584,0.077620697,0.125076971,0.227040433,0.700382799,1.267336349,1.926412874,0.660601241,0.335862921,0.738879736,3.98835303,6.359975871,2.941821609,0.173347587,2.101776847,5.379713926,0.133885692,15.6780005
1535,BBB,Company 258,Rating agency 1,5/29/2015,Consumer Durables,1.156181494,0.498020872,0.096314944,33.52834238,0.054567702,0.05822371,0.16579446,0.097212568,0.061984557,0.08862674,0.24096835139999997,1.131476879,3.560164283,2.5752756428,0.86807734,0.299415786,0.615326958,4.482277034,1.441036995,3.5745397702,0.058206862,6.572024102,7.339481134,0.119264437,5.127373442
1536,A,Company 4,Rating agency 1,6/1/2015,Consumer Non-Durables,1.545135715,0.871486432,0.094007717,26.8584523,0.01998841,0.031768164,0.176841175,0.03421886,0.070594478,0.167769548,0.176219676,1.1184257916,11.55814008,1.491811174,0.605849648,0.366313274,0.653745477,1.66172225,4.2020347368,2.486707702,0.031811762,10.967018,2.552969969,0.032115514,13.59653674
1538,A,Company 207,Rating agency 4,6/1/2015,Consumer Non-Durables,2.361234991,1.457630373,0.799314306,45.58278308,0.109437581,0.162687835,0.809733604,0.165087086,0.153766602,0.055252432,0.315639701,1.393256699,7.249113659,2.051018817,0.990412882,0.32166187,1.007914151,3.986090884,4.258921803,2.058989513,0.16201503,12.79153686,3.998224361,0.140146306,4.090366055
1539,B,Company 65,Rating agency 4,6/1/2015,Energy,1.346562915,0.779251714,0.007344513,9.599441528,0.006506025,0.006896083,0.031513036,0.009534103,0.055228675,0.088992667,0.191301677,1.0404614554,4.5268175316,2.464392071,0.706036875,0.008104404,0.729284418,9.020154539,6.7979895778,3.444631532,0.006862488,5.474420787,12.67895183,0.020045449,3.1913028714000005
1540,BBB,Company 375,Rating agency 1,6/2/2015,Basic Industries,2.507358192,1.85712994,0.978661201,76.76139364,0.056310972,0.091128041,0.392772698,0.095929077,0.040835889,0.08038518,0.0816609,0.727080543,1.90053091,1.016830372,0.498566342,0.377725486,1.014385226,1.302396159,2.3653358443999997,2.019833119,0.09089706,16.67488339,1.259038751,0.113140207,13.03648582
1541,BBB,Company 377,Rating agency 3,6/2/2015,Consumer Durables,1.599343379,0.799556577,0.050459989,50.47842032,0.06809927,0.084895184,0.276911156,0.098109058,0.064036341,0.105236745,0.119536231,0.944425091,2.880639851,0.878284096,0.469652024,0.196542458,0.15245689,1.36959615,6.500071799,1.867881039,0.08509131,12.65273846,9.158320962,0.084458628,5.130004528
1542,A,Company 49,Rating agency 1,6/3/2015,Public Utilities,0.918516837,0.269371527,0.002236864,25.6485611,0.09727652,0.159901869,0.994812793,0.208806643,0.026047822,0.047115483,0.087938322,0.266666212,0.343997095,2.36178409,0.706088416,0.390555751,-0.152306586,-0.972433237,0.771589965,3.37497265,0.159257922,8.284875345,6.40176701,0.256972814,0.0
1543,A,Company 204,Rating agency 1,6/3/2015,Public Utilities,1.023646031,0.515432746,0.057110227,42.68569069,0.129181416,0.129845288,1.008498016,0.170850072,0.041096159,0.044323825,0.129567959,0.309790827,0.295569758,2.164812664,0.690783896,0.373219884,-0.218044364,-0.936983041,2.0943689932000003,3.169375381,0.130710901,9.550470477,4.364080167,0.180882539,0.0
1544,AA,Company 347,Rating agency 1,6/3/2015,Public Utilities,2.122688868,0.970193104,0.771727606,14.73800209,0.131527035,0.212788605,0.992744809,0.257867421,0.044241233,0.077901675,0.120499364,0.338691907,0.464752509,1.713773755,0.628036864,0.383092561,0.558364756,2.323309786,2.019385094,2.733399268,0.212377639,11.12902099,4.259024154,0.348878818,0.0
1545,B,Company 169,Rating agency 3,6/3/2015,Technology,0.507193681,0.490186171,0.200054564,7.593339757,0.030764576,0.045145365,0.684968931,0.061326552,0.029616152,0.046640391,0.070091585,0.962820971,9.471334189,1.362883719,0.574580814,0.32347724,0.7461039536,-1.2197071,0.86765926,2.357088197,0.045089686,1.851819411,0.363105499,0.006105591,6.878794533
1546,BB,Company 431,Rating agency 4,6/3/2015,Technology,1.218794031,0.555702719,0.20973722,37.4334893,0.014093412,0.015359935,0.05562646,0.015348155,0.029084311,0.083437112,0.169415328,2.075368481,11.31215454,4.797375429,0.829071053,0.086599578,0.500305096,0.990203503,2.612758342,5.754635932,0.015195933,6.935225986,2.009272343,0.046192219,5.211024039
1547,A,Company 43,Rating agency 1,6/4/2015,Finance,1.643316462,0.237691246,0.533018504,97.29275252,0.113005859,0.158417251,1.000654454,0.176718865,0.081422126,0.145989461,0.206563622,0.724242113,15.87586647,1.499765131,0.598030629,0.283482721,0.829658482,3.189871933,-4.778416877,2.504158306,0.15842346,11.34484883,3.844007571,0.162663601,0.072958445
1548,BB,Company 164,Rating agency 1,6/5/2015,Consumer Non-Durables,1.920298551,0.966833563,0.385730211,32.54559979,0.017432675,0.040320969,0.514880094,0.040436267,0.012421036,0.032823227,0.033142477,0.701366041,11.52326051,1.6679686,0.626769132,0.558753183,0.420230424,2.173814948,9.528145643,2.674539084,0.039946789,21.39926782,5.043661421,0.050774388,6.834698853
1549,BB,Company 456,Rating agency 3,6/5/2015,Basic Industries,2.613965594,1.894538705,0.707432925,86.66052763,0.053661034,0.070745402,0.252088547,0.09789331,0.028514081,0.042484632,0.10736431,0.535642821,1.448138139,2.736767246,0.735870812,0.252742977,0.731572372,6.628055757,7.2617345,2.5739285486000005,0.071271476,13.49003069,9.074278099,0.180634099,7.631877006
1550,BB,Company 474,Rating agency 4,6/5/2015,Capital Goods,1.63857118,1.040707385,0.23889226,80.68323247,0.084713187,0.07693043,0.319282039,0.089298993,0.054070184,0.060485802,0.124652523,0.64103345,6.277127546,1.300798704,0.562574506,-0.171914999,0.779881454,2.49574392,2.516434948,2.299855006,0.077802115,11.48449746,3.20985342,0.0840443,4.028631394
1552,B,Company 47,Rating agency 4,6/8/2015,Basic Industries,1.555285257,0.770963956,0.185568727,46.88876892,0.03337749,-0.007948359,0.349985729,0.085005217,0.032232644,-0.009861724,0.223385038,0.961310827,7.807590753,2.9697069712,0.848772595,-0.146442903,0.5951759202,-1.68338979,1.541808864,3.9416572592000003,-0.00806488,13.46995012,-0.958419445,-0.025937962,7.88940864
1553,AA,Company 362,Rating agency 1,6/9/2015,Consumer Non-Durables,2.247557948,1.001204425,0.349141396,23.98292255,0.065263791,0.098535614,0.168701389,0.099069293,0.10942952,0.203073176,0.168470583,1.697643877,9.288066869,0.512916682,0.337891917,0.342352786,0.786730166,2.22358257,4.2063237172,1.523088965,0.098368975,6.398388676,2.808161423,0.080673172,15.89760902
1554,BBB,Company 191,Rating agency 2,6/9/2015,Public Utilities,0.722404766,0.580095541,0.340859535,42.54704976,0.023589338,0.063483936,0.997597237,0.111853152,0.010565128,0.060928224,0.0312675,0.442958583,1.679477332,1.915998686,0.637495064,0.627195886,0.326151741,1.09074236,4.395427336200001,2.972031904,0.104693965,7.920452853,3.3103076,0.222810051,0.0
1555,BBB,Company 97,Rating agency 3,6/12/2015,Public Utilities,1.011337974,0.757383195,0.039461263,45.53107382,0.112860692,0.185426222,0.455339854,0.218152736,0.044197272,0.092055143,0.104179212,0.396144636,0.800101505,1.354933161,0.577284974,0.399531934,0.579598845,1.69878043,0.077512911,2.335169262,0.215699002,10.76962364,2.928408826,0.262864999,9.502176765
1557,A,Company 125,Rating agency 1,6/15/2015,Energy,1.654409756,0.745315684,0.372270489,0.0,0.0278328,0.042132432,0.097557264,0.045066162,0.080153774,0.15761346,0.177108434,1.380575799,4.849702043,1.19734697,0.543296081,0.31813022,0.495627495,3.964615634,13.98801177,2.203038703,0.042468053,3.998758203,8.021390053,0.032174318,17.42468914
1558,BB,Company 287,Rating agency 2,6/15/2015,Consumer Services,0.829320949,0.41167042,0.255265247,8.227822841,-0.012125449,-0.020817138,0.654077922,0.019224494,-0.027414625,-0.070637356,0.16314447600000004,0.354541486,3.281928878,2.945465526,0.830676144,0.42511737,1.026820281,2.368111204,2.3494248858,3.516473754,-0.02109478,2.104325428,2.282217011,0.052757302,5.630990804
1559,A,Company 422,Rating agency 3,6/16/2015,Health Care,1.176012816,0.190057506,0.187966899,0.0,0.012894293,0.018356573,0.056776496,0.020733778,0.044844461,0.151890547,0.18131919,0.6271442211999999,6.490121071200001,3.059296504,0.749747403,0.381730069,0.910140496,6.714736759,8.33454544,4.040025104,0.018284996,10.98952404,7.392069945,0.027765489,7.035033131
1560,BBB,Company 439,Rating agency 3,6/17/2015,Health Care,1.747210465,1.237445553,0.224244286,89.46300271,0.035615415,0.068660995,0.459942339,0.073130193,0.03455935,0.088681131,0.074866868,0.96817306,6.43816309,1.168297875,0.544232586,0.471609198,0.695719738,2.580348012,3.8294377138,2.153096999,0.067932365,12.84324719,3.625590168,0.125112804,8.084314004
1561,AA,Company 124,Rating agency 1,6/18/2015,Transportation,1.815264917,0.30140628340000003,0.544035774,0.0,0.045945349,0.071780299,0.991119028,0.075536728,0.063624703,0.119665945,0.137082033,1.384231165,2.336439104,1.166009289,0.538317576,0.365297097,0.169750491,2.377580044,2.4949281942,2.181307478,0.072495644,7.948073751,13.99791305,0.094388146,2.321800068
1563,BB,Company 307,Rating agency 3,6/19/2015,Technology,1.236268097,1.072743532,0.576650003,44.4271071,0.172165296,0.160691652,0.466837487,0.260760054,0.057495583,0.059343435,0.097456591,0.334038447,14.23884262,0.693824439,0.414250604,0.374567316,0.940851528,2.835886635,1.316696855,1.690006656,0.161367483,9.17896313,3.032833536,0.331624643,3.4138361206000005
1564,A,Company 276,Rating agency 4,6/22/2015,Technology,3.272606496,1.0808932776,0.680277791,27.42637821,0.251988223,0.294056165,0.614454091,0.297680534,0.123253476,0.183556678,0.235721387,0.489478377,5.685590217,0.870351616,0.454837293,0.0,1.001830255,0.23912932839999995,3.7412780933999996,1.938667775,0.297407861,3.301090974,2.3741961232,0.362853982,1.469844229
1565,BB,Company 167,Rating agency 3,6/22/2015,Public Utilities,0.730940051,0.561957121,0.09303118,46.40816267,0.0627010224,0.0550739502,0.811754679,0.203947623,0.04164963,0.074387301,0.238929018,0.150912163,0.272820647,4.715678529,0.822394572,0.349089461,0.2924320939999999,-2.658111318,6.907954251000001,3.1669485636,0.0538879192,18.9254817,2.961658839,0.279357259,1.720940739
1566,BBB,Company 143,Rating agency 4,6/22/2015,Energy,0.866776994,0.746516369,0.139001834,55.32371954,0.037249188,0.053709244,0.217355149,0.08541174,0.019448867,0.04998367,0.083918063,0.520643072,0.702193579,3.251435393,0.739126122,0.302598705,0.59314551,2.0960678974,1.577149691,4.302934154,0.082951611,15.42117401,3.049738523,0.068235495,4.50531825
1567,BB,Company 430,Rating agency 4,6/24/2015,Consumer Services,1.623745596,1.992080153,0.734646668,58.67317598,0.030379432599999995,0.030882158400000005,0.997273561,0.115070469,0.0286275878,0.281897622,0.409858041,0.610535801,4.127582667,0.827153419,0.450808217,0.308797746,0.364399959,1.29282498,5.945088074,1.849368777,0.030364434200000002,5.245694523,2.3666590954,0.104680728,0.0
1568,BB,Company 84,Rating agency 3,6/25/2015,Technology,2.137219301,0.94024851,0.861117732,0.0,0.185833714,0.186359294,0.333420761,0.187244583,0.135909964,0.172699466,0.280650727,0.732085587,1.89255548,1.099621208,0.519168367,0.041596486,0.528677883,2.872139214,2.7776144941999994,2.088266884,0.18881842,7.165723207,5.355877868,0.347158644,4.012943042
1570,BB,Company 508,Rating agency 3,6/25/2015,Transportation,1.197848699,1.024898188,0.245931341,4.529287335,0.076644081,0.120361223,1.004938185,0.13969192,0.070268216,0.155457149,0.295146851,0.908686089,1.551027693,3.250152755,0.757950602,0.37136892,-0.035835771,-0.542169119,4.4926309676,4.199789138,0.120146131,15.35655331,3.5692457250000005,0.235534266,6.119095892
1571,BB,Company 227,Rating agency 3,6/26/2015,Capital Goods,2.3518473258,1.918406662,1.301217964,39.77605926,0.046719084,0.066661776,0.243029621,0.07635333,0.035519455,0.059145968,0.064097693,0.758406039,2.803738503,0.81455985,0.448318981,0.292282165,0.473826478,0.949715529,3.0686266784000003,1.82099551,0.06746152,5.378145647,2.028025977,0.119166083,10.68749883
1572,BB,Company 445,Rating agency 3,6/26/2015,Consumer Services,1.467589227,0.436231228,0.249689236,6.962398349,0.027638182,0.042067033,0.554022896,0.043666195,0.042777774,0.081807366,0.077157476,1.542556398,4.274906721,0.790697903,0.440159212,0.319855989,-0.27408682,-0.637945974,4.1215923674,1.780200986,0.042537673,6.812706501,2.318478743,0.078590254,8.362119629
1573,BB,Company 114,Rating agency 4,6/26/2015,Basic Industries,1.6566252326000002,1.563175863,0.47429888140000004,7.194069064,0.082055268,0.124650736,0.990516272,0.12482861,0.048988935,0.076550573,0.131473868,0.60243497,7.1265129434,1.668026332,0.623702603,0.348973171,0.993221421,-3.935552037,6.011491131,2.709007268,0.124981285,7.488393248,-3.905498097,-0.102216032,4.919439306
1574,BB,Company 205,Rating agency 3,6/26/2015,Basic Industries,2.94128207,2.034701231,1.112280671,60.83129507,0.170219567,0.143435181,0.329475801,0.240157952,0.132876227,0.132260872,0.335871263,0.779982213,1.814751875,1.497623889,0.606775708,0.401725568,0.48510861,3.516084546,7.980381953,2.494820478,0.145129233,8.511636805,7.209546049,0.189482781,0.182774044
1575,A,Company 247,Rating agency 3,6/29/2015,Consumer Non-Durables,1.14980487,0.842854293,0.33602014,36.0824957,0.097732856,0.131802796,0.540629306,0.142442144,0.09270839,0.168481228,0.374201171,0.943937019,3.884475042,3.024116248,0.752349153,0.249428049,0.73477423,5.100133802,3.9843932822,4.025327741,0.130773156,14.03650031,6.967344648,0.156157125,2.39155252
1576,B,Company 121,Rating agency 1,6/29/2015,Health Care,1.07492906,0.526817638,0.131990255,40.062100971999996,0.1140993162,0.023092096,0.510977708,0.12979798599999998,-0.065714227,0.1124199284,0.250262447,0.261821064,6.755579689,3.585371711,0.784019206,0.358994017,0.75996762,1.73864913,2.8090229879999997,4.567346044,0.0230927014,8.20930085,2.306956813,0.117640941,4.53894623
1577,B,Company 236,Rating agency 4,6/30/2015,Transportation,0.898647666,0.674162259,0.074596928,30.386962346,0.045621678,0.013896017399999997,0.993476408,0.06116016820000001,0.066196429,0.105884213,0.1136001762,0.106913921,0.200477884,1.7969325282,0.951902179,0.103305793,-0.3944082212,-3.128061658,2.0155797398000006,2.7977850722,0.021766557599999996,9.345367865,4.271256662,0.11048404619999999,7.714780604
1578,BB,Company 414,Rating agency 3,6/30/2015,Consumer Durables,1.074175053,0.002555584,0.002545806,0.0,0.010481259,0.01762151,0.148686248,0.025502624,0.030333137,0.104410153,0.145773534,0.7041965672,11.47751683,4.770279138,0.995502515,0.3810982556,0.08847989,-0.11786324839999995,4.7308319658,4.802972286,0.017721117,2.553914698,1.154348428,0.017582568,5.6403946042
1580,BBB,Company 186,Rating agency 3,6/30/2015,Energy,1.226331634,0.867906767,0.452288736,26.14723515,0.076425,0.157620831,0.34842754,0.22016531,0.045777061,0.129208521,0.10728709,0.59834372,0.826678678,1.334207634,0.565143719,0.522665388,0.148184723,0.6015060292000001,7.3650940416,2.364623521,0.182423244,1.525877052,5.4710840366,0.272824318,4.82654397
1581,B,Company 477,Rating agency 4,7/1/2015,Energy,1.099418495,0.352917656,0.002826283,63.46355096,-0.114855229,0.10021620680000001,0.996269483,-0.107809994,-0.028874696,-0.051498467,0.06749825279999999,0.251635836,0.307404519,0.844948209,0.460015446,0.357177555,1.007075783,6.435184925600001,0.039199452,1.856158483,0.10077569280000001,11.67383251,10.57275764,0.147173578,0.127124028
1582,BBB,Company 473,Rating agency 3,7/1/2015,Consumer Non-Durables,1.104411805,0.351304539,0.054882486,22.27075798,-0.016043776,-0.031166326,0.207924665,-0.031191025,-0.014375636,-0.034763285,0.1294766944,0.903287482,4.428290459,2.885040004,0.745410542,0.3319400654,0.675484342,2.354774277,4.4955474334000005,3.893290382,-0.031366556,8.879159947,3.470851002,0.094411445,9.128750787
1583,BBB,Company 222,Rating agency 3,7/1/2015,Consumer Services,2.029481743,1.758863948,0.765204756,86.69232768,0.097089565,0.122864568,0.393502835,0.136688029,0.08534878,0.151803183,0.182765774,0.876315053,13.92077885,1.131528575,0.530215602,0.203461676,0.807894478,1.247701675,2.114222393,2.15249196,0.134423014,13.77476725,1.529187735,0.133448327,0.8694033639999998
1584,BBB,Company 410,Rating agency 3,7/6/2015,Consumer Durables,1.917800817,0.829808929,0.098143451,51.98608699,0.045128548,0.065876429,0.192199399,0.076079902,0.019996944,0.037598586,0.043598463,0.438136682,1.222984088,1.154910293,0.534733064,0.314468994,0.53288591,2.459340238,1.8475813904000002,2.189240358,0.077886791,11.98386659,4.625054129,0.10906452,7.369852373
1585,A,Company 75,Rating agency 1,7/7/2015,Technology,1.9047528659999997,1.2190047694000001,-0.168013199,13.7627725734,0.095457578,0.114014731,0.206015675,0.133635227,0.087089494,0.058734469,0.152317069,0.915249643,15.28348189,0.701903664,0.399280012,0.174458209,0.832110611,0.845906763,1.784234749,1.9959409012000002,0.132568182,10.152136338,1.031202922,0.111246831,-0.720710111
1586,B,Company 280,Rating agency 3,7/10/2015,Capital Goods,1.627429679,0.675195952,0.182090197,39.9874145,0.01450293,0.012149278,0.250847519,0.034268528,0.02485075,0.034767958,0.14552069279999996,1.750516544,12.42210188,2.8608971892,1.002058125,-0.182093,0.685946902,0.001039287,4.0714117628,3.8921995938,0.012099808,5.570739206600001,0.001482707,0.046538428,5.479074239
1587,B,Company 427,Rating agency 3,7/13/2015,Consumer Services,1.628071417,0.87739227,0.087807506,54.52267348,-0.006399041,-0.005208801,0.250808436,0.025584944,-0.007971489,-0.008740164,0.10292500200000002,1.237239785,4.868009324,1.7245820848000002,0.942067178,0.1956991908,0.750307149,1.284260708,1.187221537,2.7186719514,-0.005233606,16.2782244,1.705756752,0.049995993,7.312209765
1588,BB,Company 406,Rating agency 3,7/15/2015,Capital Goods,2.49309042,1.579249142,0.852739303,27.42738465,0.050980256,0.081092344,0.15024152,0.088680938,0.108818314,0.220547058,0.237412595,2.127468459,14.48871715,1.161071634,0.53500266,0.362525002,0.847815278,0.5945478694,3.9951247504,2.164631501,0.080832133,0.614002757,0.7443659525999999,0.065083234,3.1755552374
1589,BBB,Company 170,Rating agency 4,7/15/2015,Transportation,0.607113905,0.387994282,0.140859393,0.0,0.105372948,0.172064247,0.998602951,0.188990358,0.078918271,0.171219795,0.20933243,0.73463534,0.961279313,1.702053328,0.629452285,0.382303842,0.47887441,2.437054688,2.5929154694000003,2.685568466,0.170649257,5.238453241,5.102113331,0.250062008,6.572350491
1591,B,Company 271,Rating agency 4,7/16/2015,Energy,1.004686991,1.227692525,0.035954025,35.76900898,0.187923495,0.191070565,0.990837723,0.069200667,0.07700205,0.081917735,0.109762673,0.413399984,0.570992959,0.428559771,0.29828772,0.009455815,0.0920175302,-1.988160073,6.466141138,1.424861217,0.188673961,17.05840471,2.791350724,0.12952124,0.0
1592,A,Company 42,Rating agency 4,7/20/2015,Health Care,0.738991927,0.45523939,0.256468896,15.09473371,0.037223076,0.06537968,0.888321975,0.069988315,0.052186615,0.14927954,0.173264938,1.407968108,0.11964419560000002,2.281735851,0.696250896,0.422891392,0.842116206,8.627157613,4.6782336472,3.294186392,0.065295437,10.26142167,10.22296553,0.062608392,1.358409283
1593,BB,Company 246,Rating agency 3,7/20/2015,Consumer Services,3.563756616,1.426799758,0.6769856732000001,95.45863942,0.099846808,0.16603679,0.963346485,0.21828037,0.048595793,0.085455489,0.152611424,0.481387817,4.38791989,2.178363559,0.679582938,0.387267479,0.782840564,0.558008103,5.434202827200001,3.145419192,0.165810973,12.83593,0.70627341,0.242715441,0.246387975
1595,A,Company 365,Rating agency 1,7/21/2015,Miscellaneous,3.463005222,1.1759689526000001,0.813968211,26.2856976,0.201631617,0.278801194,0.789604431,0.258111143,0.096170856,0.155960323,0.260874828,0.47962367,5.486945343,1.706321428,0.624148698,0.192037499,0.829432613,2.770855011,5.026055396,2.723550901,0.279481469,11.50343751,3.357691882,0.474003712,5.120721581
1596,A,Company 466,Rating agency 1,7/21/2015,Capital Goods,1.134617633,0.558284964,0.046813253,44.68070985,0.054189128,0.080863348,0.274285215,0.088880297,0.111620154,0.1539578754,0.2447757018,2.050105632,10.14476904,1.6132423436,0.940669593,0.34079771,0.782248386,5.864644692,3.0076148002,2.2677630443999997,0.081255384,15.94798231,7.410098643,0.095346005,7.905395806
1597,BB,Company 439,Rating agency 3,7/21/2015,Health Care,1.966055018,1.318700742,0.335520854,89.91051618,0.023887672,0.032595078,0.442623621,0.041824469,0.010638105,0.016902889,0.041316348,0.448763857,5.232814005,2.897617986,0.735797545,0.282109544,0.430779889,1.608950911,4.6302658854,3.898958152,0.032945281,9.2696593982,3.76728499,0.107451492,8.165624099
1598,BB,Company 456,Rating agency 4,7/21/2015,Basic Industries,2.498891612,1.807574468,0.715530369,70.12574514,0.060282587,0.073835393,0.264524726,0.112409751,0.036299444,0.049783316,0.117994737,0.609223122,1.63514085,2.282930671,0.687566822,0.170469632,0.682603827,5.355430194,6.634988852,3.271966268,0.073832764,7.983323085,7.78278757,0.151055926,8.641898385
1600,BB,Company 267,Rating agency 1,7/22/2015,Energy,3.244387069,1.3263098118,0.2523740672,40.36264393,0.0525246618,0.0787672162,-0.338313717,0.087800463,0.0657118632,0.120412085,0.17452365660000002,0.285975021,0.437323126,0.89139126,0.468398638,0.210957049,0.2643884646,-1.991519132,4.967135048,1.867060073,0.0788455652,4.1889584274,1.050537739,0.158618379,14.16097708
1601,A,Company 2,Rating agency 1,7/23/2015,Energy,1.888620272,1.547488114,0.197445332,90.19630342,0.058932255,0.081265296,0.201178042,0.08066354,0.030522203,0.053965513,0.05836492,0.519740937,2.66822056,0.912929237,0.473143754,0.260422761,0.723177824,5.061736144,10.30782049,1.914956241,0.081883472,15.21203037,7.00279552,0.24835389,3.649790908
1603,A,Company 129,Rating agency 1,7/23/2015,Technology,1.766279457,1.082999387,0.266849264,58.99104656,0.125214238,0.115588765,0.3697022,0.13161384,0.101546975,0.109928894,0.24001748,0.81352765,8.179578495,1.368167776,0.572684475,0.255190531,0.84018035,5.015232883,2.320266316,2.379553968,0.114193903,7.886584259,5.968609747,0.135925194,6.760107492
1604,A,Company 101,Rating agency 1,7/23/2015,Consumer Non-Durables,0.903957589,2.244162266,0.129615037,22.91911257,0.081936474,0.113342421,0.677632419,0.138576801,0.117150775,0.261902772,0.1586944118,1.425594312,9.0438808,2.3970374262000003,0.899366128,0.28268307,0.734588873,3.28220628,5.7894220886,3.3030501248,0.114592071,8.439360213,4.483432185,0.098727048,5.845774325
1605,A,Company 104,Rating agency 1,7/27/2015,Technology,1.881896917,0.864276947,0.08522785,66.47601393,-0.011933018,0.01146982,0.337596447,0.02737905,-0.006381285,0.007103321,0.1310032742,0.539575659,6.786564305,1.970595915,0.658793593,0.1963764186,0.814982889,3.381009132,0.693622485,2.94013381,0.011602405,9.004973748400001,4.132553839,0.114846428,7.411224791
1606,A,Company 29,Rating agency 1,7/27/2015,Public Utilities,0.596799213,0.401072217,0.002676544,34.47702418,0.094172907,0.094763265,0.273731702,0.130658765,0.052004628,0.061227586,0.123211298,0.552091048,0.843191053,1.40290593,0.584957296,-0.000975464,0.042673589,0.088029944,4.8969129634,2.38835375,0.09471034,13.67881085,2.047266773,0.147449224,2.6624960864000005
1607,BBB,Company 18,Rating agency 1,7/27/2015,Capital Goods,1.159168162,0.078157454,0.077801143,0.0,0.078819642,0.108318285,0.112372824,0.117267406,0.072959099,0.144093031,0.1661322236,0.937551116,8.43586619,2.6982115356,0.944399073,0.282292678,0.811902122,3.2370563456,7.592825179600001,3.7089668818,0.108030477,12.236939,3.748970465,0.111468537,10.4071509838
1608,A,Company 295,Rating agency 4,7/28/2015,Consumer Services,1.237398562,0.653417693,0.095941098,36.02739024,0.093297334,0.137733526,0.486242639,0.135813549,0.04422531620000001,0.086284508,0.21140678999999998,1.940186086,10.84416486,1.9479747628,0.842580262,0.317976696,0.84272412,3.6850026557999995,3.3237711413999995,2.9730815163999997,0.136958303,14.58089009,5.263476829,0.127333277,4.943452581
1609,BB,Company 242,Rating agency 3,7/29/2015,Finance,1.848979902,1.4709910388,0.7921390176,58.087842314,0.05888648620000001,0.0454597168,0.35116325680000005,0.0330823044,0.009291291,0.014690333,0.062641104,0.004945303,1.357947996,1.9036831645999999,0.848831138,0.472395688,0.998266028,1.736968348,5.0571175218,2.8992898754,0.045569784,19.75194768,1.712209322,0.2380717562,4.906353815
1610,BB,Company 175,Rating agency 1,7/30/2015,Health Care,1.436669052,0.650751475,0.130632575,61.67344903,-0.031921474,-0.087264498,0.706054574,-0.043953805,-0.013180845,-0.041746245,0.1686247976,0.409819018,5.032310637,1.883485982,0.647422096,0.638402114,0.586386013,0.261657797,3.9360939614,2.881326526,-0.086140317,11.5640670462,0.449304283,0.080761463,10.36701856
1611,BBB,Company 263,Rating agency 1,7/30/2015,Capital Goods,1.373214839,0.717644913,0.10851124,55.18494808,0.115858985,0.11381756,0.551082202,0.138650183,0.047927162,0.052511343,0.091695758,0.415626257,6.974025186,0.911564525,0.476920513,-0.022466654,0.849815112,5.982767189,3.562171419,1.919606959,0.113567469,16.02068167,7.070858206,0.167023237,9.172812407
1612,BBB,Company 67,Rating agency 1,7/30/2015,Public Utilities,0.50672309,0.391333873,0.020961363,46.56102628,0.124391421,0.149763247,0.694291601,0.21725963,0.028558658,0.038180682,0.093958805,0.231617674,0.297212598,2.282702392,0.700660848,0.165543061,0.166775673,1.196158495,2.1365361998,3.288428155,0.149529279,10.70177216,7.159510042,0.280490479,5.04951968
1613,B,Company 142,Rating agency 1,7/31/2015,Basic Industries,1.900344544,0.26925306,0.255158253,0.0,0.041739934,-0.017087427,1.002885594,0.061181496,0.016061509,-0.007261461,0.106263964,0.385054995,0.609387947,1.678909076,0.850605043,0.24320766320000003,-0.514941946,-0.960903837,3.8196846698,3.0231832732,-0.017052349,13.29987906,1.871626475,0.149992008,0.0
1615,BBB,Company 152,Rating agency 3,7/31/2015,Health Care,1.865820706,0.704076521,0.152186995,21.91348218,0.010623235,0.017695881,0.124907041,0.020319672,0.037380234,0.101444123,0.103370051,0.9337012550000001,6.285554575200001,1.814215375,0.64241998,0.404924825,0.930863602,4.025080317,3.9297757796,2.81201872,0.017819605,10.79045106,4.372111439,0.027460527,12.01882423
1616,BBB,Company 524,Rating agency 3,7/31/2015,Miscellaneous,0.767251233,0.471382725,0.207406766,22.01796031,0.055348773,0.088696037,0.347499259,0.115970236,0.050863763,0.119717974,0.182722901,0.908888504,3.215567198,2.591208237,0.719073625,0.368458873,0.447604668,2.554646493,1.287605796,3.557175857,0.104077938,8.67556219,5.661028036,0.213218253,6.150365793000001
1617,AA,Company 177,Rating agency 1,8/4/2015,Capital Goods,1.1807367,0.855623557,0.223555493,39.60455368,0.094089131,0.129428945,0.490809341,0.132305645,0.093543766,0.208623059,0.274022913,0.976078417,9.051105208,1.986213186,0.661562202,0.27638979,0.77195508,6.01410204,9.5883925656,2.975104011,0.131162381,9.357281869,7.853086008,0.080017514,8.148014205
1618,A,Company 251,Rating agency 1,8/5/2015,Technology,0.848225411,0.697834623,0.184888449,27.884168272200004,0.072924183,0.117375782,0.996542212,0.1273973,0.049159242,0.226781198,0.0667484894,0.680830511,4.8382858956,1.5205085072,0.894856119,0.328254346,0.907482876,8.034856655,10.66260228,2.8336084865999998,0.116886098,8.995701026,8.923900176,0.143968945,0.0
1620,BBB,Company 45,Rating agency 1,8/5/2015,Health Care,2.038305603,1.578439875,0.381836787,63.83852001,0.096894919,0.042628402,0.416778569,0.045445704,0.046428062,0.028057992,0.10961404,0.47250596,2.292738788,1.379689934,0.573321632,0.082542117,0.442946265,1.348189148,13.47084089,2.391766371,0.042841563,18.44859681,3.014350435,0.164332368,2.173902705
1621,BBB,Company 72,Rating agency 1,8/5/2015,Consumer Durables,1.196684975,0.815922432,0.143435246,54.74838543,0.039219837,0.058081315,0.263378682,0.057058362,0.057387014,0.130690549,0.235555863,1.459007173,7.167682785,3.082672973,0.757946519,0.310338551,0.607235932,2.42169153,5.9542843188,4.102223564,0.057976642,10.04278253,3.964059743,0.058767392,5.883196366
1622,A,Company 79,Rating agency 1,8/6/2015,Basic Industries,0.790178512,0.494119629,0.056818241,51.68931734,0.129682251,0.173901797,0.299413003,0.171314069,0.073050827,0.126914189,0.176402398,0.565123021,1.029018414,1.3915864,0.584340649,0.238636785,0.336536963,3.860932482,1.797147322,2.381979811,0.175238356,12.01953248,11.30902298,0.24644999,4.145216458
1623,BBB,Company 58,Rating agency 1,8/6/2015,Public Utilities,0.589545161,0.518399954,0.005837119,51.60023981,0.061905725,0.072637757,0.640475574,0.172011193,0.016362761,0.023064758,0.074446701,0.264113769,0.382575817,3.553722127,0.786288649,0.412255713,0.065845475,0.29997618,4.0982760934,4.537448644,0.073058455,9.747988573,4.572795872,0.316149498,3.785193413
1624,BBB,Company 383,Rating agency 3,8/6/2015,Basic Industries,0.920193658,0.697556701,0.233093861,22.70255369,0.162423815,0.247001954,0.356173451,0.278818118,0.054774324,0.09259585,0.172139657,0.337607263,0.501705172,2.140636345,0.681023546,0.370609632,-0.1026350028,-5.343165456,3.4184991679999994,3.148362035,0.244993009,7.534109436,5.127817332,0.280029442,3.000119319
1626,B,Company 444,Rating agency 3,8/10/2015,Consumer Non-Durables,2.90621598,1.992176257,1.367751117,28.70269692,-0.024720321,-0.036317265,0.251290851,0.045505418,-0.012514963,-0.019584732,0.14052069939999998,0.503391469,3.509523798,2.084810293,0.675881704,0.313777358,0.763475371,6.07493041,14.83985852,3.1169075,-0.036155175,14.15760267,7.991257545,0.09709839,13.04924814
1628,B,Company 139,Rating agency 1,8/10/2015,Miscellaneous,1.314506509,0.166065829,0.165660185,0.0,0.013330199,0.023959277,0.351109036,0.052226252,0.020741803,0.054201643,0.22079079,1.53346309,7.847419559,2.3457661474,0.899901225,0.484569848,0.684485512,2.178239372,1.904903647,3.380078317,0.023608544,5.62340953,3.177289453,0.05810362,5.483733667
1630,BB,Company 123,Rating agency 4,8/10/2015,Miscellaneous,2.116573149,1.970780235,0.5197415972,70.36953627,0.208713592,0.009439908799999999,0.747272368,0.374182004,0.0711051,0.130954388,0.249207977,0.344251082,10.84886096,2.514332664,0.711578883,0.343101534,0.867726485,2.431360399,7.091027683,3.512978937,0.325753112,17.20387638,2.830849002,0.284811855,5.3115477024
1632,BBB,Company 132,Rating agency 1,8/10/2015,Consumer Services,1.497812057,1.451572751,0.932664252,37.56423623,0.147682536,0.212372265,1.002494653,0.26306719,0.030045995600000003,0.0569696524,0.165427456,1.207973965,9.726795835,2.0322044668,0.7034823672,0.30373633,0.821710505,2.316909409,3.046826205,2.8853613314000004,0.213470564,13.10694717,2.838273691,0.185762785,0.0
1633,BBB,Company 330,Rating agency 1,8/10/2015,Basic Industries,0.931097685,0.568971691,0.019663138,64.47092615,0.073563574,0.097751688,0.463771693,0.114172575,0.054285248,0.09429069,0.146192105,0.725848588,4.172375512,1.711322667,0.632903758,0.227276996,0.614989463,4.109058418,1.160423371,2.724175422,0.097404247,15.903679,6.739845925,0.14855507,6.822363046
1634,A,Company 70,Rating agency 1,8/11/2015,Technology,1.417018909,0.843312487,0.057958323,60.64852165,0.094649769,0.101944807,0.317786529,0.103265439,0.064411416,0.081061838,0.129556776,0.670656393,5.82563866,1.050594624,0.509522774,0.076210622,0.779123267,4.018872349,0.954910208,2.026245197,0.102258342,10.19870648,5.123470237,0.114172118,8.135277189
1636,A,Company 214,Rating agency 1,8/11/2015,Technology,3.380958343,2.529425132,0.49199160320000007,54.69779097,0.2013477,0.209479395,0.51565552,0.237476889,0.130667368,0.171977072,0.290197501,0.648793366,4.651849792,1.230989965,0.550408832,0.052449048,0.792903913,6.712840819,6.903422519200001,2.248892191,0.239983484,13.94501704,8.366883906,0.342666674,5.283353477
1637,AA,Company 95,Rating agency 1,8/11/2015,Consumer Non-Durables,1.243612824,0.694444312,0.273371372,32.59746617,0.087152336,0.172471023,0.583050498,0.173356874,0.115267823,-0.0294016226,0.0790042856,1.328512584,4.204951021,3.299200538,1.021389035,0.443434707,0.765150603,2.477858537,2.4773257762,4.321619892599999,0.170747796,20.3548601,3.281970615,0.184035162,6.00156958
1638,BB,Company 238,Rating agency 1,8/11/2015,Energy,2.217395392,1.805885299,0.381211575,41.56499947,0.036269291,0.054018205,0.99859333,0.211258661,0.005183712,0.008023229,0.009557245,0.143080352,0.163491095,0.81509041,0.45412376,0.324738696,0.991017663,7.514446774,7.366078802,1.834062213,0.053665939,9.208752638,7.450044857,0.10534246380000001,0.0
1639,BBB,Company 217,Rating agency 3,8/11/2015,Energy,0.865766244,1.132991642,0.007903473,27.91243327,0.038993956,0.043124238,0.148028481,0.054123512,0.040240075,0.05342984,0.115436694,1.029494355,1.726896654,1.839842419,0.643257516,0.084321612,-0.547468489,-1.857747286,3.1321778597999996,2.827510994,0.043578302,5.828388701,3.416429937,0.057916416,9.597532765
1640,A,Company 99,Rating agency 1,8/12/2015,Consumer Durables,1.441788571,0.299088246,0.288930729,0.0,0.058155434,0.079714654,0.287369485,0.086586019,0.049773171,0.111411654,0.140622604,0.854354897,6.761348558,1.807142872,0.633054639,0.0,0.776325978,1.309527761,2.151104475,2.828812321,0.079255794,8.712674089,1.698709069,0.106616016,5.79710409
1641,B,Company 336,Rating agency 3,8/12/2015,Basic Industries,3.537716623,1.961259771,0.45668757,58.87745767,-0.012366226199999998,-0.022820343,0.141355239,-0.000810503,-0.002628967600000002,-0.029856384,0.1109748344,1.093127067,3.126829671,1.675373181,0.622696667,0.3183497728,0.096540215,0.042784572,1.515626366,2.695203985,-0.022745368,19.36737423,0.450919825,0.038905027,6.667616121
1642,BBB,Company 223,Rating agency 3,8/12/2015,Capital Goods,1.334124003,0.758133178,0.19528984,41.16537055,0.035916698,0.037465499,0.207819838,0.048108023,0.041316467,0.064372075,0.09445319,1.152308754,5.552866525,1.2812325,0.567917042,0.260640562,0.599672956,3.597848845,8.769681235399998,2.284579448,0.037286611,7.812789141,5.98255788,0.069616678,9.353251557
1644,BBB,Company 308,Rating agency 1,8/13/2015,Capital Goods,2.282117473,1.475869998,0.729959496,40.26686142,0.02606834,0.048253713,0.141086996,0.048480328,0.036799475,0.090438445,0.219793614,1.402354605,5.172020587,4.912282263,0.831694659,0.280945686,0.356048136,0.910883157,6.553227690599999,5.950277029,0.048533426,5.701652022,2.532764297,0.067053919,7.311773927
1646,BB,Company 40,Rating agency 1,8/14/2015,Energy,1.675678277,1.488123432,1.037950372,47.4076519,0.10546298000000001,0.1290765832,0.697219662,0.19528740860000005,0.052572524600000003,0.072883237,0.19229095259999998,0.193578362,0.250739752,0.764134615,0.434445608,0.305399934,0.992857848,7.041818106,3.1740372110000004,1.780128515,0.073508743,1.4285427198,6.950270348,0.300585883,4.471836056
1647,BB,Company 14,Rating agency 1,8/14/2015,Public Utilities,0.541504556,0.306366961,0.023386845,34.63439111,0.038802026,0.058957279,0.99248796,0.153570536,0.010970687,0.019089323,0.046404601,0.287059927,0.405627772,3.190482092,0.769158036,0.353264067,0.214686673,1.777160159,0.684473214,2.9351347515999997,0.059589503,8.190035397,8.142839055,0.227987623,0.81382223
1648,A,Company 324,Rating agency 4,8/18/2015,Consumer Non-Durables,0.839731229,0.422447614,0.15626663,29.8522308,0.069854542,0.12251946,0.461248374,0.139872399,0.096374857,0.289940285,0.18733073360000002,1.37804938,3.279755928,4.343379884,0.820753532,0.430262712,0.726566967,2.4769438518,2.3720853428,5.394341138,0.122860055,5.510962119,4.3716817602,0.165615375,8.3764367
1649,AAA,Company 59,Rating agency 3,8/18/2015,Technology,2.494753769,2.302945893,0.111450944,70.35159649,0.131321854,0.07939943,0.644073011,0.19252566,0.068501819,0.058472913,0.151127618,0.531858216,6.401438877,1.197042586,0.545250601,0.3026210162,0.797579759,2.857392189,11.7822297,2.188640502,0.078534348,17.07697981,3.587201951,0.31215353,4.993782134
1651,BBB,Company 368,Rating agency 3,8/19/2015,Consumer Services,0.191800165,-0.027765869,0.012910443,50.99968193,0.11208925880000001,0.1397080346,0.949379318,0.1601906868,0.045799979,0.043894056,0.094381228,0.100687676,3.541306388,1.035053227,0.504086483,0.002814442,0.355743698,1.699923901,5.592558242,2.035134617,0.142580712,21.31872738,4.747060847,0.35212788559999997,0.255118592
1652,BBB,Company 435,Rating agency 1,8/20/2015,Basic Industries,2.316250468,1.263484166,0.193812694,75.61272639,0.051673059,-0.000844372,0.421972748,0.05195121,0.051443362,-0.001022195,0.186713106,0.98374129,7.806057488,2.650967176,0.724861609,0.0743762998,0.736367706,1.874696462,1.344659505,3.621889036,-0.000855361,22.98333345,2.567815079,0.072182986,5.202242898
1653,AA,Company 285,Rating agency 1,8/24/2015,Consumer Services,1.198756025,0.888626734,0.363127863,65.86546719,0.055576624,0.072181762,0.589793619,0.088991041,0.044983446,0.103566738,0.135529556,0.803519023,8.401693723,2.062384546,0.677484751,0.140063934,0.549423557,0.700779109,3.949177514,3.072404148,0.088700824,14.35890615,1.277887429,0.055182886,5.216355149
1654,AA,Company 131,Rating agency 1,8/24/2015,Transportation,1.300208549,1.287339248,0.4326782,22.75951522,0.21703806,0.12924603640000001,0.9967167,0.366244853,0.087312048,0.150030907,0.229821071,0.40039082,0.442936512,1.630295832,0.620553357,0.380023056,0.367880861,3.125615673,3.217115037,2.637223319,0.12968560680000002,7.500824379,8.455470758,0.336923519,0.0
1655,BB,Company 117,Rating agency 1,8/24/2015,Technology,1.28436121,1.190136322,0.234488296,40.575609912000004,0.038832309,0.056425501,0.401004934,0.079931399,0.017427762,0.031725312,0.049638665,0.445598662,9.53238834,1.788623047,0.624010066,0.302729373,0.970022271,6.193999016,8.0902888264,2.798350599,0.056395074,10.65630781,6.400379591,0.139706534,5.139969346
1656,A,Company 293,Rating agency 1,8/25/2015,Consumer Durables,1.409004478,0.885633389,0.198815085,46.16531342,0.050171528,0.065988732,0.186641902,0.076564953,0.062159481,0.106392268,0.164355812,1.226014527,4.48463899,1.669269174,0.629199305,0.267180122,0.577782659,2.579983348,1.787602974,2.67182024,0.065925385,8.403603033,4.423484611,0.091660829,7.960955829
1658,BB,Company 530,Rating agency 1,8/25/2015,Energy,2.37012321,1.079047482,0.356115373,41.31414476,0.023988468,0.029985353,0.190786092,0.034930834,0.031619765,0.050979227,0.079532243,1.286897904,6.028673791,1.535109519,0.600381135,0.196327902,0.512127055,1.727018622,5.012839588,2.530680224,0.030055115,7.660800287,3.348701963,0.077794445,8.205649887
1659,BB,Company 476,Rating agency 3,8/25/2015,Consumer Non-Durables,2.841210467,1.832797762,0.617749357,75.39049765,0.072562382,0.09948553,0.256679479,0.105650965,0.084468168,0.144718016,0.173248065,1.157247257,7.024385561,1.084835758,0.519820107,0.271581749,0.668604839,2.873436678,6.5688203434000005,2.081223967,0.09989759,10.05961258,4.259356498,0.077846372,8.609398958
1660,A,Company 153,Rating agency 1,8/27/2015,Public Utilities,0.758148196,0.529830666,0.099360518,28.73823779,0.124453217,0.167245783,0.606269388,0.219995142,0.028538501,0.041464548,0.080886603,0.226918479,0.297172164,1.879965074,0.648897604,0.265799864,0.367209976,1.605157725,3.041996892,2.892442968,0.168028256,10.07676838,4.378951365,0.393060497,3.312789457
1661,BBB,Company 377,Rating agency 3,8/27/2015,Consumer Durables,1.002600963,0.492680964,0.025299151,56.6920384,0.076245058,0.093587102,0.296662946,0.103498528,0.061795486,0.112819794,0.125685246,0.817724522,2.543803454,1.05319481,0.515680675,0.176128778,0.451754222,5.600250973,4.829119859,2.050478519,0.093703053,12.84264013,12.32744178,0.113039782,4.489156677
1663,B,Company 15,Rating agency 1,8/28/2015,Consumer Non-Durables,2.684665582,2.080838883,1.103325721,5.308005398,0.035922659,0.065168249,0.327787368,0.120520955,0.045260376,0.098212876,0.08457505800000001,1.269844113,9.1563516592,1.1215483508,0.5171164208,0.383793418,0.919280368,1.125015428,4.3733279376,2.7521150270000003,0.065259372,13.40663339,1.219281596,0.087506705,-0.07510155240000001
1665,BBB,Company 356,Rating agency 3,8/28/2015,Capital Goods,3.360978973,0.959388503,0.960211233,0.0,0.015194977,0.035183056,0.236164271,0.050368085,0.016853109,0.046158962,0.044026545,1.09394745,4.905893864,1.60568632,0.617692816,0.508818603,0.839899975,9.679103814,9.726085237,2.619064404,0.03530521,12.37308543,11.70452511,0.104187412,11.19944628
1667,BBB,Company 363,Rating agency 1,8/28/2015,Energy,1.679922402,0.659813448,0.076684849,9.661317026,0.055593068,0.090428779,0.224507151,0.093338323,0.088769678,0.159669191,0.140970122,1.580909643,3.239591051,0.595006,0.373095793,0.337188809,0.40975353,2.124975248,1.112366815,1.589235301,0.090585468,4.756000771,5.149146622,0.0744932,14.42574616
1669,A,Company 32,Rating agency 1,8/31/2015,Energy,1.63800435,1.004484643,0.410472749,16.31995887,0.04313377,0.061641487,1.007837858,0.060814274,0.087334762,0.148291592,0.181644649,2.030859213,5.002290568,1.093944702,0.522589224,0.289850825,1.006712681,5.1421027042,5.817994006,2.088674509,0.061252569,6.853132487,10.51610443,0.057810721,0.0
1670,BBB,Company 184,Rating agency 4,8/31/2015,Capital Goods,2.373040759,1.184847019,0.258928621,58.03808312,-0.024487083,-0.065619673,0.277179152,-0.052400246,-0.025432341,-0.083707955,0.19344128079999998,1.030065912,3.72456193,1.096418825,0.528663245,0.645957912,0.724907609,3.200202613,5.475561954400001,2.101841837,-0.066568368,8.7342872342,4.423299554,0.129333552,12.92847198
1672,BBB,Company 313,Rating agency 3,8/31/2015,Consumer Non-Durables,3.087684686,1.775016607,0.658170906,41.01417816,0.048007745,0.066063096,0.395684697,0.082861407,0.052982708,0.083970814,0.142739559,1.094081862,7.671275093,1.690859344,0.628992622,0.263524626,0.913677603,2.900944127,2.7714279077999997,2.697904132,0.065880676,12.26004554,3.227008047,0.112843841,11.300474
1674,AA,Company 347,Rating agency 1,9/1/2015,Public Utilities,1.078692604,0.203617672,0.03539974,15.04912862,0.131968466,0.215778635,0.995586933,0.256271014,0.045101188,0.079536453,0.12861942,0.340140006,0.428495588,1.88002436,0.655685592,0.386307025,0.082501356,0.207779586,5.9516005008,2.921160745,0.212213694,12.52028698,2.549950269,0.208350153,0.0
1676,BBB,Company 120,Rating agency 1,9/1/2015,Public Utilities,0.864987413,0.586885648,0.218430023,33.70577912,0.042260564,0.088377532,0.440947967,0.124217724,0.026857796,0.066618621,0.104644988,0.639897029,1.344846224,2.894084713,0.741431852,0.301726824,0.579611721,3.912199065,3.4484228895999998,3.90332579,0.088547329,8.045139464,6.742595221,0.173501548,9.553286439
1678,A,Company 245,Rating agency 1,9/2/2015,Public Utilities,0.610198064,0.304953032,0.004269585,44.82265332,0.12009453,0.140423694,0.992082646,0.178104793,0.031161201,0.041224891,0.10350658,0.259602437,0.343625399,2.345086045,0.699670264,0.152238036,-0.185511609,-1.456169479,0.184931223,3.372806288,0.142757949,6.299982495,7.818226412,0.265353797,0.541350898
1679,BBB,Company 375,Rating agency 1,9/2/2015,Basic Industries,3.581999407,2.65126147,0.7421101084,75.32298414,0.080184783,0.072613935,0.389466926,0.090516532,0.056680414,0.058296009,0.113812935,0.705827507,2.004537312,1.017817532,0.506139506,-0.111830568,1.001848448,1.136930256,5.436614009,2.023448314,0.072206879,11.1645041386,1.12832804,0.135456081,16.10597227
1681,A,Company 321,Rating agency 1,9/3/2015,Capital Goods,1.931325772,0.987110284,0.270053162,79.21873439,0.059041138,0.025189573,0.327484828,0.115679547,0.052442177,0.030919016,0.159313563,0.901147786,5.967532469,2.073299147,0.671000107,0.23569164060000003,0.561773699,1.778042607,2.768267638,3.034906817,0.025101029,9.80580715,3.112805273,0.090763948,6.209245168
1682,A,Company 422,Rating agency 3,9/3/2015,Health Care,1.263229162,0.267977143,0.268891237,0.0,0.011789808,0.018998414,0.055609582,0.021247969,0.040264101,0.15217376,0.192512221,0.6271442212,6.490121071200001,3.790445566,0.798210704,0.387632315,0.873779861,6.756248101,5.5823612670000005,4.802419296,0.019332046,11.03443386,7.578725076,0.024925213,6.713899546
1683,B,Company 379,Rating agency 3,9/3/2015,Technology,1.500915406,0.964924621,0.215004825,67.63051583,-0.043353474,-0.048828927,0.448707021,0.010066665,-0.031349512,-0.043359007,0.1542039308,0.718096904,12.19727129,4.645706289,0.821721398,0.121011339,-0.109404052,-0.236370793,3.792384214,3.061341628,-0.048965887,15.88418206,2.150390714,0.029924041,6.931292728
1684,BB,Company 385,Rating agency 3,9/4/2015,Basic Industries,2.4046541477999996,1.5852429359999998,0.4389899,55.56938895,0.117045167,0.1527079314,0.073278851,0.1325850176,-0.055226576,-0.076891506,0.0766833916,0.194521661,0.256666153,0.753146906,0.428302533,0.347229836,-0.481605787,-0.253357239,3.7230890776,1.763297915,0.1253275452,9.740542866199998,0.51576786,0.37136351,4.649214891
1685,BB,Company 454,Rating agency 1,9/4/2015,Technology,1.168078554,0.974001171,0.373388501,70.82491206,-0.036730198,-0.019331916,0.180156674,-0.018155611,-0.051459037,-0.050238596,0.078454586,1.399113037,19.61469822,1.8693271677999999,0.6429989173999999,0.3403011122,0.42363982940000006,-2.232909751,6.4776332514,2.6716902642000004,-0.019649714,2.945093108,0.023945366,0.000395577,11.32219799
1686,BBB,Company 24,Rating agency 1,9/9/2015,Consumer Services,2.1102160895999997,1.7068696537999997,0.912866884,69.57711208,0.050510452,0.069803403,0.182056363,0.073554717,0.051707443,0.082360732,0.084613322,1.034518434,7.368595766,0.612089993,0.381462072,0.238229633,0.737769028,7.236575409,10.201887342,1.625848558,0.069712226,6.142386274,9.895266715,0.100321251,13.18522072
1687,A,Company 78,Rating agency 1,9/10/2015,Public Utilities,1.31235646,2.301897324,0.438785399,41.67975782,-0.01866528,-0.085397085,1.001235078,-0.031951253,-0.003933648,-0.01926671,0.1129693558,0.210923116,2.567528062,3.813561049,0.78545596,0.3306130232,0.241514335,4.44167479,4.277538594000001,4.835895563,-0.084432887,13.43538066,5.6690739878,0.350981671,2.506046803
1688,B,Company 283,Rating agency 1,9/10/2015,Public Utilities,0.771369749,0.844652895,0.028549062,48.86994003,0.0646375218,0.0810811312,0.837935837,0.109335072,0.011423881,0.020008118,0.028136394800000002,0.801672761,1.200291866,1.6703484516000002,0.6050924206,0.352503602,0.7303683249999999,-0.823693408,2.4789059356,2.6757278284000003,0.08092433160000001,15.17919433,0.528008368,0.094071343,1.548779249
1690,BB,Company 100,Rating agency 1,9/10/2015,Public Utilities,0.481807088,0.365057783,0.061926255,50.72858179,0.124368554,0.167878903,0.401350378,0.21577552,0.05619024,0.118501427,0.158247346,0.44566638,0.993183422,1.806364779,0.632664869,0.256936629,0.420264381,3.144253056,2.3137434507999997,2.832409677,0.210795399,7.060555266,7.530841683,0.294056288,3.010626685
1691,BBB,Company 198,Rating agency 4,9/10/2015,Health Care,2.601852315,1.794107813,0.509202334,41.68604758,0.030951255,0.06714711679999999,0.877248261,0.17992049959999998,0.0205761152,0.278846163,0.377351915,0.548109142,4.955220351,1.083414523,0.524372732,0.244165441,0.827933354,3.8820704846,5.641544639200001,2.098674934,0.0663869946,12.39984762,5.4924663402,0.341808792,4.681302144
1692,CCC,Company 378,Rating agency 1,9/10/2015,Health Care,0.597686202,0.712551944,0.104828132,10.61810145,-0.092398277,-0.111049016,1.006010623,-0.033221721,-0.045616203,-0.059375882,0.0593058278,0.492351381,0.612413101,3.059726273,0.759357071,0.16914955,-0.402400608,-0.647144506,4.882817251800001,4.049131972,-0.11076139,11.12424424,1.59131168,0.059373647,0.0
1693,CCC,Company 340,Rating agency 1,9/10/2015,Health Care,2.436346746,1.301895973,0.896293588,68.16628739,0.13986329680000004,0.1009093032,0.824397888,-0.123503695,-0.045706988,-0.04688195,0.055699276799999996,0.240296625,1.25269563,0.548885955,0.358527346,-0.109306224,0.673328203,-2.82914773,6.6243833302,1.54714943,0.100915464,2.704090418,-1.389374921,0.100765234,0.383743547
1694,A,Company 438,Rating agency 3,9/11/2015,Miscellaneous,1.344562352,0.955779633,0.513029228,42.9236755,0.092878411,0.135057172,0.298375162,0.135039698,0.1131698454,0.12066582380000002,0.1390607182,1.784705759,4.319032108,1.970743247,0.668336023,0.256019425,0.910239421,5.898026085,6.0025031332,2.976002196,0.13521926,11.21970453,6.51204622,0.123153332,20.19316
1695,BBB,Company 318,Rating agency 1,9/11/2015,Consumer Services,0.593187708,0.1517182162,0.260364079,0.0,0.077744795,0.123343561,0.224607726,0.184354878,0.01983329,0.033298578,0.197697295,0.253544118,1.625772266,0.6459945242,0.896358866,0.361011855,0.686471395,1.60500256,2.9322067634,1.3837952906,0.123945954,10.00736237,2.339978092,0.156617677,5.526534208
1696,C,Company 349,Rating agency 1,9/11/2015,Consumer Services,0.877445225,0.70194716,0.669124004,0.0,0.08750441719999999,0.08560293120000001,0.914369219,0.123323127,0.032089389600000004,0.0153297304,0.069811161,0.378514141,0.612051755,1.1839466,0.92591549,-0.009123727,0.8359365545999999,-1.584157346,9.780040353,2.4198289324,0.0852127716,6.577476111,0.830186316,0.025964832,2.22794074
1698,A,Company 13,Rating agency 1,9/14/2015,Public Utilities,0.812066497,0.543668533,0.018561259,62.86078121,0.106857774,0.181699408,0.620313543,0.212279375,0.021870412,0.039963103,0.057064848,0.200628615,0.31094476,1.598413677,0.61851606,0.407552999,0.020999629,0.100072975,1.594637911,2.595424643,0.180625566,13.20432315,4.736999175,0.217184174,2.754467168
1699,B,Company 546,Rating agency 4,9/14/2015,Capital Goods,1.957694518,0.9788266,0.263739798,36.41956358,0.024813745,0.035918395,0.227984437,0.038287117,0.028309439,0.048151981,0.040465755,1.134158627,4.558648513,0.442930542,0.306779723,0.326798747,0.551552327,1.097100677,3.1916856516,1.446381373,0.035652355,11.11303226,1.978124793,0.10322739,10.35244732
1700,BB,Company 159,Rating agency 4,9/14/2015,Consumer Services,1.171006375,0.818537601,0.093081942,47.0662782,0.194857317,0.210836212,0.993187754,0.281704485,0.077194323,0.089867597,0.254945086,0.397552831,1.228185792,2.327991591,0.69588537,0.076776069,1.002290254,5.005481518,0.232573454,3.294255538,0.208697437,12.66974622,4.943161407,0.349644369,0.0
1701,BBB,Company 241,Rating agency 1,9/14/2015,Consumer Services,0.008652866,0.008584574,0.008612535,0.0,0.10906020860000001,0.201487068,0.024676113,0.369654119,0.037627199,0.030608254,0.083662742,0.118478691,0.152652249,1.202953596,0.550531433,0.001650494,1.007141038,3.73267619,2.3650404074,2.229734457,0.202089973,21.64292791,3.701667856,0.17573641140000001,14.44142532
1703,BBB,Company 384,Rating agency 2,9/14/2015,Transportation,0.514137441,0.194702568,0.113557144,0.0,0.112018389,0.176800408,1.008047744,0.193590667,0.085931542,0.200069826,0.418348174,0.772308863,1.74985401,3.883408952,0.798183724,0.365968017,0.632130966,6.305256292,4.363355955600001,4.927494643,0.175308127,4.321430106,9.981366912,0.195637831,2.380802063
1705,A,Company 208,Rating agency 4,9/15/2015,Transportation,0.718944365,0.514224842,0.224186371,25.5207058,0.1553607418,0.1539103818,0.539706585,0.2161847296,0.097172821,0.159661737,0.236219924,0.345302374,0.383408554,1.441341447,0.594695203,0.273207159,0.477583259,3.011162974,2.677756158,2.3310429674,0.1543829558,8.958908388,6.329123296,0.410726851,3.751328434
1706,A,Company 199,Rating agency 4,9/15/2015,Consumer Services,1.195645054,0.639746394,0.419690911,13.7333549,0.144383671,0.202576182,0.598786373,0.186736421,0.0010445523999999997,-0.004964906400000001,0.044357230799999994,1.536384019,4.726351295,1.137116205,0.534278761,0.294984828,0.649873619,1.630468547,1.076214869,2.2439419222000003,0.203270441,20.84862676,2.498697974,0.194723644,11.29753307
1707,BB,Company 354,Rating agency 1,9/15/2015,Basic Industries,1.131762516,0.779562988,0.13266146,55.27235705,0.091067266,0.099014825,0.329022121,0.12202297,0.035160426,0.044484439,0.102628699,0.376952541,1.464426143,1.935580549,0.667857813,0.081748235,0.3652447,1.193512164,3.4020485238,2.974554612,0.098097217,13.42105438,3.244001809,0.099206963,8.022457575
1708,A,Company 111,Rating agency 1,9/16/2015,Transportation,1.184097082,2.079595108,0.497267193,32.89261364,0.148566615,0.232847436,1.008687881,0.275132823,0.045759939,0.076373371,0.127577262,0.307297025,0.364136366,1.794702345,0.649129684,0.365252515,0.169316042,1.645557709,3.5998388282000002,2.792581414,0.233400634,7.603111325,9.503838518,0.273271144,0.862547153
1709,A,Company 183,Rating agency 1,9/16/2015,Capital Goods,1.163777273,0.948266906,0.429065413,44.0383054,0.084842244,0.119518083,0.566365483,0.130145828,0.081154802,0.145971406,0.361844048,0.964825941,7.646887422,3.417662569,0.77690049,0.287597595,0.782863437,8.949416133,10.057857122600002,4.412994508,0.119769256,11.03863909,11.39130519,0.091335843,8.112743787
1710,A,Company 81,Rating agency 1,9/17/2015,Public Utilities,0.543485405,0.206100145,0.032464441,24.49452203,0.088885893,0.094559782,0.990726787,0.172613397,0.020157583,0.02395859,0.076718786,0.229406629,0.328699087,2.73827283,0.730529872,0.451905524,0.063109963,0.878848364,4.760745935399999,3.743249164,0.093247551,8.673271943,13.73206708,0.39085071,3.285023342
1711,B,Company 46,Rating agency 1,9/17/2015,Capital Goods,1.220996065,0.395920663,0.239108565,15.4409779,-0.018140923,-0.010063857,0.145047429,-0.010182238,-0.027674556,-0.035393996,0.035707267,1.527728564,7.614311539,1.7244593278,0.6207750308,0.15079125,0.5243849006,-0.899286911,1.8502564843999998,2.7316932281999997,-0.010228205,9.9089216346,0.56319918,0.004496971,6.723314943
1712,BBB,Company 56,Rating agency 1,9/17/2015,Miscellaneous,1.0232144,0.537196172,0.28325666,46.70431492,0.112952178,0.172038747,0.96802835,0.169082709,0.06650474,0.158012643,0.1020877748,0.586225107,10.93218771,2.1561133758,0.964489431,0.31031366,0.681413649,1.747735248,2.392143466,3.2266223091999997,0.169368303,7.997140908,2.592072009,0.144598661,0.058496735
1714,BBB,Company 110,Rating agency 1,9/18/2015,Consumer Services,1.768563928,1.409675509,0.872183033,13.45502726,0.08488844,0.078539466,0.191454161,0.084192783,0.020029637,0.019240394,0.036036939,0.233489782,11.5402772864,0.796293423,0.448208991,-0.020041364,0.669849593,0.954270887,3.7012123438000004,1.815272934,0.079397585,21.00745256,1.416164242,0.326974588,2.447119163
1715,BBB,Company 274,Rating agency 1,9/18/2015,Basic Industries,3.092496413,2.037959879,0.801451703,42.35843749,0.064264918,0.0964146,0.251477194,0.159157628,0.026664962,0.041087184,0.049875185,0.411266601,1.088149049,0.868993928,0.467849291,0.289408085,0.425586612,1.59744119,2.4711414682,1.862645963,0.095994554,16.32644186,3.801633693,0.146469538,14.47005611
1716,A,Company 171,Rating agency 1,9/21/2015,Consumer Non-Durables,1.605291931,0.227932766,0.066843204,9.434034944,0.02748036,0.03376538,0.059284813,0.033842126,0.045898933,0.085990319,0.102310138,1.680863328,6.853882349,1.239773425,0.559285965,0.192019207,0.548017796,2.174882473,4.3202575606,2.259722909,0.034055193,8.467623551,4.009376858,0.03638438,18.30736979
1717,A,Company 116,Rating agency 1,9/21/2015,Public Utilities,0.516615303,0.251527479,0.075053175,37.76135568,0.162557547,0.243389054,0.998195314,0.303659471,0.032438307,0.056140619,0.149807828,0.197972056,0.283680064,3.638369722,0.789869493,0.321031546,-0.24455049,-1.86172852,1.465391136,4.679715223,0.241156822,12.47144848,7.525803223,0.380795438,0.0
1718,A,Company 328,Rating agency 4,9/21/2015,Technology,2.462367708,1.750244375,1.270008621,66.25590557,0.142239211,0.164397518,0.40527419,0.174677883,0.089396727,0.139776632,0.181266332,0.632226371,10.88872025,1.018434463,0.505049404,0.138420152,0.814935213,0.778217779,3.2177583845999997,2.030021088,0.164949964,10.7163308,0.952865015,0.121386744,3.115167369
1719,AA,Company 7,Rating agency 1,9/22/2015,Public Utilities,0.731701148,0.2849451,0.075833831,0.737317242,0.119495311,0.176174615,1.009456191,0.229637651,0.023246261,0.037744262,0.071124851,0.194674947,0.311515447,2.052922066,0.67261973,0.318252924,-0.01359344,-0.130133639,2.9055624578,3.047737179,0.175033199,10.03704842,9.570249709,0.283008893,3.17478419
1720,BB,Company 149,Rating agency 1,9/22/2015,Energy,2.047735014,0.795171164,0.799174396,0.0,0.043909158999999996,0.0919000668,1.005587782,0.038135714,-0.00014252680000000003,-0.040904730800000004,0.0541290826,0.012061677,0.016053699,1.1868754346,0.870907049,-0.010919409,1.008975765,7.933252225,3.882444754,2.5784267018,0.107554656,21.40385339,7.849451879,0.1499386272,0.0
1721,BBB,Company 191,Rating agency 2,9/22/2015,Public Utilities,0.657322022,0.495726026,0.207802715,44.05497489,0.065684211,0.082343382,0.996623471,0.114703329,0.028935806,0.070088781,0.085665826,0.444431759,1.606148303,1.868356231,0.631354394,0.195336715,0.325443426,1.157867953,4.0551966636,2.942903024,0.122186191,7.170412393,3.574883685,0.235993202,0.0
1722,BBB,Company 174,Rating agency 4,9/22/2015,Consumer Services,1.758844134,0.827320666,0.016158941,49.86620425,0.106410418,0.168826041,1.00306808,0.1776378,0.054931037,0.094638629,0.099458311,0.520479637,0.765288563,0.831179007,0.457887716,0.371633295,0.33701356,3.184360478,0.145654712,1.833252304,0.167024967,6.489284167,9.57937677,0.242352884,10.15696293
1724,BBB,Company 282,Rating agency 3,9/22/2015,Consumer Non-Durables,0.776230487,0.36220739,0.068283814,29.28974821,0.068846857,0.076081831,0.338447263,0.118471044,0.055599992,0.077757698,0.246749137,0.796070269,4.654370135,3.413647708,0.767132668,0.441079471,0.718943648,3.033143221,0.56962457,4.413159108,0.076402247,15.62862263,4.243906492,0.145368613,6.999465978
1725,BB,Company 547,Rating agency 4,9/23/2015,Technology,0.851411886,0.440804879,0.20953262,44.53840308,0.049621466,0.064610251,0.165755278,0.071353303,0.039144904,0.127822182,0.213371019,0.787421809,10.44006974,4.339208856,0.811963897,0.26351190080000003,1.002125858,5.565041269,5.0521293552,5.381471813,0.064984357,9.499396469,5.589787162,0.088768233,5.58874905
1726,BBB,Company 388,Rating agency 3,9/23/2015,Capital Goods,1.747950346,1.545539212,0.653146219,60.36295367,0.010840036,0.011612092,0.176065342,0.012419116,0.011590483,0.018194186,0.025451584,1.063029741,12.07691808,1.22485429,0.551135787,0.182946988,0.790175892,2.498816337,10.9081356,2.210550526,0.011456708,8.7963148064,3.154108481,0.096971009,8.215350293
1727,A,Company 53,Rating agency 1,9/24/2015,Public Utilities,0.71270677,0.212065921,0.020729481,24.09020358,0.090022986,0.13876276,0.994432521,0.182656464,0.025004886,0.044042849,0.093111279,0.28225156,0.355023234,2.658555583,0.726260835,0.355809104,-0.219088393,2.757166419,7.880872262,3.666053118,0.137811556,4.0215395,3.8886932957999996,0.272948542,0.983024928
1728,A,Company 281,Rating agency 1,9/24/2015,Public Utilities,0.545057492,0.29083794,0.024918704,26.01049957,0.075528898,0.124269548,0.401953195,0.153531657,0.034720759,0.064213533,0.09836563,0.455047522,0.729014686,1.863188298,0.646805476,0.381911143,-0.164141064,-1.362746248,5.9488440316,2.846519941,0.123082861,10.22259726,8.267749314,0.203834331,10.20164499
1729,AA,Company 362,Rating agency 1,9/24/2015,Consumer Non-Durables,1.702050602,0.792970622,0.283583726,23.83093572,0.073342562,0.113925197,0.193867766,0.115732416,0.111700813,0.216308776,0.172576324,1.505263778,9.077104774,0.535856702,0.349238326,0.35105431,0.855631106,3.197382558,3.3963977547999997,1.542532202,0.113242737,7.948552809,3.772436413,0.107461639,15.04963875
1730,BBB,Company 102,Rating agency 1,9/24/2015,Consumer Non-Durables,0.770052236,0.397034308,0.102102519,32.15826513,0.043517057,0.024315026,0.347861466,0.070536125,0.041867983,0.032762824,0.22516756,0.953949567,3.893863614,4.392314962,0.814579983,0.519676529,0.680850386,3.387477309,2.3128650082,5.418109249,0.02421964,19.54111321,5.009510421,0.12307103,6.167461668
1731,BBB,Company 402,Rating agency 3,9/24/2015,Capital Goods,2.30767897,1.340984515,0.7070392,50.60370136,0.18127363,0.135773764,0.555788283,0.15079203,0.146744497,0.137892883,0.393603466,0.809538888,5.476383639,1.695773125,0.625406479,0.2501984596,0.759024575,1.69252002,3.3969601089999997,2.710648069,0.137193016,11.13900948,2.226655275,0.132869144,6.018545694
1733,A,Company 92,Rating agency 1,9/25/2015,Consumer Services,1.190609157,0.320849233,0.187150046,0.0,-0.022641075,0.050774007,0.291385963,0.050132931,-0.03983792,0.123296519,0.1509168632,1.749533659,2.824659339,1.952497122,0.664667366,0.332024821,0.59846701,4.183264525,5.853789862,2.945862331,0.050240315,10.25109799,6.960248482,0.060788152,6.612088149
1734,BB,Company 372,Rating agency 3,9/25/2015,Consumer Services,3.532725765,1.39078271,0.8759578528,0.0,0.07264303,0.090874923,0.333634168,0.07230357,0.145546841,0.227266538,0.208953625,1.980961381,11.48491078,0.429715073,0.301761405,0.445542755,0.727545926,3.648639988,6.834587018,1.442997701,0.090932519,11.00810212,4.958550708,0.100311849,15.80798667
1735,B,Company 121,Rating agency 1,9/28/2015,Health Care,1.009207109,0.363693726,0.078091686,112.0858798,0.0018054739999999979,0.021867782999999995,0.361784108,0.22811664,-0.0093343156,-0.089926459,0.0637048512,0.168000136,4.865122389,2.220878258,0.688683551,0.2057338174,0.9457920301999998,-0.32079818,2.8913412182,3.241578198,0.0965782516,11.202104797999999,0.315664925,0.019087478,6.014879029
1736,BBB,Company 342,Rating agency 1,9/28/2015,Consumer Durables,3.099292563,2.027455864,1.170974893,45.78736022,0.071964929,0.113377057,0.209136259,0.120266011,0.087471531,0.165314754,0.217952414,1.218401324,3.743420079,1.500880399,0.594263749,0.351785534,0.391117583,2.074946916,8.947650229,2.480063422,0.111764799,3.594293714,5.26703788,0.100652298,10.86204779
1737,BBB,Company 60,Rating agency 3,9/28/2015,Capital Goods,1.09340707,0.444812816,0.213068172,19.96841082,0.064040033,0.05094239,0.156851327,0.031958568,0.050272348,0.062761934,0.242211382,0.777312897,4.916596897,3.910829536,0.788855916,0.1715673278,0.342292805,2.578188547,14.71354468,4.872973983,0.050546491,3.102238586,7.527061835,0.078171848,5.372699058
1738,A,Company 93,Rating agency 1,9/29/2015,Health Care,3.344028056,2.693556745,0.522826496,92.66618697,0.13282929,0.172720839,0.689473856,0.184809371,0.024867327,0.035448433,0.049964475,0.191310818,4.291281376,0.99723289,0.498525199,0.231813743,0.879023531,3.921514408,17.74318458,2.022041146,0.172505071,22.44957064,4.477183718,0.239924584,3.931707897
1739,B,Company 505,Rating agency 4,9/29/2015,Technology,1.472072952,1.0892666516000002,0.44236521999999995,61.88317509,0.131441252,0.117988221,0.565346907,0.114025843,0.096011852,0.096277802,0.110185862,0.718934052,13.19232608,0.15828035,0.5904601982,-0.131853064,0.745840549,0.255371444,2.149867399,1.159121711,0.117920017,11.11222977,0.341119587,0.11018888,4.974573814
1740,BB,Company 218,Rating agency 3,9/29/2015,Consumer Non-Durables,2.163490827,1.291642882,0.22296042,37.55080936,0.016365951,0.020435829,1.007306648,0.041802995,0.012496697,0.017304205,0.032945691,0.770933338,2.526727114,1.659653635,0.620390684,0.161069498,0.126033502,0.211899565,3.7344695287999996,2.624327644,0.020429264,10.90089902,1.674263781,0.069206902,18.46749958
1741,AA,Company 124,Rating agency 1,9/30/2015,Transportation,1.832940192,0.8347726514000001,0.63165982,0.0,0.022222198,0.034012537,0.990123098,0.03920665,0.028114835,0.052612627,0.070262202,1.276748238,2.288611417,1.461360055,0.589660141,0.355881879,0.190699344,3.635864843,4.2840369424,2.448438279,0.03429805,11.5275015,3.9302055694000004,0.113513817,1.799650637
1742,AA,Company 136,Rating agency 1,9/30/2015,Technology,1.3279176116,1.0641974316,0.3232124672,53.71517222,0.0959757916,0.1337367352,0.922335975,0.365036977,0.089805141,0.1331713,0.203353591,0.341404514,10.27676679,1.280669163,0.558713921,0.226717698,1.004534183,3.267807684,2.448103062,2.270597299,0.1350349576,14.12255792,3.270180314,0.376491696,3.604110756
1743,B,Company 329,Rating agency 1,9/30/2015,Public Utilities,2.819316634,2.20557799,1.196741047,81.41898244,0.004725062,0.009671084,0.442939789,0.041103647,0.004345075,0.011695324,0.018615684,0.910099438,12.74889727,3.340638314,0.769674132,0.508092544,0.760382952,1.703734048,2.6452534876000002,3.4190221778,0.009655732,14.5019994,2.196467942,0.106881347,6.188680226
1744,B,Company 348,Rating agency 3,9/30/2015,Health Care,1.081360916,0.772930219,0.229367388,66.04882346,0.050859411,0.07074683,1.003827748,0.101828558,0.036604568,0.06723623,0.116996721,0.720038168,9.1336486386,2.170277052,0.679204576,0.259605032,0.783038516,1.998640751,5.853637908,3.148326705,0.071388563,13.68569275,2.54471187,0.094269619,0.0
1745,BB,Company 140,Rating agency 3,9/30/2015,Public Utilities,1.37249978,0.86966422,0.046137104,90.78455418,0.009762793,0.055736779,0.556234828,0.065100938,0.001992962,0.039043993,0.006561264,0.20580368,0.317561347,1.950573696,0.60398329,0.25008175239999997,-0.146585792,-0.228877889,1.703711809,3.274512336,0.165686287,7.305876161,1.580618483,0.191618655,2.990569935
1746,BBB,Company 345,Rating agency 2,9/30/2015,Technology,1.184167432,0.880523164,0.153566022,77.95091575,-0.048567966,-0.118707666,0.170690807,-0.099133637,-0.038099388,-0.132452647,0.23698011980000003,0.783439804,7.783624425,2.1568357982,0.844246087,0.058208282,1.463737024,-1.377979631,5.092811323,3.168014332,-0.117650836,11.118924369999998,-0.939594483,-0.022418921,8.019144207
1747,BBB,Company 553,Rating agency 4,9/30/2015,Technology,1.414552424,0.850934524,0.446455705,60.30372253,0.046963272,0.027973783,0.748918809,0.028957784,0.030123908,0.024993571,0.073796897,0.637310187,5.311632491,1.423396588,0.592447252,0.2748978448,0.086280009,0.172099221,5.663585073,2.419655074,0.028011542,4.015610217,1.981800234,0.07026774,2.223441078
1749,A,Company 181,Rating agency 1,10/1/2015,Consumer Non-Durables,2.814243495,1.503452552,0.677381329,40.16600202,0.095540137,0.146287171,0.425703223,0.156026279,0.102596878,0.182467994,0.224979901,1.077005333,5.100127077,1.165730592,0.538701125,0.37173122,0.626973126,3.156180159,4.685797706,2.161132862,0.144269915,12.55236826,5.050781596,0.130275609,7.707039318600001
1750,AA,Company 17,Rating agency 1,10/5/2015,Energy,2.153134187,1.858263433,1.291196549,84.80339678,0.126167308,0.070179593,0.295976802,0.014617293,0.029944844,0.019446785,0.148345602,0.239275719,2.179023643,4.00529871,0.79883474,0.30767010899999997,0.627185015,1.424692941,3.9680729424,4.972459624,0.069790379,11.181172996799999,2.266141818,0.170964828,6.070847054
1751,AA,Company 470,Rating agency 1,10/5/2015,Consumer Services,1.053144402,0.391484832,0.292120016,0.372956312,0.020536344,0.031152936,0.12924302,0.031068285,0.070396091,0.21333093,0.224122029,0.9071029486000001,7.60633695,2.141435357,0.682217668,0.334792922,0.437622738,4.333612889,14.74118744,3.14492525,0.03126334,13.54049001,9.67149794,0.036921027,11.13721565
1752,BBB,Company 173,Rating agency 1,10/6/2015,Public Utilities,0.679661043,0.572582731,0.214103925,32.24197393,0.088560683,0.209676752,1.002783534,0.365544617,0.017391067,0.045075637,0.068983227,0.196519015,0.252627548,2.962727873,0.748356232,0.290773586,-0.364696238,-1.415739535,1.9189745604000001,2.6192901598000002,0.209439258,11.05594986,3.904215294,0.342729993,1.072029274
1754,BBB,Company 369,Rating agency 3,10/8/2015,Energy,2.452452795,1.635649444,0.62671348,72.44044325,0.074688738,0.037516124,0.198409168,0.123229537,0.06724746,0.040790073,0.1477817,0.887734252,2.4334428,1.17462113,0.543879765,0.23933850259999997,0.641073312,3.639589897,8.6433594996,2.168743434,0.037494071,6.048872029,5.651408397,0.181868131,5.4292125842
1755,B,Company 436,Rating agency 3,10/12/2015,Health Care,2.474014922,2.247990467,0.933613908,74.95541004,0.078510878,0.096143026,0.815828567,0.26748627,0.013092843,0.01768616,0.034906066,0.167777587,14.62295873,1.669223252,0.624434268,0.17806526,0.994800678,3.067313644,14.71902128,2.664954667,0.095800667,3.623460146,3.047249462,0.228749522,16.01644736
1756,A,Company 36,Rating agency 1,10/14/2015,Transportation,1.517952689,1.23694812,0.31972617,30.18897062,0.165917395,0.266359794,1.007345434,0.301344282,0.05606961,0.095748833,0.169864539,0.340162992,0.392269292,1.995666989,0.662012306,0.369791497,0.237365599,0.821751352,5.0465429336,2.6594355946,0.266538596,6.712299819,3.397104451,0.283544185,1.241599507
1757,BB,Company 54,Rating agency 1,10/14/2015,Basic Industries,1.06468841,0.441324858,0.233949041,16.44775096,-0.077129586,-0.041370799,0.192196746,-0.00598554,-0.052529673,-0.013622071,0.1660901278,0.682807023,1.193923089,0.521120377,0.299771891,0.0852126792,0.552647022,2.630456985,6.1963683226,1.742833489,-0.017174088,4.923886345,4.77636612,0.077480951,6.569953688
1758,B,Company 535,Rating agency 4,10/15/2015,Basic Industries,1.549190074,1.181327178,0.115844123,23.10711804,0.053302902,0.081666794,0.350895039,0.098296794,0.062913767,0.127823607,0.258879778,1.18231913,6.680997013,3.059526998,0.760416057,0.352915798,-0.46512965,-1.886145419,0.6129956870000001,3.3539425426,0.08158476,14.70711344,4.038239359,0.0823058,9.813402364
1759,BBB,Company 465,Rating agency 1,10/15/2015,Consumer Durables,0.43598463,0.318340665,0.083461738,25.5618885,0.123692672,0.185107478,0.644411843,0.200790724,0.118941756,0.10318211479999999,0.293637021,0.957815048,11.134088595,1.462122333,0.597489861,0.336662944,0.855721023,5.390889988,2.341819686,2.473226487,0.183618528,6.39526309,6.172340945,0.173545744,7.251815783
1760,AA,Company 351,Rating agency 1,10/16/2015,Transportation,1.60997558,1.402983212,0.010364111,38.31884686,0.069292063,0.111824496,0.995952509,0.115778361,0.117402238,0.221436265,0.328319503,1.70179327,2.286033234,1.811236338,0.645582241,0.381615853,0.168916249,0.6011244252,5.633650380400001,2.797930683,0.111752025,1.09580787,1.9448810079999999,0.140745846,6.8366934622
1761,BB,Company 429,Rating agency 3,10/16/2015,Consumer Services,1.279216371,1.181652232,0.112419044,28.139193494,-0.008581137,-0.008378875,0.029615041,0.007231639,-1.09e-05,-1.65e-05,-4.57e-05,0.001271878,0.025670156,3.041536457,0.74434948,0.532677248,0.909388662,4.602905437,0.9884211143999998,4.128376762,-0.008492154,3.9180879056,5.146047532,0.042584019,0.009470825
1762,BB,Company 76,Rating agency 4,10/19/2015,Energy,1.796489464,0.891185337,0.879339768,1.784969016,0.107434448,0.139842703,0.99811778,0.185769811,0.030202345,0.043145317,0.054642406,0.280565346,0.355411146,0.818972306,0.446601365,0.198592242,0.418382656,3.96593797,6.423922253,1.821441911,0.139969656,4.254031174,9.517680828,0.470447641,0.0
1763,BB,Company 260,Rating agency 3,10/19/2015,Consumer Services,2.509692805,2.286073542,0.513220135,28.2480535,0.036795817,0.044440316,0.760172123,0.055262596,0.023082558,0.03239677,0.066735961,0.624810163,10.59834402,1.894901317,0.658871476,0.208137717,0.818098639,2.412580079,12.72681464,2.898875781,0.043835372,17.19737085,2.905311672,0.109078961,8.947533984
1764,BBB,Company 418,Rating agency 3,10/19/2015,Energy,2.064184533,1.933563905,1.274997398,50.150523027999995,0.017365826,0.030920047400000004,0.999713216,0.0190162958,0.126743098,0.131043565,0.08334007880000001,0.003258248,0.010154313,2.914829822,0.73947744,0.001544663,1.005880008,3.357787706,0.759935796,3.930674516,0.030779782600000007,22.88727828,3.34629384,0.2485277032,0.0
1765,BBB,Company 350,Rating agency 3,10/20/2015,Consumer Services,0.547726671,0.380094971,0.236519538,10.47911719,0.09796673,0.137356469,0.28577798,0.146473054,0.160508812,0.0777606142,0.10223630700000001,1.633430482,3.153757588,2.8983736302,0.887030757,0.276049647,0.545158754,2.652650936,4.3438961612,4.3874204192,0.136996071,9.194796499,4.902903396,0.161863656,4.702886105
1766,A,Company 108,Rating agency 1,10/21/2015,Capital Goods,2.811141059,1.056822457,1.051204608,0.0,0.140031808,0.195650393,0.446132067,0.213091894,0.101531034,0.156150574,0.197839602,0.715093351,8.355334333,0.934983504,0.485158477,0.280317808,0.887207912,4.139978666,4.251104669,1.93267839,0.195715876,12.00133837,4.692849704,0.178108643,8.639142813
1767,A,Company 77,Rating agency 1,10/22/2015,Public Utilities,0.632058168,0.518658729,0.127842711,37.4081661,0.136956943,0.214740446,0.824331206,0.251650625,0.072669036,0.133666207,0.1286711392,0.542523691,1.576310383,1.7445983472000002,0.931767224,0.347452273,0.288341975,2.742724333,2.9408141332,3.0618608374000003,0.213653606,6.262338976,9.543160472,0.295366694,1.183907146
1768,B,Company 401,Rating agency 3,10/23/2015,Basic Industries,1.600255498,1.147777966,0.069601476,56.17440084,-0.007176123,-0.010186569,0.111450522,0.026927887,-0.006815059,-0.012427374,0.0791366802,0.958616837,1.991225642,2.574079236,0.725220768,0.286375067,0.48240434960000006,-0.0725481122,1.8598628313999999,3.579295301,-0.01008239,0.525479645,1.5474226822000001,0.03380612,6.433414446
1769,BB,Company 396,Rating agency 1,10/23/2015,Capital Goods,2.158492098,0.321046801,0.321299243,0.0,0.022137362,0.034675494,0.201855863,0.054250805,0.026079125,0.053996316,0.077819961,1.158544998,9.586067663,2.016205491,0.667136577,0.355967197,0.511336553,1.025128583,4.371711907,2.973768257,0.034922512,7.794889523,1.970491019,0.032551948,7.081221266
1771,BB,Company 463,Rating agency 1,10/23/2015,Consumer Durables,1.338755823,0.483829102,0.127216925,27.02181652,0.045767408,0.066945229,0.147702748,0.08468925,0.053603355,0.104264821,0.271709785,1.170951426,3.34451492,3.967850169,0.804027185,0.316142592,0.29440043,1.594702357,1.639587429,4.955216921,0.067015063,6.479642604,5.505158608,0.089399942,6.679035262
1772,BBB,Company 130,Rating agency 1,10/23/2015,Capital Goods,1.315985827,0.746847143,0.24748013,51.77051381,0.044461819,0.061275887,0.279974333,0.069082272,0.026622392,0.054191055,0.14146873,0.602471257,2.938278562,4.293792221,0.804771957,0.261215871,0.799846709,8.878044108,11.0836691698,3.3732796616000003,0.060586952,5.583087151,11.20139559,0.142426653,6.707311155
1773,A,Company 400,Rating agency 1,10/26/2015,Technology,1.462842961,1.454469921,0.211388247,80.61233374,0.021827995,0.034016733,0.170174819,0.035519077,0.056092734,0.162135048,0.15817741,0.6361692769999999,7.7421187112,1.87570141,0.645252677,0.364729915,0.891884759,5.934518977,9.585884743,2.878629003,0.034390137,7.762267185,6.632794008,0.026334629,9.73058522
1774,BBB,Company 126,Rating agency 1,10/26/2015,Basic Industries,3.343433986,1.170629388,0.218382137,50.26824106,0.026609222,0.039733262,0.142590227,0.050025627,0.020334569,0.034613462,0.04394277,0.764565818,1.601034743,1.195361839,0.54430649,0.344166917,0.395285824,2.127469109,3.2857324302000004,2.201433296,0.039785278,10.90486334,5.340479568,0.128067262,11.30690476
1775,A,Company 8,Rating agency 1,10/27/2015,Capital Goods,1.268065729,0.76787991,0.128494646,70.09098002,0.164691803,0.162562778,0.51835684,0.170136696,0.069066771,0.078525945,0.142781479,0.423265044,7.272503498,1.031659887,0.507847549,0.217192121,0.826071503,4.577512991,7.137525735,2.050468831,0.162419075,12.83771148,5.400686962,0.183551796,4.78071498
1777,A,Company 33,Rating agency 1,10/27/2015,Finance,0.932150092,0.741164288,0.154861387,47.91172009,0.160548223,0.23900756,0.660589667,0.261433103,0.095572347,0.164151021,0.185215696,0.590499471,7.298383934,0.949012649,0.491226168,0.318831385,0.807003573,5.030607231,0.788376316,1.942633178,0.239144142,15.19391203,6.222800223,0.280714184,4.8960540018
1778,AA,Company 359,Rating agency 1,10/27/2015,Health Care,1.537040107,0.848342758,0.25166803,50.34106492,0.158178269,0.223970652,0.495087051,0.230198419,0.149188193,0.264483929,0.411464607,0.930232075,3.590114232,1.794293312,0.644573372,0.290923575,0.776166916,7.902604754,3.042925099,2.8267439613999996,0.22402681,12.3266403,10.18518119,0.211269789,9.006288067
1779,BBB,Company 212,Rating agency 1,10/27/2015,Basic Industries,2.1980653296,2.454993713,0.339979995,30.86974327,0.021768329,0.04323304,0.096413194,0.043041062,0.024961764,0.055579698,0.048355357,1.160032913,3.333105214,0.92015406,0.476186009,0.297680604,0.830106057,5.551786206,7.0907082308,1.931237963,0.04340693,10.65665722,6.75860228,0.130535101,9.9884767458
1780,BBB,Company 211,Rating agency 1,10/27/2015,Basic Industries,2.598544804,0.5613496592,0.105733202,36.03487199,0.03304614,0.048728618,0.272309405,0.058568829,0.043580964,0.074380619,0.079610487,1.302647172,5.695204174,0.824544343,0.452145625,0.313122076,0.832955265,6.0175330806,11.530325313000002,1.808892747,0.048922786,7.85001902,13.94325651,0.109673439,6.7001053850000005
1781,BBB,Company 355,Rating agency 1,10/27/2015,Health Care,1.175828089,0.596866361,0.179393544,24.140107,0.040502074,0.051638565,0.257677234,0.044777192,0.06173346,0.102005478,0.137091792,1.495063996,6.840240156,1.22717533,0.549759345,0.199077928,0.775644839,4.230451182,4.2266113192,2.21259906,0.051754589,13.68402719,5.393691322,0.054438463,7.558407263
1783,A,Company 134,Rating agency 1,10/28/2015,Consumer Durables,0.849051179,0.492198696,0.097489736,44.8846977,0.055000015,0.072103847,0.356425771,0.086596288,0.068894792,0.158741951,0.0325019758,1.252751627,2.622868,2.6993727356,1.016987963,0.311357139,0.542120426,3.454669624,2.384974958,3.7293647846000004,0.072239954,22.68695014,6.341326117,0.124294783,4.539003722
1784,A,Company 266,Rating agency 1,10/28/2015,Health Care,1.530849337,0.96388472,0.44393416,63.61272157,0.119695949,0.139876454,0.754162423,0.138444964,0.067610348,0.102739857,0.165833956,0.56645977,2.47705514,1.44828046,0.593166622,0.13671528,0.999621901,2.607693301,7.4389662004,2.444127541,0.140465049,20.7655482,2.620005849,0.137723075,3.787507834
1785,A,Company 389,Rating agency 1,10/28/2015,Health Care,0.882749013,1.003066491,0.086341744,25.3488645,0.072076503,0.116246267,0.296335969,0.119528734,0.129284,0.263255089,0.216509827,1.81687506,13.23024318,0.665128461,0.39597654,0.38496212,0.741453705,7.480558761,3.792594722,1.670267515,0.116785792,11.12127674,10.173448,0.111627849,11.6765159052
1786,AA,Company 82,Rating agency 1,10/28/2015,Public Utilities,1.013283919,0.57571864,0.014604458,45.45101808,0.07087163,0.091797159,1.008748901,0.118682591,0.025161041,0.036590754,0.083218928,0.361445828,0.574201115,2.290509896,0.688266325,0.242099919,0.189766936,2.040658067,0.918222944,3.306068594,0.092065439,11.16575016,10.72876184,0.186563844,6.82255867
1787,AA,Company 341,Rating agency 1,10/28/2015,Technology,2.757154334,1.703892838,0.3890916,32.64608387,0.228276514,0.1258719862,0.579063485,0.3301703,0.071082192,0.1154657478,0.301824459,0.801736624,4.963790158,0.632552663,0.385414681,0.290305461,0.868511374,3.625960133,3.093991032,1.624924828,0.323852393,10.71243363,4.183897157,0.329199457,13.96170012
1789,BB,Company 28,Rating agency 1,10/28/2015,Consumer Services,1.484010846,1.479429163,1.102127823,17.62085825,0.140431173,0.185262741,0.383537121,0.186239337,0.029519151,0.040652768,0.160789268,0.208852141,0.25270036,4.404710617,0.810167881,0.413924775,-0.277532913,-3.405134958,4.772830902,5.409545742,0.186041698,10.06764717,12.47760652,0.370695052,5.26621732
1790,BBB,Company 288,Rating agency 4,10/28/2015,Basic Industries,2.938700925,2.123698879,0.20143208499999998,55.00614327,0.147401098,0.047206784,0.400097634,0.145147197,0.047078816,0.016687824,0.071839967,0.319398388,0.722250937,0.523096722,0.34465372,0.347346821,0.61702141,1.427775884,2.4976374758,1.531974321,0.047194791,9.06393291,2.309216115,0.309988395,5.869478747
1791,CCC,Company 115,Rating agency 3,10/28/2015,Health Care,1.684023729,0.440277967,0.047064883,13.59710501,0.079409518,0.016114946,0.282973888,0.016201776,0.0399251484,0.06708634,0.09611266119999999,1.0732186064,12.56507489,1.4023024606,0.988092277,0.029936133000000004,0.170525038,0.112259169,3.4893829408,2.4088467526,0.016150249,11.8802835988,0.670325332,0.024558632,16.78735334
1792,A,Company 55,Rating agency 1,10/29/2015,Health Care,1.479907713,1.073552837,0.125022957,61.26986019,0.142878771,0.182312004,0.804717447,0.185325276,0.041203639,0.065471381,0.108611843,0.290573329,3.527169278,1.58650364,0.608285511,0.221585882,0.897170114,2.097162661,6.0358660758,2.562872454,0.183315864,15.27553039,2.352685172,0.299965702,2.66308376
1793,A,Company 264,Rating agency 1,10/29/2015,Capital Goods,2.606954735,1.256802134,0.18547984,61.89648929,0.128155051,0.192961977,0.486748799,0.208829517,0.098227413,0.177110762,0.19111058,0.759974302,8.166356403,0.959607971,0.489500843,0.313614004,1.00379331,6.790702475,6.105582679,1.940634883,0.192588883,10.91973691,6.821032214,0.12118189,11.79457317
1794,A,Company 179,Rating agency 1,10/29/2015,Capital Goods,1.277969473,0.772227648,0.158632313,48.8039728,0.029964443,0.054745148,0.166862645,0.054772447,0.062189353,0.207962897,0.22994863100000001,2.089532741,6.587070092,2.9231566592,0.89513807,0.332210163,0.442962545,3.840401879,4.819078305,3.9306114475999996,0.054881535,4.915343208,8.685204381,0.062862442,4.989569848
1795,BBB,Company 291,Rating agency 1,10/29/2015,Basic Industries,1.915885241,1.252825302,0.558625068,37.81643371,0.043007793,0.04994283,0.202393197,0.074616695,0.056011732,0.080530277,0.207287589,1.302301667,5.769294729,2.675892117,0.723774708,0.136634151,0.595180281,1.560460232,7.5009223838,3.719582832,0.049705628,8.926337797,2.597461973,0.066625409,7.679562982
1796,BBB,Company 213,Rating agency 1,10/29/2015,Technology,0.409134945,0.312441157,0.093612932,56.36551952,0.247748662,0.05408276959999999,0.606280937,0.354097456,0.090432463,0.172997096,0.373515747,0.37133219,4.909013176,3.103198463,0.758310692,0.291416836,0.736830318,2.791745999,4.1557974496,4.101339597,0.06636940980000001,16.07607924,3.797051337,0.300297454,3.264519264
1797,A,Company 43,Rating agency 1,10/30/2015,Finance,1.372466705,0.212301438,0.367764962,100.7802035,0.124967336,0.178914331,0.995886925,0.187776112,0.088461512,0.160458811,0.242328637,0.710848764,16.63865647,1.758241821,0.638285557,0.289959471,0.828058468,2.932437499,-0.7238136360000003,2.743067081,0.177491611,11.02241476,3.540038281,0.145169803,0.0
1798,BB,Company 231,Rating agency 1,10/30/2015,Consumer Durables,1.852311286,1.190818231,0.156876275,89.3298955,0.056378795,0.086241255,0.314030219,0.107832575,0.043811677,0.083034616,0.1484511,0.77518724,7.275198081,2.339908514,0.708038465,0.344266727,0.830603123,1.327531112,0.506223674,3.344649667,0.086533837,6.889648164,1.587703268,0.114020911,7.015490313
1799,BBB,Company 259,Rating agency 1,10/30/2015,Capital Goods,1.373365405,0.085595559,0.08559275,0.0,0.06174838,0.083853849,0.214592406,0.084985084,0.045071401,0.071724763,0.089017665,0.729146248,1.796768045,0.983188851,0.488807374,0.262403744,0.447282917,2.805362275,0.823773964,1.969309893,0.084145622,9.510164986,6.338755585,0.138956652,4.458924121
1800,A,Company 275,Rating agency 1,11/2/2015,Technology,2.217890853,1.517204514,0.934457799,62.66471637,0.198116839,0.129299558,0.331019998,0.14194793,0.116779214,0.093096531,0.250067342,0.598150248,4.15032211,1.1392588,0.534128471,0.213756939,0.682960333,3.217499494,8.242588666,2.171016734,0.12820601,11.1266266,4.736522807,0.157081008,7.089379162
1801,BBB,Company 4,Rating agency 1,11/3/2015,Consumer Non-Durables,1.231399523,0.902078574,0.543211986,25.3920176,0.014243065,0.020770579,0.174891446,0.025077352,0.037957021,0.117854876,0.13044787,1.082588844,12.14234356,2.397729523,0.714274575,0.319521561,0.652683122,1.725807306,8.623914351,3.431444715,0.020662425,12.98907266,2.625262731,0.032070626,13.9781043
1802,AA,Company 122,Rating agency 1,11/4/2015,Energy,2.104618249,1.164792768,0.447558302,50.62680478,0.072991876,0.106609682,0.257769297,0.108690065,0.093175325,0.179692114,0.187706419,1.271271462,5.13741567,1.050502844,0.51409798,0.274391206,0.63564946,7.364241893,13.673795709,2.029720968,0.105163719,6.183516642,11.58863788,0.107906071,8.309138643
1803,BB,Company 292,Rating agency 1,11/4/2015,Basic Industries,3.743311334,2.328208848,0.786839135,54.58143496,0.023559563,0.040605693,0.128758281,0.040669202,0.042317252,0.088991944,0.108015238,1.792107179,6.806422037,1.549435588,0.603859609,0.343249392,0.618686024,1.674382131,4.544840257,2.571304179,0.040782365,6.483913079,2.694701461,0.052816583,19.89230787
1804,A,Company 37,Rating agency 4,11/5/2015,Energy,1.1436045629999998,1.864762037,0.19646523199999996,0.0,-0.028646666,-0.039279395,0.772928375,-0.007041106,-0.018220317,-0.02965885,0.028997213,0.643504769,2.164245274,1.392548236,0.577721327,0.29543261,0.250350512,0.840130925,11.86582151,2.380241955,-0.039841226,19.38216573,3.383686156,0.122147796,2.570690358
1806,A,Company 138,Rating agency 1,11/6/2015,Public Utilities,0.621319808,0.38345766,0.087791226,45.52360717,0.132298263,0.116919357,0.986335966,0.059767809,0.032545773,0.032503682,0.114547927,0.250757944,0.363898562,2.486283482,0.706060907,0.288686078,-0.085649312,-1.014064683,6.427519200000001,3.497860591,0.116930074,16.04101654,11.79470267,0.281971806,0.058404736
1807,A,Company 265,Rating agency 1,11/6/2015,Capital Goods,1.335969877,0.438524006,0.242482318,0.0,0.080649609,0.116078233,0.213061645,0.116728092,0.073426699,0.143127323,0.18238873,0.900146713,3.277149899,2.481384195,0.990434097,0.303731515,1.006710413,3.864249017,4.60375527,2.504325992,0.116065912,6.877277255,3.891361793,0.108683003,3.372310609
1808,A,Company 306,Rating agency 1,11/6/2015,Capital Goods,2.08284997,1.422015619,0.636188262,53.3400344,0.084184279,0.122798477,0.346599305,0.136717594,0.068096589,0.122665787,0.199705418,0.814335357,9.915637955,1.941080244,0.660498894,0.31816285,0.834090914,3.247850586,9.3141418922,2.954244948,0.123046851,7.246952124,3.976631767,0.082993801,7.968451983
1809,B,Company 155,Rating agency 4,11/6/2015,Basic Industries,2.390773966,1.125132127,0.417763829,67.40157571,0.060722814400000005,-0.12571258,0.057371932,-0.055803754,-0.062471965,-0.058366802,0.1163115714,0.413006715,1.149417369,4.115702573,0.797497185,-0.154152478,0.115771226,0.215041501,2.8905922828,5.066746834,-0.124710658,16.07808928,1.87428993,0.102093808,12.48929866
1810,B,Company 256,Rating agency 4,11/6/2015,Basic Industries,2.697640369,0.802727031,0.216065955,39.15307292,-0.100947247,-0.12882114,0.01614076,-0.098440795,-0.065804031,-0.095137205,0.20860448439999998,0.643402079,1.258731076,1.767548491,0.635813325,0.232431036,-0.099057643,-0.121362496,3.614669395199999,2.738093301,-0.128759292,3.8582812335999996,1.226651336,0.035032583,9.574030038
1811,B,Company 320,Rating agency 3,11/6/2015,Basic Industries,1.71779545,1.143293415,0.659124821,47.84376343,-0.048549152,-0.082248309,0.144685058,-0.071081066,-0.025358571,-0.049980273,0.1323369812,0.526041554,0.709391865,2.245621014,0.689021445,0.405040243,0.43838782460000003,2.1325949878,5.628310446,3.220021959,-0.082685719,8.513231286800002,1.384228419,0.044506145,5.625008058
1812,BBB,Company 255,Rating agency 3,11/6/2015,Consumer Services,0.155941711,0.156393816,0.15560084,0.0,0.103449327,0.106786755,0.795535259,0.120064637,0.047155181,0.056834226,0.0786258,0.460898828,0.507896001,0.667655063,0.400053941,0.015367762,0.675253428,1.035863818,0.318723383,1.671247512,0.106601235,9.205739531,1.547418284,0.219207694,4.549710762
1813,A,Company 73,Rating agency 1,11/9/2015,Finance,1.063544371,0.263948556,0.029285474,84.7678183,0.117606079,0.14342629,1.00439502,0.1589236,0.050553093,0.119707091,0.224810418,0.429675625,15.26218364,3.449208868,0.77256456,0.158180919,0.847481193,6.124032827,2.629708247,4.40942701,0.144782074,12.6220074,7.168188119,0.170581591,0.0
1814,A,Company 333,Rating agency 1,11/9/2015,Capital Goods,1.36350472,0.993258446,0.313861077,51.42131344,0.040995327,0.056584529,0.098971647,0.0563411,0.078700384,0.185113691,0.256581303,1.921391703,10.04137928,2.229420236,0.683473584,0.278830098,0.623215998,4.5441587186,15.67551329,3.227498467,0.056427467,6.293791285,6.1814247552,0.070170072,6.543002583
1815,BBB,Company 50,Rating agency 1,11/9/2015,Energy,0.955137205,0.7959130311999999,0.257836323,51.07607713,0.0955710418,-0.140307268,0.775137102,-0.142885154,-0.045587116,-0.049749815,0.077116259,0.316583057,0.461632144,1.463833624,0.586479394,0.650497426,-0.325223813,-2.009955908,2.9945184154000004,2.465526768,-0.141869936,15.08940271,6.117835479,0.247036648,1.444084524
1816,BBB,Company 22,Rating agency 1,11/9/2015,Consumer Services,2.462078514,1.237677903,1.152044556,0.0,0.071842173,0.070818495,0.196008077,0.129851375,0.040604961,0.043218348,0.103798975,0.565884804,2.761389548,1.574145111,0.605068241,-0.005945651,0.584072452,1.197125944,2.08420499,2.58443097,0.070382617,12.25184109,2.043804812,0.149680677,17.29915842
1817,BBB,Company 80,Rating agency 4,11/9/2015,Transportation,0.703802068,0.452976256,0.180387848,25.98670252,0.201743831,0.279801888,0.99991198,0.33154115,0.057480659,0.088591971,0.124001163,0.290616764,0.315217009,1.125726756,0.534246873,0.278127295,0.242359338,2.006249846,2.7885443978,2.140823784,0.279874179,9.073628283,8.347506275,0.378828315,0.2967794
1818,A,Company 52,Rating agency 1,11/10/2015,Public Utilities,0.871378753,0.811860772,0.007967563,35.88573604,0.111110401,0.178221887,0.993218591,0.220505659,0.028929681,0.051399831,0.084887099,0.261716148,0.000401277,1.952487482,0.667776035,0.381077382,-0.210637651,-0.953503295,2.4835636242,2.965402093,0.177763614,10.71842501,4.505387387,0.180319208,3.759299478
1819,BBB,Company 158,Rating agency 1,11/10/2015,Basic Industries,1.397290793,0.649529141,0.141223702,29.84003978,0.088753854,0.116914249,0.269933363,0.142122246,0.054529247,0.083134175,0.214772091,0.613796618,1.883802836,2.97153685,0.754449838,0.24407098,0.599180395,6.413182851,8.439881573,3.927393169,0.11602759,8.08344982,10.90110357,0.168624312,4.351924538
1820,BBB,Company 128,Rating agency 1,11/10/2015,Basic Industries,1.652347833,1.020014609,0.267887427,43.83668371,0.041791739,0.056081868,0.311354736,0.056451461,0.03061311,0.0478519,0.241614946,0.736728463,1.865429613,2.5207526049999998,0.867439522,0.364503593,0.420327618,2.616568141,4.0825330932,3.4004938422000004,0.057071606,8.812908791,6.169201393,0.115221115,7.402835406
1821,A,Company 279,Rating agency 1,11/11/2015,Health Care,1.307619364,0.894089411,0.300337093,65.08221815,0.094472504,0.1266647,0.759559871,0.124819435,0.049493969,0.088334848,0.109651847,0.526547477,3.77895111,1.21546126,0.550087279,0.215243794,0.556974547,0.611588933,2.565528674,2.227764829,0.12495024,16.182464914,1.088955271,0.110879599,2.477720975
1823,A,Company 309,Rating agency 1,11/11/2015,Energy,0.478915879,0.190935352,0.040204216,13.96920096,0.0863701342,0.06954920319999999,0.992609976,0.12349194240000001,0.13398345,0.154434426,0.398559086,0.364909704,0.454981277,1.992352205,0.67093025,0.002849819,0.415173624,1.962218896,0.232284467,2.99781807,0.1105451758,15.91000457,4.735111083,0.491876331,4.299402238
1824,BB,Company 451,Rating agency 1,11/11/2015,Consumer Services,1.058128343,0.860882798,0.244737825,28.32787833,0.124506911,0.133156908,0.993247083,0.184169819,0.055017683,0.064675552,0.233895867,0.436713222,1.237141667,3.291898608,0.759761978,0.053732262,0.756433205,1.068721232,4.003921645,4.285813268,0.131865205,15.99792052,1.41319337,0.12480041,0.0
1825,BBB,Company 147,Rating agency 1,11/11/2015,Health Care,1.091085444,0.635143042,0.16082231,32.58314317,0.008262595,0.014973694,0.06321044,0.016674643,0.027662167,0.12919141,0.183816838,0.9223079153999999,6.4163342664,1.9514342314,0.8530435,0.305797501,0.879109314,6.0223042712,11.500781285799999,2.9075960112,0.014784808,14.41080734,13.35766371,0.017424147,6.723447438
1826,A,Company 19,Rating agency 1,11/12/2015,Energy,1.362250742,0.927130369,0.464263089,87.15576531,0.1600943418,0.16296726720000002,0.533547791,0.1647034728,0.0124585052,0.0166628714,0.06442602719999999,0.2889555,0.393199266,0.788833014,0.443736711,0.136423836,-0.572674696,-2.509314038,2.5732394948,1.797289152,0.16254609979999998,6.8461582932,4.361690512,0.266766413,1.902240416
1827,B,Company 390,Rating agency 4,11/12/2015,Miscellaneous,1.424886396,0.886004354,0.182709041,71.90097201,-0.027891992,-0.01484188,0.673301691,0.021104799,-0.023473836,-0.016185952,0.18887473540000002,0.833739051,19.66606741,2.6604216019999996,0.908716895,0.2406112652,0.885714554,3.57736769,5.2076104192,3.631155603,-0.014829634,14.7013379,4.038748195,0.106841962,3.154425753
1828,BB,Company 27,Rating agency 3,11/12/2015,Energy,0.822470533,0.491193128,0.019776973,30.08084722,0.13127705280000002,0.15534726680000002,0.997114441,0.11540409700000001,0.0067616016,0.0096768148,0.0317512956,0.337326125,0.377148581,2.0651979236000004,0.7902452498000001,0.351582073,0.004993307,0.005178531,0.259496347,3.1584365098,0.1546421158,-2.592080677,1.049227418,0.168058838,0.0
1829,BBB,Company 16,Rating agency 1,11/12/2015,Public Utilities,1.009864761,0.918335592,0.114990265,43.6497764,0.081311958,0.12291365,0.99838389,0.17996231,0.025558306,0.043789132,0.133517895,0.319008599,0.435552923,4.195231151,0.811180173,0.337140768,0.046525736,0.273933349,1.5701974611999998,5.144660404,0.1237515,9.992560219,5.93180685,0.253684836,1.528194446
1830,BB,Company 26,Rating agency 1,11/13/2015,Energy,1.488594729,1.812134989,0.700966115,56.85942589,0.1292667402,0.16447455319999998,1.000946386,0.1633344156,0.0010594549999999995,-0.097181444,0.0361351684,0.180442295,0.214785244,0.741591199,0.424106664,0.254697729,0.6297288106,-2.814981212,4.2998535404,1.736040324,0.1637381082,1.5250747627999999,2.295016664,0.26937405,0.0
1832,BB,Company 119,Rating agency 1,11/13/2015,Health Care,1.865444004,1.519571115,0.622998921,66.48025411,0.02832824,0.044845877,0.990680396,0.123244718,0.014468913,0.026314366,0.055545122,0.507858627,3.432072139,2.815652742,0.735259141,0.692132349,0.542314276,3.985163782,9.045121642,3.7289196670000004,0.045048349,12.13014163,7.339197134,0.165618926,0.0
1833,BB,Company 441,Rating agency 1,11/13/2015,Public Utilities,1.526724782,1.295950093,0.010091885,13.98979886,0.119250021,0.121214648,0.34360664,0.077186346,0.041221253,0.042983625,0.081878571,0.347897052,0.549606745,0.978356995,0.495896105,-0.021800041,0.562415865,3.212666604,1.636131742,1.979138325,0.120733346,17.15102053,5.678117949,0.340863524,12.72842441
1834,BBB,Company 146,Rating agency 3,11/13/2015,Energy,2.651101063,1.917041569,0.5600028286000001,0.009619733,0.026968039400000005,0.0273763184,1.008401953,0.0491846128,0.0068620688,-0.0344689414,0.15085966779999999,0.275970039,6.329088001,0.870562371,0.468217646,0.365609034,0.995788906,7.409066231,5.2828939644,1.864256982,0.0271674984,-3.180386377,7.405432499,0.474347809,0.0
1835,AA,Company 21,Rating agency 1,11/16/2015,Health Care,1.321970865,0.625246127,0.10527786,28.3800953,0.034504588,0.055711141,0.173121934,0.061319711,0.055940025,0.122913592,0.140604475,1.646833873,15.50150582,1.515703169,0.601668247,0.390696862,0.72265779,5.380210055,5.9628225748,2.499827635,0.056161841,11.60614841,7.558385778,0.055262541,17.0010706
1836,B,Company 504,Rating agency 3,11/16/2015,Health Care,1.018095138,0.84547026,0.019554751,58.81127079,0.03480558,0.05608758,0.140833999,0.073431667,0.029587705,0.056741979,0.153494454,0.853876491,4.335284085,4.119366105,0.80916767,0.345169366,0.123623034,0.204189434,3.7419548692000006,5.136459794,0.05602941,9.243289184,1.640985111,0.055681465,5.639332275599999
1837,BB,Company 343,Rating agency 3,11/16/2015,Energy,1.491746314,0.82909288,0.092312769,5.550393624,0.005191484,0.013509253,0.086419552,0.018833173,0.013974744,0.041530937,0.02848032,0.9751028956000001,7.023866475,1.033544525,0.505748495,0.203295456,0.698165248,6.716632942,7.544796154,2.040751783,0.013614089,3.359288912,9.507008282,0.02282048,9.6022942744
1839,BB,Company 230,Rating agency 3,11/16/2015,Consumer Services,2.131248433,1.86611952,0.433686335,102.3563216,0.037005367,0.05941895,0.342456954,0.092668452,0.029875745,0.055699205,0.057079824,0.791758052,11.9373247942,0.943008091,0.484280833,0.376875355,0.768164485,2.630586162,2.5175880342,1.956842089,0.0597435,8.333029955,3.432768988,0.077972716,12.92357938
1840,A,Company 254,Rating agency 1,11/17/2015,Finance,1.127343528,0.858667144,0.512398908,68.02493327,0.219486925,0.08273745140000001,0.683556141,0.362848091,0.140192187,0.064743986,0.1466825908,0.653571616,19.75966146,2.1727549172,0.978668454,0.301808272,0.285353793,0.205003233,4.788981568600001,3.0266131558,0.082135383,12.06454781,0.711997145,0.036550937,8.130523067
1841,B,Company 94,Rating agency 1,11/17/2015,Energy,0.678854334,0.628904456,0.222596461,32.2997329,0.12255193140000001,0.1374829016,1.005275924,0.1375433648,-0.0036512460000000004,-0.010118442000000002,0.0190001074,0.732093708,0.897904078,1.0523880894000002,0.872479626,0.23599174,0.6497024028,-3.561514453,1.787076198,2.1500364054000003,0.1369696324,-0.725722294,1.871056733,0.097077134,0.0
1842,BB,Company 257,Rating agency 1,11/17/2015,Basic Industries,1.699101541,0.341296754,0.339406682,0.0,-0.000487202,0.002350939,0.128103943,0.035250006,-0.000150142,0.000812745,0.0773305766,0.305784389,0.718072944,2.857484044,0.739949365,0.3373721496,0.397452938,0.827819977,3.757074001,3.885453228,0.002333815,15.81737879,2.08778908,0.075937827,4.075081146
1844,BBB,Company 196,Rating agency 1,11/17/2015,Basic Industries,2.676142192,1.444393876,0.295761494,32.2847183,0.145104335,0.234166355,0.316060327,0.280114934,0.058990834,0.102350621,0.139317435,0.399909128,0.610312677,1.383666694,0.584298986,0.387524078,-0.308413238,-0.338701406,1.10327817,2.405136124,0.236542928,13.67791709,1.106024093,0.172979225,4.513083499
1846,BBB,Company 543,Rating agency 4,11/17/2015,Capital Goods,1.529582798,1.142302903,0.395741597,61.96862304,0.062558254,0.085386303,0.143356064,0.077197906,0.103029092,0.222727276,0.225701425,1.633542848,5.384147197,1.18780073,0.536976398,0.262348711,0.413818392,2.367577809,6.922982274,2.190380647,0.086139123,6.700862022,5.701514054,0.072369726,5.759874164
1847,BB,Company 364,Rating agency 3,11/18/2015,Basic Industries,1.655296009,0.708053465,0.044673229,32.85261368,-0.037326323,-0.055063224,0.087347063,0.020500083,-0.034083444,-0.01968673,0.22140813579999996,0.922912027,1.202647748,2.16291559,0.678541805,0.323072089,0.1803288368,-0.510329422,3.002155888,3.166423567,-0.01837857,8.0401978382,0.279349411,0.015995653,6.794610121
1849,BBB,Company 516,Rating agency 1,11/18/2015,Health Care,1.576086378,1.240432282,0.055160831,52.39485329,0.075616338,0.127068935,0.997282044,0.137943629,0.070832202,0.134318807,0.159423481,0.929327707,2.34582684,1.257054698,0.554626636,0.341812035,1.008678228,4.5429267634,4.109435113199999,2.258138195,0.126686962,8.70977779,10.23982526,0.11230363,0.0
1850,BB,Company 433,Rating agency 1,11/19/2015,Public Utilities,2.24842656,1.95210646,0.962169936,55.68919751,0.060563699,0.100879513,0.73345482,0.078033943,0.03390016,0.063853747,0.067786762,0.567972804,1.509049306,0.976391079,0.498431768,0.383934659,1.000585343,2.8142291774,10.24543324,1.988783212,0.100407553,13.09422558,5.2892873252,0.438470534,3.846849198
1852,B,Company 12,Rating agency 1,11/20/2015,Health Care,2.3581220156,1.287597289,0.912716474,31.76227781,0.0973706678,0.0458889788,0.852169226,-0.128156262,0.09063985140000001,0.0957094212,0.2079899046,0.460640565,3.258084105,1.2334538218,0.993090761,-0.006211713,1.147801815,4.8330477194000006,5.420319023999999,2.22509694,0.0453768598,2.926222328,6.9184153252,0.0905413392,14.43480943
1853,BB,Company 228,Rating agency 3,11/20/2015,Technology,1.4825842496,1.0178208082000002,0.550112917,18.4345708974,0.13342164,0.1608326,0.554464258,0.16183864,5.57e-05,7.36e-05,0.000141638,0.000420467,0.008478452,0.0,0.9633420965999999,0.165701668,0.865914762,1.2643023948,3.494894832,2.535833567,0.161586803,9.768169542199999,2.6518973288000005,0.1023675372,0.007095337
1854,BBB,Company 371,Rating agency 3,11/20/2015,Technology,1.429955914,1.175972253,0.370849115,86.25797055,0.083320616,0.12681171,0.497736898,0.149122657,0.071101849,0.186952832,0.181866651,0.86001371,10.156483568,1.535072973,0.60518854,0.351814486,0.811107286,3.525391381,7.683556162,2.546503884,0.129106947,7.595040051,4.399493742,0.182232614,8.735853498
1855,A,Company 412,Rating agency 2,11/23/2015,Technology,2.555284553,1.439803603,0.973734847,31.75316541,0.207912808,0.258686729,0.626675364,0.253687687,0.110526098,0.162313759,0.18832419,0.537099327,1.730387963,0.68873735,0.407008534,0.197925606,0.603768433,2.456547872,3.770764019,1.690135966,0.258956059,6.49890397,4.033506432,0.343182972,10.07683812
1856,A,Company 549,Rating agency 4,11/23/2015,Miscellaneous,1.752577644,1.246231515,0.910722962,41.10301671,0.073482606,0.0909001768,1.001102029,0.1037835302,0.0621342538,0.048895851,0.10669444079999998,0.589235075,14.36792922,1.699529026,0.629408285,0.230719679,0.959016271,3.411425491,2.4112480176,2.683356665,0.1088768422,15.93026636,3.564320236,0.416291791,0.0
1857,BB,Company 284,Rating agency 1,11/23/2015,Consumer Services,1.301229462,0.715725101,0.157619794,54.34803764,0.003571009,0.020406189,0.746753126,0.051728252,0.002967525,0.022452678,0.02294934,0.825891344,3.06520357,2.1017699064,0.873644022,0.1816223422,-0.050500674,-0.076883633,1.366899236,3.1128404414000004,0.020366878,5.355513247,1.522842195,0.071070852,3.300700377
1858,BB,Company 391,Rating agency 1,11/25/2015,Consumer Services,2.26740594,0.722980115,0.569151949,0.0,0.060635778,0.118874161,0.320637959,0.179965038,0.015513129,0.032549385,0.077487391,0.251442313,10.8779276,3.931674374,0.771383128,0.491740904,0.998190393,4.561722575,2.5790390864000003,4.2892796822,0.119695282,2.771712562,4.524198405,0.20657214,2.474643042
1859,BBB,Company 290,Rating agency 1,11/25/2015,Public Utilities,0.76702892,0.261453461,0.0,29.53202827,0.074548992,0.093742898,0.6051859,0.127810733,0.031444674,0.04752735,0.096117177,0.424027223,0.565602218,2.011581012,0.663975176,0.226607602,-0.451161575,-1.407025588,2.402135771,2.992919053,0.094642219,9.53198862,3.094221614,0.144429426,3.469308603
1860,B,Company 469,Rating agency 3,11/26/2015,Basic Industries,3.734509347,2.339762287,1.042367485,47.89570822,0.072704079,0.101673391,0.207154586,0.16060259,0.063779545,0.146796882,0.196600794,0.878848746,1.343459032,2.071375717,0.679947974,0.27945048,0.705706349,1.750603648,1.672136911,3.060548989,0.152835769,5.407554635,2.455935049,0.15562923,8.018271456
1861,A,Company 1,Rating agency 1,11/27/2015,Consumer Durables,0.948798308,0.429744879,0.100430009,44.22984199,0.037828314,0.049817261,0.176701072,0.06126005,0.041135772,0.090730885,0.165998558,1.100450633,5.566723696,2.997690486,0.755503309,0.20383237,0.438392275,6.796245148,7.6485046908,4.035973353,0.048878148,7.031423805,6.475375951800001,0.058482022,3.872636216
1862,BBB,Company 190,Rating agency 1,11/27/2015,Consumer Non-Durables,1.484089772,0.273617557,0.023963196,13.37711217,0.018115771,0.024408158,0.061701072,0.024164681,0.044151541,0.099880859,0.123726076,1.7231828435999996,9.248672403,1.790545238,0.636359116,0.283714832,-0.063520936,-0.273262046,4.1242565382,2.790216682,0.024000247,7.787252507,4.252377929,0.014142618,15.12015251
1863,A,Company 182,Rating agency 1,11/30/2015,Public Utilities,0.557155952,0.35393109,0.029624672,23.833360276,0.053891423199999997,0.10856890179999998,1.002230317,0.1083055736,0.025135761,0.03928459,0.080864413,0.000633918,0.000905965,2.168623496,0.679731127,0.301356055,-0.140445525,-0.860893087,2.5312355252000005,3.201664803,0.1105242418,9.859939361,6.119831346,0.2162872524,3.121344774
1864,A,Company 49,Rating agency 1,11/30/2015,Public Utilities,0.910564873,0.417276134,0.140800248,23.08276858,0.103713483,0.154308907,1.009737737,0.208469515,0.026481542,0.044410921,0.091138896,0.259518853,0.326739663,2.401230011,0.70481975,0.382649031,0.049626232,0.412543684,1.998811735,3.382827258,0.156160319,8.330434908,8.324107373,0.330166395,1.135528197
1865,B,Company 314,Rating agency 3,11/30/2015,Consumer Services,2.177292883,1.111293069,0.115012523,57.6122044,0.024876942,0.042464498,0.237279548,0.046312886,0.040683082,0.0931573,0.069978695,1.632500012,8.4189654598,0.755687189,0.42679473,0.41277333,0.81390236,1.77098557,4.2402566550000005,1.740506911,0.042458598,11.47167062,2.228618135,0.043300628,7.875203664
1866,BB,Company 224,Rating agency 1,11/30/2015,Health Care,1.6865509,1.216948041,0.135625264,49.27988027,0.048720698,0.090148589,1.00286784,0.091226094,0.065484051,0.14399574,0.10170755940000001,1.332159707,2.927760731,1.1446009097999998,0.6426045116000001,0.32000616,0.495681998,5.66391697,6.0646755196,2.458369533,0.090391993,10.02825959,11.49447335,0.107966477,0.0
1867,BB,Company 392,Rating agency 3,11/30/2015,Technology,1.655424688,1.466816466,0.766988357,70.81858621,-0.059785333,-0.041731702,0.571631672,0.028640671,-0.020403108,-0.016335984,0.154881345,0.34407895,10.44549085,1.477457063,0.598767368,0.3505137118,0.880629002,1.362932641,1.693434322,2.486140145,-0.041311924,12.630429685800001,1.534975831,0.250257868,14.66640407
1869,BB,Company 258,Rating agency 3,11/30/2015,Consumer Durables,1.022367226,0.462094922,0.105138338,34.35064139,0.034958944,0.043603129,0.16269777,0.074948097,0.028935416,0.044946274,0.225294568,0.822340128,2.992323719,2.5171089436000003,0.872210075,0.136384921,0.475217955,3.485180196,2.0347322518,3.5268120192,0.043346629,10.9770004,7.284526526,0.124956687,4.327754827
1871,BBB,Company 332,Rating agency 4,11/30/2015,Energy,2.20189042,1.688043691,0.957036025,29.05106491,-0.057065396,-0.08648017,0.993769076,-0.088106902,-0.017848281,-0.030444288,0.09475406680000001,0.319676613,3.148239668,0.815743011,0.445919013,0.371087175,0.995498712,8.430018135,5.000638122,2.5947788552,-0.086742041,19.19528908,8.320630675,0.258245357,0.0
1872,BBB,Company 133,Rating agency 1,11/30/2015,Capital Goods,1.601872428,2.06056054,0.40671253,50.05710187,0.06045255,0.069483294,0.162276713,0.092550897,0.073506885,0.108267454,0.1999330138,1.212636878,3.72543154,2.0182289298000002,0.907339411,0.135357765,0.488955488,2.421803047,11.81914181,3.1644885258,0.069694936,3.734779603,4.999448019,0.096630501,7.983718741
1873,A,Company 64,Rating agency 1,12/1/2015,Consumer Non-Durables,2.653429024,1.621092138,0.582003611,50.36987071,0.070924436,0.107057067,0.222080712,0.117754679,0.079943001,0.137074808,0.18624561,1.09746238,2.833322344,1.37749812,0.579484203,0.310729467,0.591224882,5.718771146,6.9212629734,2.375200939,0.106154758,10.03726271,9.647935919,0.121017865,10.44897189
1875,B,Company 562,Rating agency 4,12/1/2015,Basic Industries,2.937888378,0.496425697,0.427040207,0.0,-0.010251395,-0.00536012,0.222596459,-0.005351827,-0.009641911,-0.006061364,0.1296306244,0.948360522,2.010128205,2.049545108,0.670897122,0.19488733860000002,0.423993788,1.437937365,2.665501456,3.070750175,-0.005415446,13.92068573,3.399008897,0.099753993,13.60691104
1876,BBB,Company 39,Rating agency 1,12/1/2015,Basic Industries,1.981685053,0.947191514,0.159734967,43.53738921,0.026941513,0.029580475,0.212898793,0.05430698,0.02522787,0.032236957,0.053730047,0.932720026,1.859724142,1.133933525,0.531595247,0.090620531,0.359605317,2.589507239,5.3338431534,2.11947241,0.02960585,4.944287109,7.201327903,0.085855949,5.764465548
1877,B,Company 41,Rating agency 4,12/2/2015,Consumer Services,0.350435533,0.422127314,0.11747814,20.29838714,0.053297405,0.093370729,1.003599122,0.10193596,0.028579612,0.068567442,0.106176563,0.528873753,2.123182888,2.686862932,0.734827075,0.421289077,0.842321694,1.9469340694,5.7372641292,3.726221978,0.092629673,5.490723184,2.4707580338,0.218450037,0.0
1878,B,Company 215,Rating agency 1,12/2/2015,Transportation,1.275620467,1.052532821,0.303951633,3.2e-05,-0.000834196,-0.000825719,0.992658929,0.019381317,0.0108114588,0.0275207748,0.044181377,0.2309238492,4.8121182326000005,1.9785659516000003,1.007377972,0.0,0.230397602,-0.253079687,-1.36e-06,3.4290443392,-0.000823549,1.559607788,-1.116371865,0.029126296,0.0
1879,BBB,Company 31,Rating agency 1,12/2/2015,Basic Industries,2.353210021,1.251719565,0.176306823,60.9749549,-0.115774719,-0.113876558,0.203058979,-0.111359282,0.0494267974,-0.125654639,0.1381936284,0.94026537,2.061199435,1.500890124,0.594012648,0.137466118,0.721229147,5.684148773,1.219189646,2.483065322,-0.114346603,6.9608606671999995,7.838133566,0.17276695,5.833181247
1881,BBB,Company 161,Rating agency 1,12/2/2015,Basic Industries,2.061671655,0.055218762,0.053829236,0.0,0.148333547,-0.054551338,0.328989301,-0.015173667,0.077326368,-0.036391576,0.261786436,0.518045773,3.23439724,2.380009013,0.70049029,0.2180204228,1.396243427,-2.864258153,6.359545718,3.384803706,-0.054226769,2.0106751664,-2.064087444,-0.084465341,5.449962849
1882,BB,Company 496,Rating agency 3,12/3/2015,Consumer Durables,1.075731534,0.084009127,0.006445688,5.392419966,0.008809152,0.017025963,0.145572862,0.026151085,0.021350736,0.076639407,0.102951393,1.1187213336,10.29081564,3.800065358,0.789867967,0.484797497,0.148810151,0.90725031,4.5469881068,4.829536369,0.017197232,7.553602114,6.092453208,0.01320829,12.349058875599999
1884,A,Company 20,Rating agency 1,12/4/2015,Public Utilities,0.621341794,0.430668201,0.027484696,28.83173106,0.125336619,0.137701181,1.003234304,0.24555166,0.028966787,0.035505654,0.094800453,0.230817783,0.326409928,2.275645677,0.695011399,0.497129921,0.016767964,0.162726457,2.5294579044,3.250986561,0.136867763,7.498221146,9.815652666,0.312930319,3.715769707
1885,A,Company 125,Rating agency 1,12/4/2015,Energy,2.021492756,1.110949156,0.561597285,0.0,0.045200148,0.067518728,0.159030406,0.07288183,0.090393733,0.160355704,0.192941432,1.985491719,3.277716637,1.157355623,0.538702233,0.310637896,0.711247662,8.008074287,16.65972531,2.151588251,0.068206843,4.502106066,11.22841836,0.063894998,15.19901676
1886,B,Company 262,Rating agency 1,12/4/2015,Basic Industries,2.659124881,0.750540251,0.685971519,1.777943003,-0.03023179,-0.021108085,0.021270621,-0.01990184,-0.033916742,-0.025787375,0.0390755962,1.107670626,1.592123418,0.722054082,0.421241485,0.15194085519999997,0.8804114702,-0.259904903,1.325415391,2.3562292014,-0.02094273,13.49971355,0.364760665,0.016470026,5.9111033156
1888,BBB,Company 234,Rating agency 3,12/4/2015,Basic Industries,1.021626294,0.608408251,0.397923481,26.23023672,0.064230504,0.10035634,0.218368254,0.146916274,0.049392133,0.182011412,0.11540412559999999,0.766339681,1.369123289,2.3407585308,0.976369221,0.360506393,0.637449421,7.407290788,9.371900057,3.3326491583999998,0.167805662,4.267025784,11.60325971,0.19505109,2.788258191
1889,A,Company 204,Rating agency 1,12/7/2015,Public Utilities,0.641405147,0.390701045,0.022157336,41.51987746,0.08380344,0.125629015,0.997172829,0.171227842,0.025005377,0.041712643,0.080014102,0.302518703,0.278010771,2.19149835,0.694602472,0.361787901,-0.047002005,-0.287426702,0.262157929,3.217656553,0.124525285,8.710665834,6.060112585,0.253318295,0.0
1890,B,Company 226,Rating agency 1,12/7/2015,Basic Industries,2.527229769,1.326368648,0.26865019,78.91351763,0.059743486,0.050975933,0.279279278,0.05134386,0.052014588,0.05478129,0.204142869,0.871672108,4.111133886,2.844231849,0.734812279,0.14191369040000001,0.159057741,0.093276178,4.1016772036,3.891855766,0.050796895,12.4980913,0.592111484,0.047455757,6.390520603
1891,BB,Company 555,Rating agency 3,12/7/2015,Technology,1.90737443,1.046484282,0.63968273,62.36096069,0.250746455,0.232410826,0.456821353,0.12318227,0.057461465,0.081355309,0.132290349,0.23326052,2.082296138,1.26505563,0.552206414,-0.072681313,0.744252933,3.945361702,5.0811243204,2.310188981,0.321845827,12.75877217,5.23369009,0.216001077,3.292696279
1892,BBB,Company 459,Rating agency 4,12/7/2015,Energy,1.483943915,1.214727162,0.175992162,14.86923833,0.039774543,0.06122006,0.230707891,0.065121953,0.066724117,0.118607983,0.213777804,1.674149512,2.869529841,2.267880229,0.698123486,0.347719418,0.51006653,3.837281024,8.888132813,3.246322661,0.060242077,5.205194696,7.532568492,0.056144327,11.69130165
1893,A,Company 513,Rating agency 4,12/9/2015,Miscellaneous,2.011955415,1.263538051,0.655236877,22.10921403,0.0925125426,0.1410240564,0.998242234,0.154952638,0.156294689,0.178885843,0.210830518,0.346165495,7.35898864,0.350396038,0.259795647,0.42658271,0.940683126,3.183117636,3.486512105,1.342028907,0.14743844820000002,12.03447315,3.384763742,0.472094789,0.0
1895,A,Company 249,Rating agency 1,12/10/2015,Consumer Non-Durables,0.749396991,0.298683471,0.089716577,25.29926552,0.085735407,0.121519305,0.346246485,0.134904954,0.085181529,0.188518441,0.1975975788,1.005600819,3.476736279,4.874612214,0.822008215,0.30459723,0.682156003,2.555730869,0.906269597,5.849030643,0.122373464,13.27472945,3.77337825,0.145198045,9.673287899
1896,BBB,Company 38,Rating agency 1,12/10/2015,Consumer Services,1.935214289,1.164416614,0.995919127,8.096430549,0.091760472,0.142078917,0.422783575,0.169830078,0.136844421,0.277484346,0.1184350036,1.51303129,5.053674905,1.6847517472,1.003452172,0.362573716,0.604343872,3.648535828,3.1495382118000004,2.6765246866,0.143379514,12.79935206,6.072389161,0.156705492,10.88182949
1897,BB,Company 164,Rating agency 1,12/14/2015,Consumer Non-Durables,2.044329762,0.961778793,0.338573141,31.4638885,0.052846212,0.047301866,0.528635262,0.047750157,0.040433377,0.041424616,0.101065468,0.758966803,11.27779806,1.493917018,0.596747688,-0.121174989,0.681621455,6.491460927,7.553216363,2.519749526,0.04710503,18.63611303,9.536628642,0.095152614,6.888993999
1898,B,Company 490,Rating agency 3,12/15/2015,Capital Goods,1.8244928455999996,1.3706428239999997,0.628217289,68.27585591,-0.031910848,-0.041714169,0.60547641,0.001990353,-0.012910309,-0.018653936,0.114122846,0.408771545,5.206201863,1.7788816812000001,0.972540932,0.23264108,1.655289634,-2.038445222,2.845271309,2.6900680007999997,-0.041569719,9.043072997,-1.23059823,-0.028808423,1.939093269
1899,BBB,Company 300,Rating agency 3,12/15/2015,Miscellaneous,1.793013875,1.442598125,0.824458225,56.1860595,0.08607969,0.144199761,0.381785618,0.155696765,0.070396788,0.149259134,0.230100517,0.821748133,8.8605163966,2.276915266,0.699854967,0.382515708,0.998330692,1.652018802,2.562309487,3.261292117,0.144390765,22.02854764,1.665450428,0.12983064,2.75356968
1900,B,Company 240,Rating agency 1,12/16/2015,Consumer Durables,3.673448076,1.446244261,0.269251886,45.99237257,0.019255497,0.031296924,0.297042429,0.055939246,0.028014068,0.054266683,0.06292707,1.451986624,10.15302807,1.240060763,0.550872638,0.359724047,0.746895302,1.335923315,1.3376898846,2.252247814,0.031381316,9.50688345,1.815624029,0.052729579,12.9983945
1901,A,Company 344,Rating agency 1,12/18/2015,Public Utilities,0.61576889,0.184770619,0.016136723,25.55579197,0.069782718,0.10168419,0.990567898,0.13798065,0.025847789,0.045193248,0.087034513,0.375808229,0.29107279719999996,2.371051439,0.706904169,0.314366976,0.101431543,0.758285205,2.8916348554000004,3.2543243702,0.100832054,10.75486715,7.492326001,0.163355119,0.0
1902,A,Company 272,Rating agency 3,12/18/2015,Capital Goods,2.085887789,1.342014561,0.781295001,0.0,0.090104862,0.129907289,0.149202574,0.129257979,0.075481855,0.126188677,0.229030348,0.844401822,8.263723105,2.033368787,0.665554511,0.312308934,0.895619114,6.410385848,9.684219589,3.040579255,0.131338822,7.411383808,7.141721913,0.14254763,7.389920136
1904,AA,Company 232,Rating agency 3,12/18/2015,Technology,1.24881903,0.480580291,0.225654289,36.84185744,0.161372879,0.196568689,0.494321551,0.1967955,0.119985332,0.207529796,0.12037754199999999,0.742502395,7.611657123,2.563506418,0.866165512,0.160631891,0.783094963,4.7289897092,8.391359662,3.5318391148000003,0.193807619,7.777689039,5.733495798000001,0.206189733,6.825321668
1905,BBB,Company 86,Rating agency 1,12/21/2015,Basic Industries,2.953489721,1.576521995,0.457161451,42.24314246,0.081641614,0.117170891,0.205855189,0.135871399,0.041468577,0.06315024,0.071205581,0.513279092,1.116845568,0.718892879,0.418124317,0.299458169,0.442401265,3.839615248,2.535303479,1.728992518,0.116317637,13.30288118,8.644367548,0.162980701,17.13087529
1906,B,Company 23,Rating agency 1,12/22/2015,Technology,2.167415701,1.964272851,1.141788206,72.34043664,-0.104284013,-0.049080618,0.577648207,-0.002290293,-0.050640523,-0.028259696,0.139711245,0.47965988,6.887567568,0.971269329,0.494036227,0.2546092802,0.62589325,1.034151897,0.6527813612,1.959573372,-0.049703173,22.83011917,1.658293933,0.18805336,11.89648657
1907,B,Company 488,Rating agency 1,12/22/2015,Consumer Services,1.113172851,0.678938689,0.358064813,19.50531392,0.022279099,0.042014605,0.282986757,0.056123083,0.053324851,0.163803392,0.129188282,0.5061692094,5.011601502,1.442331642,0.58823959,0.469056068,0.924195493,2.228641158,1.768836238,2.414766194,0.041905877,3.743064641,2.393927724,0.081428029,0.5881458263999999
1908,BB,Company 91,Rating agency 1,12/22/2015,Energy,2.850028111,2.227092347,0.5968061960000001,38.51112318,0.050634332,0.251869577,0.921683882,0.335410363,0.006087998,0.032209561,0.016861246,0.121037632,0.145901211,1.744800037,0.630971866,0.246241614,1.000751324,8.058449722,4.8097660386,2.748689966,0.254647956,4.567599614,7.958501384,0.1612607134,0.428460499
1910,BB,Company 503,Rating agency 4,12/22/2015,Consumer Services,1.461695044,1.409740175,0.87784904,39.33732892,0.166973752,0.222622194,0.957382385,0.243874758,0.093938137,0.140840509,0.287958688,0.552169235,0.738118384,2.08165353,0.679993864,0.090556533,0.559348176,2.409852001,2.711343233,3.091678166,0.223930954,11.06281329,4.293088948,0.297714782,3.613946091
1911,BBB,Company 96,Rating agency 1,12/22/2015,Technology,1.030490108,0.422115975,0.161908621,29.72684957,0.015947845,0.023914432,0.083349863,0.031291785,0.029551217,0.109704862,0.123035715,1.870876305,6.407189682,3.152316521,0.75425682,0.318428715,0.222128787,1.437972906,3.7914803116,4.133573269,0.024249451,4.652454435,6.435337305,0.069021507,4.490668108
1912,BBB,Company 559,Rating agency 1,12/23/2015,Energy,0.253566425,0.235003287,0.150520505,43.63768496,0.09105344280000001,0.11954004239999998,0.651500174,0.1529039616,0.0190742428,0.0163888278,0.12213034240000001,0.088031978,0.09074498,3.021669282,0.751615414,0.0,1.030351884,-1.726792919,9.019717398400001,4.002993544,0.11900043739999999,3.6013774786,-1.681325268,0.15937316340000002,0.479342817
1913,BBB,Company 413,Rating agency 4,12/23/2015,Public Utilities,1.770434607,0.631025386,0.263541313,94.62084683,0.124379412,0.221821333,0.476489357,0.339181031,0.046603621,0.154827461,0.120068619,0.375569936,1.154669807,1.192754268,0.471444163,0.443412168,0.429050527,1.263901516,1.908784122,2.569319535,0.295910619,3.514256789,2.948404974,0.362333967,1.623648267
1914,BBB,Company 367,Rating agency 3,12/28/2015,Energy,0.771176793,0.608328475,0.069603192,34.449096364,0.221142256,0.22687143,0.76111568,0.227142342,0.010016577,0.010626312,0.016800725,0.044396629,0.072528734,0.703178172,0.412908587,0.012657685,-0.105027517,-0.252932349,1.331164988,1.692774755,0.224838925,13.181065826799998,2.402981764,0.338319463,1.935582909
1915,BB,Company 167,Rating agency 3,12/30/2015,Public Utilities,0.617269837,0.476285023,0.040017733,51.70780967,-0.077703339,0.1340861216,0.782289784,0.030833179,-0.01161882,-0.036862739,0.03347000060000001,0.151088567,0.249873426,1.4577482526,0.880871392,0.232130001,-0.182159931,-0.650612,0.200112092,3.0075197123999997,0.13942065,19.48368754,3.544673862,0.362197537,2.205431454
1916,BBB,Company 554,Rating agency 4,1/5/2016,Health Care,1.516862989,1.402925361,0.182999655,60.371715194000004,0.150673956,0.177786637,0.419942675,0.179943196,0.140265664,0.245654468,0.312102151,0.914416453,10.38115694,1.259281078,0.559072335,0.140389344,0.829189355,3.83009634,3.144290127,2.243441896,0.180739662,13.93463357,4.610723907,0.177429013,2.787130241
1917,A,Company 317,Rating agency 3,1/7/2016,Consumer Services,1.866888297,1.090559738,0.293216979,59.87817536,0.053790601,0.087826369,0.3516198,0.053153224,0.077933563,0.185255508,0.297002371,1.473663953,4.003907624,2.7664787,0.736669979,0.393242595,0.291395866,1.904889117,2.2981016036,3.817734667,0.08834797,15.38479263,6.46183683,0.089880605,6.626803287
1919,A,Company 220,Rating agency 3,1/8/2016,Consumer Services,1.01696999,0.7568592,0.263761123,56.31610745,0.160070311,0.253698914,0.455708693,0.248650285,0.09598281,0.189089526,0.186444249,0.591439895,2.073582323,0.89418911,0.447156783,0.371642049,0.628384973,4.248147584,2.525357197,1.96619111,0.257989026,11.58661863,6.803998306,0.219014862,3.580616988
1921,BB,Company 307,Rating agency 3,1/11/2016,Technology,1.610335777,1.457208079,1.031613357,62.38410407,0.043181903,0.060901261,0.470317799,0.163411452,0.00733546,0.011361947,0.020228687,0.174030193,14.92400626,1.767173774,0.632332138,0.295492789,0.942244354,2.359700321,4.746216871,2.757305933,0.061154021,16.10650267,2.512009891,0.232057936,2.7462936642000004
1922,BBB,Company 289,Rating agency 4,1/11/2016,Public Utilities,1.953982043,1.582793862,1.074057882,41.66390874,-0.024806928,-0.037618022,0.995738807,0.022724117,-0.006962397,-0.011739327,0.08945684000000001,0.278047234,0.398055278,2.185387911,0.686678098,0.448670011,-0.063882135,-0.611644642,4.081817806400001,3.17936804,-0.037996885,19.52005277,9.506322128,0.329889236,4.332039585
1924,BBB,Company 193,Rating agency 3,1/11/2016,Miscellaneous,1.4948824,1.064670801,0.288318196,93.34814882,0.095867961,0.15657537,0.33686554,0.167137569,0.023836639,0.043100186,0.067963296,0.250285422,10.77717197,1.814216218,0.649440971,0.363830015,0.888742331,3.535141484,1.9327516268,2.793350139,0.157124227,15.56194236,4.011585895,0.172473163,3.71265534
1925,BBB,Company 353,Rating agency 2,1/11/2016,Consumer Services,1.136640717,0.573918389,0.210804087,31.13750011,0.0407691322,0.128653396,0.908170888,0.260199271,0.068448511,0.022497427,0.212912492,0.16722765,0.385435157,2.107631879,0.684902121,-0.107726021,0.497989936,2.676000652,2.769862756,3.129450264,0.129304346,20.28056456,5.400632903,0.2827528452,2.240013556
1926,BB,Company 483,Rating agency 3,1/12/2016,Basic Industries,1.462395454,0.997424339,0.32341456,67.38608719,0.036558211,0.088107725,0.372999752,0.103830092,0.048504703,0.186203628,0.085403868,1.307649579,5.488558544,0.759547173,0.430129786,0.580597704,0.802389954,1.723668742,2.6094470984,1.765212014,0.090045885,10.92327875,2.137530664,0.139019611,6.271704012
1927,BBB,Company 453,Rating agency 3,1/12/2016,Consumer Services,2.094185028,0.507678077,0.446677328,0.0,0.079979942,0.12733254,0.390009529,0.129849228,0.142378706,0.1395558486,0.351070976,1.77247398,7.082325725,1.45398627,0.588384463,0.365084074,0.727767829,4.573037088,5.291633771,2.478286516,0.126611252,8.228892694,6.398191876,0.099892876,6.231698733
1928,BB,Company 297,Rating agency 3,1/15/2016,Energy,1.468329223,1.375325735,0.036750575,22.05044512,0.001549392,0.001547634,0.050716776,0.005202928,0.003979139,0.004859213,0.012327957,1.8225693325999999,10.32819444,2.093748296,0.673333626,-0.137044836,0.224085804,0.000681813,1.9564340378,3.061417558,0.001571219,4.620348125,0.003027789,0.01562434,19.10324518
1929,BBB,Company 495,Rating agency 3,1/15/2016,Basic Industries,2.94350466,1.44926272,0.355150572,48.7305708,0.112547482,0.156969805,0.314987338,0.165586531,0.0855623888,0.16433629219999998,0.220132123,1.660906076,5.279521582,2.308876772,0.704211903,0.296082221,0.530642153,5.680268612200001,7.706196656,3.334211549,0.159283839,12.52879909,7.7530293384,0.124371778,11.44930461
1930,BBB,Company 189,Rating agency 4,1/20/2016,Capital Goods,2.609049853,1.282595062,0.218345717,60.94731306,0.09700526759999999,-0.145990313,0.306253094,-0.136221878,0.0641586706,0.06874403,0.14289255680000001,0.931738101,3.274090558,1.118804519,0.530837024,0.04333227,0.709540657,3.159222981,4.8414011492,2.099785666,-0.145624065,12.245639084599999,4.453269725,0.132426598,9.750093982
1931,BBB,Company 197,Rating agency 3,1/20/2016,Capital Goods,1.708758842,0.489303871,0.224414822,27.01849969,0.043526626,0.061069001,0.17847576,0.061870646,0.040794629,0.077122133,0.141684879,0.947297676,5.591443239,2.436771346,0.701331495,0.289245326,0.642374148,2.795586511,2.640069303,3.400779568,0.061542159,10.65779401,4.327285358,0.086905335,11.15074408
1932,AA,Company 10,Rating agency 3,1/21/2016,Public Utilities,1.050380463,0.65954859,0.066958872,46.72601254,0.056214163,0.088589911,0.22822164,0.116802716,0.025943728,0.059944632,0.087110937,0.456306864,0.627398403,2.351007632,0.70436493,0.36930817,0.116947535,1.350840663,0.752754998,3.338045353,0.117366925,7.460011815,11.57752523,0.223730916,11.60246789
1934,BBB,Company 63,Rating agency 3,1/21/2016,Basic Industries,2.258159325,1.008146328,0.2143961,26.21764426,0.136708844,0.189910329,0.215971869,0.187638664,0.10721767359999998,0.176628769,0.2572581142,1.430584023,3.646662299,2.497448533,0.710028484,0.276821327,0.759415364,9.418244941,5.921012771399999,3.481183533,0.189266667,5.952372262,12.67589195,0.179414026,15.79411181
1935,B,Company 457,Rating agency 3,1/22/2016,Energy,1.546253188,1.45266283,0.145110262,52.25844968,0.11971834520000002,0.1254414592,0.996475299,0.10287066339999999,-0.0077184946,-0.015011501200000003,0.003912524400000001,0.33530989,0.510346738,1.1719050312000001,0.926969261,0.07461154,0.5001828146,-1.585648038,5.5031193396,2.3502397344,0.1248412418,-1.381621415,1.594091989,0.20896199859999998,0.0
1936,BBB,Company 417,Rating agency 3,1/22/2016,Health Care,2.166562374,1.215154169,0.649906137,72.12096942,0.07060905,0.114311918,0.370684665,0.115117808,0.042725216,0.08841598,0.316051023,0.60165549,3.635133186,2.1125096046,0.873579359,0.377183446,0.657277893,0.887133303,3.4539110870000003,2.896328552,0.115435169,10.3409154266,1.338290713,0.138427354,5.944084366
1938,BB,Company 269,Rating agency 3,1/26/2016,Capital Goods,1.90533118,1.249475185,0.3701491,57.95695503,0.022433837,0.035372464,0.179444149,0.046525671,0.026165479,0.052315552,0.057102724,1.164390442,8.736932344,1.174551388,0.536749465,0.363856181,0.854877144,2.370747428,2.20424745,2.151116206,0.035584716,9.184743305,2.796866016,0.083506039,9.626816833
1940,BB,Company 507,Rating agency 4,1/26/2016,Health Care,0.996824391,0.529014075,0.480578495,0.0,0.015604498,0.030470209,0.923125522,0.03125896,0.048443966,0.186050158,0.163425075,0.33035490999999995,2.2706045994,2.420247703,0.707826269,0.48896638,0.774059466,4.296189754,3.4475551258,3.430923374,0.030717384,3.849578148,5.486306761,0.028880081,1.67290866
1941,B,Company 225,Rating agency 4,1/27/2016,Basic Industries,1.74892389,0.218380574,0.052416318,15.78928326,-0.014350022,-0.065542019,0.3740703818,-0.066763866,-0.0352517182,-0.035812576400000004,0.12529829939999998,0.339191501,0.579977086,4.950433218,0.837671975,0.138824102,-0.0164461046,-2.871393612,2.9367079051999996,5.945023909,-0.0659611518,-2.522799641,2.986127452,0.204075978,8.506525821
1942,BB,Company 163,Rating agency 3,1/27/2016,Technology,1.539710687,0.838275026,0.502755976,44.93233449,0.059153947,0.062255559,0.338231186,0.074827373,0.053169928,0.084012417,0.127372632,0.90873491,2.741620878,1.412503252,0.582694725,0.049053345,0.425395586,0.473364384,1.478575403,2.419097694,0.062733745,6.873307613,1.114241815,0.13459707,6.87240365
1944,BBB,Company 447,Rating agency 4,1/27/2016,Finance,0.737496033,0.743361588,0.222774083,54.94006331,0.111031961,0.152771799,0.995317601,0.152664303,0.024392575,0.036829307,0.07488313,0.219811407,7.2446700562,2.014233469,0.663421341,0.257943139,0.910131543,4.863307477000001,4.9427886262,3.03095341,0.152173053,9.30796761,6.9656167048,0.064700545,0.0
1945,CCC,Company 192,Rating agency 4,1/27/2016,Transportation,1.742602,1.699635409,0.578884285,39.39756997,0.020206946,0.031492646,0.117615173,0.033233899,0.054294524,0.118760062,0.108526457,1.5685609896000003,9.437779728,1.002589768,0.503317948,0.366168283,0.514782129,2.483037776,6.364290066,2.022537975,0.031456393,6.565021503,4.814478144,0.048268241,13.56247206
1946,B,Company 446,Rating agency 3,1/28/2016,Consumer Services,3.635447806,0.9926404,0.19831191099999998,27.76099136,0.01220149,0.031589192,0.571111117,0.132232461,0.007454371,0.02121929,0.0328862682,0.6089932,1.125908547,1.8925390424,1.011197287,0.620505471,0.57239551,1.06554112,4.661134941599999,2.8897578112,0.031751474,11.63489829,1.870069189,0.207398876,14.08363856
1947,BBB,Company 186,Rating agency 3,1/29/2016,Energy,1.158832393,0.671957484,0.375987791,27.78867615,-0.119795745,-0.105831761,0.293088654,0.040797065,-0.050651454,-0.026753089,0.14482840540000003,0.422557209,0.588635419,1.966775779,0.655416053,-0.128220141,-0.306520225,0.7645664685999998,1.2777901244,2.970157598,-0.055028667,12.13465692,3.4838510361999995,0.224766581,4.754869198
1948,A,Company 113,Rating agency 3,2/1/2016,Energy,1.384287146,1.074565214,0.175258925,107.4842673,0.0344946248,-0.084989195,0.228051681,-0.041709531,-0.0671368,0.034985783,0.0339356994,0.525252347,1.072956709,1.171940324,0.540495645,0.3340708868,0.07655381,0.24703085,4.243937814200001,2.175432265,0.052274318,10.91752236,3.174279018,0.1585092,3.791167084
1949,A,Company 57,Rating agency 3,2/1/2016,Basic Industries,1.524717841,1.331296597,0.926601355,39.48097554,-0.02486637,0.003677846,0.199676992,0.100965063,-0.009509426,0.010666755,0.1408091372,0.381118366,0.573378491,1.272457117,0.51981205,0.3279201134,0.63212274,5.457705979,4.4956532633999995,2.448245206,0.025142191,11.22071012,8.561229938,0.352635889,4.036714152
1950,BBB,Company 107,Rating agency 2,2/1/2016,Consumer Services,1.7655445262,1.419093544,1.111990778,16.80201419,0.115015188,0.172070919,0.592492141,0.207658097,0.094127672,0.164610635,0.172196286,0.814273389,4.771510027,0.821795274,0.448562428,0.340235779,0.596056292,2.821564257,4.4734592264,1.84432579,0.173147518,11.11953446,4.80028771,0.143371328,5.415798254
1951,BB,Company 544,Rating agency 3,2/3/2016,Consumer Non-Durables,2.025723456,1.286724118,0.560527227,27.50112956,0.038930637,0.050941002,0.248805492,0.077553948,0.035260565,0.055211007,0.122425661,0.901348462,2.190835492,2.490878614,0.710578332,0.575902592,0.163488599,0.597586536,1.3503450948,2.8606840682000003,0.050992191,9.539006523,3.650659643,0.084499519,4.736924368
1952,BBB,Company 386,Rating agency 3,2/3/2016,Technology,1.467140982,1.030165544,0.46193487,7.960918386,0.087746666,0.169755829,0.96746565,0.177267613,0.073879777,0.220831879,0.157091237,0.840956977,6.177195593,1.140884285,0.532129907,0.417023636,0.906145371,4.862645465,6.030267739,2.110824875,0.169022626,10.6790313878,5.375205763,0.358821494,0.733874724
1953,C,Company 150,Rating agency 4,2/3/2016,Basic Industries,1.696950714,0.568022405,0.485944567,7.236807434,0.0564370598,0.156421384,0.11837987,0.075341537,0.0445618276,0.201351875,0.376468275,0.943639903,1.918489018,2.2340165276,0.6735000438,0.535880911,0.8571414580000001,-0.278469892,1.894912663,3.2207174048,0.156610559,9.709819164,0.248603072,0.018647952,16.62057394
1955,CCC,Company 305,Rating agency 4,2/3/2016,Energy,0.76682639,0.365413203,0.000917891,40.57599716,0.1407908348,0.1156802894,0.541601103,0.15281441820000002,-0.00020914360000000022,-0.002666555200000001,0.0975258382,0.160843594,0.167101825,1.278423793,0.556539854,0.231317683,0.055725188,0.185106288,0.001478683,2.276380357,0.11557116460000003,-3.642939827,3.26107673,0.2415816052,1.496803609
1956,B,Company 298,Rating agency 3,2/4/2016,Public Utilities,1.051421993,0.845319605,0.160596033,32.1969038,0.10167381780000002,0.1291278938,0.716058517,0.1451464492,0.004394214,-0.008988424,0.039945195,-0.017468698,-0.02378218,1.6076470881999998,0.887888131,0.4292517964,0.211332367,4.080164494,4.281478214,2.929912553,0.129559896,8.212537013,4.0575975078,0.1408323766,0.763963555
1958,BBB,Company 577,Rating agency 2,2/4/2016,Technology,1.339108516,0.735396596,0.665369991,0.0,0.100489827,0.115030949,1.000697845,0.129864052,0.049298358,0.114789354,0.119563175,0.492485431,6.873727437,1.406648014,0.583749217,0.121064283,0.87992945,0.97656496,1.3702833734,2.40362847,0.131491303,13.99928562,1.115981603,0.200432215,0.0
1960,B,Company 252,Rating agency 3,2/8/2016,Energy,0.968710671,0.521384489,0.009009542,17.07833948,-0.033191999,-0.039488992,0.141731291,0.017958377,-0.047034311,-0.072158422,0.082172281,1.424485607,2.442209573,3.869165043,0.791235356,0.170711574,0.099526438,0.49448637,2.5207321078000002,4.873512048,-0.039488435,11.47288122,5.102872124,0.089893033,11.36298071
1962,B,Company 498,Rating agency 3,2/8/2016,Consumer Services,1.307374168,0.832465686,0.002223306,49.10100813,0.04162422,0.067006795,1.005980374,0.124338192,0.01861185,0.031996577,0.053279377,0.44673174,2.517589731,1.828686613,0.646050293,0.376727225,0.999073155,0.001429036,3.82e-06,2.868630835,0.067646634,8.095532836,0.001429564,0.137018836,0.0
1963,BBB,Company 156,Rating agency 4,2/8/2016,Consumer Services,1.638250026,1.121188392,0.445882516,53.1535849,0.073944444,0.101759283,0.42198488,0.173933648,0.067329603,0.11483279,0.15719156660000003,0.900799024,9.273080899,2.3278462085999996,0.981590498,0.26245556,0.866749966,2.325974391,2.076772204,3.347538265,0.100324292,17.28340296,2.693895292,0.124555386,6.827972048
1964,B,Company 319,Rating agency 3,2/9/2016,Energy,0.934539931,0.3606585,0.121737955,19.15382001,0.0870790418,0.1254414592,1.004504743,0.1395949328,-0.012255753800000001,-0.028366047400000004,0.0039125244,0.276696963,0.311816166,1.330029773,0.575136224,0.178842973,1.000496906,2.56611872,5.9879718531999995,2.316041638,0.1248412418,-2.057934088,2.575067493,0.1977750282,0.0
1965,B,Company 237,Rating agency 3,2/9/2016,Energy,1.708033513,1.664592807,5.98e-05,31.56205503,0.10679253879999999,0.1569409426,0.995957429,0.1554899684,0.054069577599999995,0.1058789574,0.0923070264,0.275491709,0.312916595,2.033706534,0.664652075,0.37946009,1.007716324,2.1013006498,5.379647035,3.062889345,0.1564714204,3.304990774,14.34793066,0.192119593,0.0
1966,BB,Company 51,Rating agency 3,2/9/2016,Energy,0.931691883,0.659860445,0.007599935,29.17104842,0.1028764974,0.1215049718,0.995527218,0.0629566366,-0.0050176838000000005,-0.009658195800000002,0.031713828,0.210359642,0.236129021,3.757471752,0.789840377,0.306786689,1.004209197,2.45675199,0.417787981,4.703510781,0.12062632440000001,-0.668272277,2.501815489,0.1882300248,0.0
1968,BB,Company 370,Rating agency 3,2/9/2016,Energy,1.449652575,1.246826515,0.581660379,38.82545947,0.1558841278,0.2042385736,-0.009643863,0.1237840934,-0.01766057,-0.031005204,0.094754401,0.074151252,0.084147444,1.142532838,0.529990324,0.388520302,0.6178185762,-4.330137942,2.976750684,2.145861121,0.204238629,8.094938951,2.711489506,0.1920223402,1.796203869
1969,BBB,Company 331,Rating agency 3,2/9/2016,Public Utilities,0.707853109,0.457454946,0.090837082,51.80951174,0.120203015,0.152100895,0.337659306,0.212024077,0.027699385,0.039384787,0.080691901,0.236770263,0.346725026,1.861791499,0.642316777,0.215895319,-0.302582337,-1.263898937,0.607917323,2.927103128,0.15335501,12.66492322,4.176979296,0.248079039,3.143723047
1971,CCC,Company 154,Rating agency 4,2/11/2016,Energy,0.886606028,0.838720992,0.026561302,58.808835,0.13687443940000002,0.15229983019999999,0.992239014,0.1695286426,0.07970379600000001,0.10004110699999999,0.2781881978,0.179648822,0.190163628,1.400666778,0.587802686,0.258430682,1.003102557,5.419781433,3.5800926988,2.38728513,0.1526242406,5.870503258,5.363624794,0.158057499,0.0
1972,AA,Company 512,Rating agency 4,2/12/2016,Technology,2.1466905354,1.3466334718000001,0.852962057,56.6409793,0.218781245,0.264158945,0.625539584,0.257696796,0.110705989,0.152060293,0.134877611,0.512840259,2.589085868,0.22742804,0.5042847684,0.167428494,0.619610598,1.9231249589999997,5.1740582918,1.233149541,0.260308033,9.916129351,2.6652040479999997,0.348767703,14.56834024
1974,B,Company 381,Rating agency 3,2/12/2016,Capital Goods,2.657399086,1.948858275,0.801266137,57.07087413,0.008542415,0.020233875,0.132953826,0.046037935,0.016316316,0.052409579,0.107155575,1.898884893,11.56956733,2.209534635,0.847986109,0.584509432,0.732525731,1.385683869,3.162535634,3.2046680992,0.020352951,4.108252504,1.893126661,0.067178778,10.74245917
1975,A,Company 3,Rating agency 4,2/16/2016,Capital Goods,1.100667687,0.858096477,0.294135387,76.88815882,0.122951022,0.170790322,0.304852598,0.169138661,0.097488698,0.214678516,0.260860964,0.783998536,6.604121058,1.692170013,0.626182351,0.266603898,0.807892195,5.661121363,8.4497738334,2.708568743,0.169052211,10.31325598,6.962400415,0.140946588,4.773431429
1976,A,Company 187,Rating agency 4,2/17/2016,Consumer Services,0.675783232,0.512816056,0.126565675,33.69067862,0.109027042,0.179181556,1.000705138,0.21645727,0.04880752,0.089913694,0.156473562,0.451170462,2.2012689,2.169076715,0.687880287,0.371814224,0.478915179,3.580421293,1.6130082264000003,3.202693209,0.17874366,6.699729327,7.610042775,0.250582554,0.0
1977,BB,Company 339,Rating agency 2,2/17/2016,Consumer Services,0.575653497,0.235199716,0.093385055,67.40594519,0.1087155216,0.12104027839999998,0.31658127,0.029112346,0.028095576,0.001620262,0.095192722,0.051782241,0.216374277,2.365231319,0.702079181,0.13932023619999997,0.7026252672,1.062178798,3.7247922172,3.354590923,0.02912476,17.81105788,0.047724387,0.065557723,1.186122051
1978,BBB,Company 527,Rating agency 3,2/17/2016,Capital Goods,1.797852504,1.532436949,0.697993201,55.72335119,0.057780812,0.08982284,0.381290716,0.109835353,0.067233233,0.132350024,0.270499465,1.160883369,3.865144378,3.020735835,0.755858169,0.360643462,0.769179182,1.8902780959999999,7.106513679600001,3.2670171658,0.090442676,6.861208183,2.8058789722,0.117434082,13.74466214
1979,BBB,Company 542,Rating agency 3,2/17/2016,Technology,1.356799057,1.230987639,0.751208511,29.28573045,0.192099311,0.203070437,0.678295141,0.20943592,0.142214377,0.273430295,0.28906708,0.7300139,9.758363538,1.022049061,0.505017455,0.053880702,1.006879134,3.415534526,9.7530172,2.025124019,0.204615879,14.17994603,3.42722768,0.234408868,9.3833831852
1980,AA,Company 587,Rating agency 1,2/18/2016,Consumer Services,0.861030583,0.726506187,0.282857093,98.72219695,0.081294502,0.126079786,0.606805196,0.132757385,0.081311672,0.0681818784,0.235625511,1.001073692,19.72087446,1.7659507665999996,1.05036703,0.355880445,1.008022681,4.145136818,1.0993117168,2.5342596829999997,0.127032301,8.3360909714,4.11222221,0.158931492,2.158951634
1981,B,Company 141,Rating agency 4,2/18/2016,Energy,0.865742908,0.57932743,0.169037336,62.8798383,0.1554799856,0.16318155280000002,1.007725956,0.1594289086,0.0435977584,0.0975972862,0.170864183,0.264190712,0.311383513,1.156051286,0.536136102,0.314239859,0.5648911102,0.3202604085999998,2.59770515,2.159697181,0.1698528588,5.135651527,6.728737674,0.388546661,0.0
1982,BB,Company 360,Rating agency 3,2/18/2016,Basic Industries,3.244620726,1.64715784,0.5803252186,13.05260948,0.12862378400000002,0.0749748136,-0.123208152,0.056405064000000005,0.035298421600000005,-0.108242088,0.0705859824,0.392099044,0.660447094,0.986300846,0.490568227,-0.166664096,0.373479177,0.317018784,2.9597220608,1.981450203,0.08489474999999999,13.277336378000001,0.842313401,0.317100393,9.001246938
1983,BB,Company 310,Rating agency 4,2/18/2016,Energy,3.457891531,1.4868977348,0.4811780154,39.8058147,0.053529554,0.051399452,0.09156736,0.196967177,0.024007775,0.040982907,0.049794868,0.442698218,0.604079559,1.070990684,0.524433968,-0.040068824,-0.163135501,-0.314231586,3.0072683531999997,2.101723431,0.085233747,4.446836147,1.941824967,0.128703596,6.151336834
1984,BBB,Company 203,Rating agency 4,2/18/2016,Public Utilities,1.148896772,0.947565852,0.255702338,4.296349344,0.1269815026,0.1674841194,0.999571395,0.2175327384,-0.056311036,-0.111990057,0.135100578,0.263623638,0.330274128,2.313976513,0.702685431,0.455806966,-0.191132078,-1.946171172,3.4847468677999998,3.293071299,0.16719851440000003,5.605128564599999,10.09692767,0.480505564,0.0
1986,BBB,Company 90,Rating agency 2,2/18/2016,Health Care,1.1179723054,0.6234028572,0.480781639,50.27205337,0.0815930154,0.10752451839999999,0.7992444,0.1184956842,0.09675978,0.126466831,0.246417454,0.304389388,4.398676344,1.562137198,0.607480722,0.131529178,0.92611989,4.0881194802000005,6.0636499308,2.565577266,0.10749098200000003,13.45446134,11.95424858,0.415091621,4.365203801
1987,BB,Company 382,Rating agency 4,2/23/2016,Consumer Non-Durables,2.440815214,1.497106388,1.061883949,42.40764496,-0.113411843,0.0837243722,0.485008019,0.2174017154,-0.054746414,-0.106969642,0.2431960654,0.483061797,5.051029435,1.661776826,0.620426983,0.356999109,0.330832753,0.801061015,11.4474949,2.689204599,0.0837557502,8.006926459,2.37895203,0.061581644,5.218849333
1989,BB,Company 420,Rating agency 4,2/24/2016,Technology,2.989444229,1.887263421,1.142549809,43.03065057,0.015815928,0.01282224,0.338008487,0.015813435,0.01331576,0.013340892,0.023669804,0.836392434,2.972464635,0.763223849,0.427091632,0.234118675,1.000819146,0.939905109,2.37561419,2.1386093616,0.013005806,5.190020284,0.951253285,0.122606662,8.715910379
1990,BB,Company 460,Rating agency 3,2/24/2016,Capital Goods,2.33264838,0.843509265,0.161258625,39.71299873,0.016932289,0.026393365,0.237008169,0.049820349,0.019956586,0.03845843,0.079016356,1.154862624,5.346401577,2.993869124,0.749868039,0.357692658,0.033046851,0.055984078,1.175465379,4.057188164,0.026451927,8.779937081,1.704208391,0.037524337,7.70091171
1991,B,Company 403,Rating agency 3,2/25/2016,Consumer Services,1.533190256,0.66065808,0.516608116,0.0,0.018029752,0.021008835,0.322945308,0.045554305,0.012006258,0.021189319,0.055005322,0.661065022,9.1430977856,3.606563854,0.788750224,0.135425672,1.117615796,-1.985613889,2.5410527505999996,4.615931958,0.020899105,10.20060692,-1.770685187,-0.110406346,17.98190145
1993,BB,Company 561,Rating agency 3,2/25/2016,Capital Goods,3.45833482,2.183157439,0.858949327,64.27499957,0.037986372,0.073256675,0.252699056,0.088787139,0.030830815,0.068051658,0.048447617,0.803837282,10.89749022,0.560721791,0.356831776,0.48243311,0.723258005,1.760301451,4.78143793,1.556396514,0.073801798,11.36637203,2.40562316,0.073829498,11.5449458
1995,BB,Company 536,Rating agency 4,2/25/2016,Public Utilities,2.560989388,1.804587489,0.710466588,16.27052171,0.020005098,0.02941263,0.088364838,0.039397975,0.073155043,0.1979403,0.187597737,0.8658505622,13.99412516,1.615365543,0.615472136,0.329872362,0.778806961,2.21772482,1.4266253191999998,2.631103353,0.044918463,3.473978574,2.870653246,0.041984686,1.8822926054
1996,BB,Company 114,Rating agency 4,2/26/2016,Basic Industries,2.1740845772,1.5868098086,0.41951749099999996,5.992474335,0.084751634,0.12734004,0.039383409,0.126894678,0.055820755,0.08687025,0.142602705,0.655033463,6.8753030916,1.565696476,0.613179082,0.321126011,0.99916763,-2.063677452,5.608081034,2.539643241,0.128906347,7.129479879,-2.061892934,-0.044333498,5.676404707400001
1997,BB,Company 442,Rating agency 3,2/26/2016,Consumer Durables,1.12736648,0.749882317,0.212980418,44.24809498,0.102826202,0.063281613,0.395339751,0.098743994,0.122260174,0.102556878,0.22073752359999999,1.189579842,8.646336475,2.1929162018,0.880157675,0.14723995039999999,0.726719073,1.5378231548,6.0860689390000005,3.1342378284,0.0639664,0.266023949,2.006755033,0.073798317,7.087874105
1998,B,Company 83,Rating agency 4,2/29/2016,Energy,1.446815485,1.178159612,0.592025611,54.27350942,0.153627916,0.220781017,1.009648921,0.27506295,0.039555545,0.061798025,0.076652683,0.258552075,0.291606333,0.92618781,0.479863695,0.215680196,1.008399228,7.347949017,2.123782775,1.928743021,0.220693083,3.745088309,7.302785564,0.23094650019999996,0.0
1999,BBB,Company 409,Rating agency 4,2/29/2016,Consumer Services,1.022857139,0.525017186,0.410874614,0.0,0.02875316,0.044580285,1.000047414,0.044730634,0.016427275,0.0296414,0.031110492,0.57513375,1.067572106,0.899827489,0.471463613,0.358954712,0.496600157,1.868289651,4.2870688088,1.897367273,0.04518485,12.46207246,3.776522277,0.125460607,0.0
2000,B,Company 304,Rating agency 3,3/1/2016,Consumer Services,3.131508958,0.115511744,0.116397983,0.0,0.058253028,0.090624027,0.392912964,0.098526202,0.075350834,0.131452868,0.135968924,1.279388624,10.25071459,0.810346106,0.448955329,0.340026756,0.676023255,1.178194338,0.284056027,1.822100093,0.090298939,10.19931169,1.724666956,0.074098434,10.46201102
2001,CC,Company 335,Rating agency 3,3/1/2016,Energy,1.915290233,1.00594407,0.812446365,32.93661882,-0.112908724,-0.095344551,0.85253339,0.10676701159999999,-0.057798149,-0.062503628,0.0688235136,0.506209004,3.078673464,2.895629943,0.745402807,0.3267119868,0.6316987883999999,-3.251506699,7.744073104,3.898783226,-0.094756979,2.2664661152,-1.513652745,-0.074492121,1.127887022
2003,BB,Company 426,Rating agency 3,3/2/2016,Consumer Services,1.254906194,0.375703731,0.374690427,0.0,0.042661749,0.066078085,0.298031542,0.065880849,0.092860704,0.235324785,0.189680224,1.2432765853999999,8.723470296399999,1.043595823,0.509732778,0.357022064,0.672626772,2.847125523,5.430615456,2.072922494,0.065236564,5.38025116,4.23576196,0.052114885,7.940010834
2004,B,Company 571,Rating agency 4,3/3/2016,Consumer Non-Durables,1.6563683148000004,1.1628674022,0.295875284,47.36439207,0.07446734,0.084492927,0.433679948,0.109605096,0.048479574,0.06165052,0.10018766,0.651668895,3.393454094,1.056641974,0.520747201,0.111056623,0.408759553,0.347986688,2.531831864,2.075926358,0.085438334,8.793502883,0.86883889,0.110917121,16.69496696
2006,BBB,Company 137,Rating agency 4,3/3/2016,Health Care,2.257467818,1.645203253,0.957310642,61.4195286,0.143774395,0.175382803,0.664961035,0.188057611,0.089187232,0.136260827,0.168331604,0.614581702,8.250777895,0.91331144,0.474433098,0.171525594,0.696512957,1.685546054,3.5857568555999997,1.924980656,0.174176353,16.66178117,2.371046156,0.090999741,8.176354191
2007,B,Company 287,Rating agency 4,3/8/2016,Consumer Services,0.650866729,0.306384302,0.19312198,7.531951682,-0.0168495,-0.009304815,0.656479481,0.002143221,-0.041020087,-0.041783273,0.09808563979999999,0.8344601484,3.661878174,0.0,0.651436699,0.30037904959999995,0.907110287,0.490770025,0.2215176026,4.42340328,-0.009275554,4.109922175,0.549718046,0.036959865,5.525908546
2008,A,Company 89,Rating agency 4,3/9/2016,Consumer Non-Durables,0.86240332,1.114410223,0.331539217,0.0,0.205943459,0.316337682,0.438533129,0.329691036,0.159733496,0.1937917176,0.1354568292,0.783375786,12.84317036,1.0743044785999998,0.905003139,0.352692311,0.959166184,2.842958291,5.1001072035999995,1.8555396058,0.317380633,15.17380537,2.964990225,0.227304515,19.25673502
2009,B,Company 148,Rating agency 2,3/9/2016,Energy,0.554218622,0.487224007,0.021156198,38.4030635,0.18661601440000003,0.2303660092,0.470593771,0.2509307106,0.0878587108,0.15397543019999999,0.2442076934,0.388960698,0.414870631,2.558284213,0.710690568,0.303058154,0.324298646,1.326580315,0.046823931,3.546818903,0.25445589820000003,-1.544281199,4.100245542,0.18047899979999998,3.207672383
2010,BB,Company 534,Rating agency 3,3/9/2016,Health Care,3.202705361,2.263421101,0.772783521,0.0,0.0290235852,-0.017556317,0.775479401,-0.025567329399999998,-0.018565917,-0.0399118786,0.020661078399999998,0.335341503,2.473869744,0.41129178,0.290556611,-0.014143,0.9024947946000001,-0.629485655,1.6302629632000003,1.6918098190000002,-0.0174456506,4.826863696,-0.272429174,-0.064679986,0.825906823
2011,BB,Company 87,Rating agency 4,3/10/2016,Capital Goods,1.318767615,0.682569895,0.59140836,0.0,0.050139868,0.09657723,0.316968197,0.127422221,0.063005198,0.219224667,0.14045350280000002,1.25700903,7.018517748,2.0791068812,1.0190143,0.422509565,0.766520816,1.601935496,2.2597579846,2.4807103398,0.09699699,10.29029764,2.067227948,0.097347649,6.467729205
2012,BB,Company 458,Rating agency 3,3/10/2016,Energy,1.765070613,1.561863944,0.032980357,7.362661467,0.237757856,0.1586396038,0.997736408,0.18976029700000002,0.06590107,0.116582327,0.15874022,0.278954927,0.369898568,1.38009284,0.585457631,0.366686828,0.050142850399999994,-4.857816464,3.786803603,2.384480923,0.158441393,4.88506027,3.636740807,0.2554849,0.0
2014,BBB,Company 316,Rating agency 4,3/10/2016,Finance,1.3396286199999998,0.6711352502000001,0.21889543,6.284960293,0.070420545,0.101725571,0.490147227,0.101357675,0.023333104,0.040046518,0.109470102,0.332161613,7.420003534599999,3.760900624,0.787826681,0.312000773,0.920542714,6.609470888,5.2864411082,4.677698456,0.101148249,4.372398205,7.104675215,0.122252228,16.26367005
2015,BBB,Company 106,Rating agency 3,3/10/2016,Miscellaneous,1.091869668,0.282965271,0.217670111,26.89928647,0.099707565,0.150633242,0.633721837,0.165090904,0.048469982,0.151556496,0.368062117,0.477408672,7.37858605,2.311204345,0.872487625,0.259753622,0.786232207,4.914857427,4.560612045400001,3.3397209714,0.151035141,7.685785228,6.286626949,0.152851223,3.240474971
2016,BBB,Company 520,Rating agency 4,3/11/2016,Capital Goods,2.430741268,1.744130326,0.822476786,74.18833823,0.09279444,0.109511853,0.386716531,0.123366251,0.073380356,0.105001908,0.162284361,0.780305381,8.371214485,1.242372831,0.553183944,0.15706154,0.741491714,1.936786791,3.792907048,2.2413475,0.109422006,12.30443613,2.589200267,0.125856605,6.716790359
2017,CCC,Company 373,Rating agency 4,3/11/2016,Energy,0.988589719,0.664460357,0.026188937,48.81518275,-0.05576942,-0.078021224,0.991559325,0.1665634758,-0.007156345,-0.010630511,0.0702340486,0.128083375,0.137499633,1.429053368,0.586930058,0.288413963,1.006673093,2.766596054,6.4627760912,2.457465409,-0.078643108,7.832949525,2.76420159,0.21600400560000002,0.0
2018,CCC,Company 278,Rating agency 3,3/11/2016,Capital Goods,1.0979357874000002,1.0116449914,0.22883033679999998,51.141992744,0.08946108259999999,0.140007051,1.727421038,0.33036699,0.142607141,0.009177931,0.09720561,0.064226438,7.022730199,2.843544451,0.735732489,0.1305517982,1.191723635,-3.542614523,4.9559560968,3.855868232,0.141456293,5.3080800952,-2.933408893,0.008482641599999998,-1.023938733
2020,A,Company 322,Rating agency 4,3/14/2016,Basic Industries,1.813941224,1.142710421,0.660206901,24.02870962,0.022801928,0.040432929,0.060258394,0.040189026,0.053548273,0.154691455,0.138620269,1.2547844983999998,7.974871116600001,1.559127781,0.604782776,0.337290781,0.71826509,4.237665038,5.709912955,2.539524988,0.040050774,7.877155282,5.887058623,0.046479929,13.45667671
2021,B,Company 244,Rating agency 3,3/14/2016,Energy,1.4143560652,1.0746584396,0.6326834372000001,61.71466275,0.027315732400000004,0.024786484399999996,1.004216819,0.013822931400000002,-0.019554302000000003,0.181384841,0.08643656959999999,0.33741181,0.969825087,1.254570062,0.511692128,0.0,0.979674086,3.8732063111999997,7.091610912600001,2.2466693429999998,0.0247709646,5.994767054,6.502360638000001,0.1832220014,0.0
2022,BB,Company 160,Rating agency 4,3/14/2016,Technology,2.641549509,2.085877161,0.1892242862,38.59081275,0.100654738,0.108645906,0.290439001,0.110259366,0.09665453,0.131970234,0.160037502,0.956655078,4.893737645,0.644705845,0.389684625,0.07110916,0.723051326,7.045729848,10.0243836464,1.643198066,0.10849819,6.328033586,9.618066243,0.155072031,5.518766018
2023,CCC,Company 428,Rating agency 4,3/14/2016,Transportation,1.7597753587999996,1.103883426,0.4613180066,55.24851427,-0.065540038,-0.029438996,0.28955358,0.02018671,-0.021520467,-0.010312673,0.15583624720000003,0.328418424,0.666136123,1.509718803,0.601656268,0.371002909,0.5047076728,4.1687822442,3.1946477944,2.511325203,-0.029167683,8.589317882,9.773113873,0.16073536,10.40717875
2024,BB,Company 66,Rating agency 3,3/15/2016,Capital Goods,1.473223786,1.176369017,0.990182996,56.01267323,0.0338832726,0.02123715,0.131863636,0.021309836,0.043827231200000004,0.036240946,0.19626693499999998,0.695053467,9.325639931,3.450825677,0.767803532,0.394372792,0.447400311,3.550471808,7.2418010366,4.430404685,0.021138321,2.037956,8.054130138,0.104088788,5.866502194
2025,B,Company 486,Rating agency 3,3/17/2016,Technology,0.562281196,0.466429089,0.067814154,98.80009257,-0.028098132,-0.013076132,0.334974365,0.054422448,-0.023474178,-0.025833757,0.066564713,0.832029971,7.160625889,2.0442384676,0.7799863496,0.1636599334,0.849523756,2.814269922,1.346929507,3.4494523926,-0.013019693,13.01614043,3.276286551,0.123697999,2.43625978
2027,BBB,Company 166,Rating agency 3,3/17/2016,Capital Goods,2.249972303,1.021314325,0.654918651,29.31112795,0.118934832,0.121461559,0.167199498,0.130482675,0.136935801,0.18685765,0.371297322,1.140407004,3.375027083,1.71666553,0.637164049,0.025559878,0.722518582,6.698883585,5.7335944048,2.733860456,0.122744753,5.79575081,9.309753645,0.193704214,8.919011124
2029,BBB,Company 261,Rating agency 3,3/18/2016,Energy,1.216294448,1.055268848,0.695177599,30.47526245,0.1332800958,0.1392454648,1.004788375,0.190939954,0.0173933136,0.0371032854,0.0957522902,0.444840969,0.69265219,3.213168783,0.768139013,0.286815288,0.014071438,0.182820549,5.292920254,4.229530923,0.1394726884,-1.268733295,13.2481849,0.405513504,0.0
2030,BBB,Company 572,Rating agency 3,3/18/2016,Technology,1.003075802,0.714823489,0.181942995,56.20206805,0.134431291,0.199550004,0.857082189,0.24925425,0.075861419,0.135801053,0.26699493,0.560380006,13.15988794,2.509845148,0.721200097,0.358890549,0.733639691,4.203900059,1.184021757,3.520965872,0.199848923,8.640446676,5.792820586,0.256344743,0.71080745
2031,B,Company 325,Rating agency 3,3/20/2016,Basic Industries,1.541185933,1.105096969,0.396239241,4.950502223,0.028632252,0.01722919,0.399622995,0.061303471,0.020160671,0.014512197,0.080658065,0.690239825,7.426560511,3.04100204,0.746832605,0.12068661200000001,0.761308125,4.255849859,4.085629049,4.055826616,0.017430211,11.46070029,5.594819366,0.102370783,6.173296951
2032,A,Company 5,Rating agency 3,3/21/2016,Consumer Non-Durables,1.027502316,0.43558413,0.222023295,13.62872758,0.093632921,0.12910516,0.237836099,0.142432146,0.0402237406,0.0758978166,0.126333905,2.162963441,13.04448039,2.2306846906,0.6864455566000001,0.281781533,0.872104669,4.501152625,2.523162182,3.231629652,0.129412719,14.4137474,5.093934851,0.106521056,7.226746768
2034,CCC,Company 299,Rating agency 4,3/21/2016,Energy,1.868314137,1.014301179,0.158377138,45.97930362,0.08635843940000001,0.0963280728,0.368204056,0.1239849816,0.064970403,0.09803357319999999,0.169503104,0.462664705,0.657998319,1.956250117,0.660656469,0.000692606,0.065447647,0.197699864,2.0628833982000003,2.968138299,0.102767615,5.605222232,3.056701856,0.221838949,5.1164153546
2035,BBB,Company 334,Rating agency 3,3/23/2016,Health Care,1.415930037,0.949664735,0.537147845,98.40069207,0.081589889,0.112944107,0.578785141,0.161376193,0.029353889,0.077399149,0.053090719,0.361275214,3.020554407,0.817138813,0.444961505,0.283618527,0.864243898,5.558005,3.5118389478,1.839061052,0.162626279,12.27740242,6.483714394,0.284091593,4.348653029
2036,BBB,Company 574,Rating agency 2,3/24/2016,Energy,1.251939135,1.134703845,0.571312775,52.93642364,0.13687443940000002,0.142362991,0.99333042,0.0956693974,0.0302547458,-0.099189486,0.1287520014,0.128196669,0.146994583,1.337034654,0.570684109,-0.099498564,1.025061349,5.288603533,3.4354417865999998,2.325423202,0.14214801800000001,4.1981741128,5.110977693,0.14535859580000002,0.0
2037,A,Company 579,Rating agency 3,3/25/2016,Basic Industries,1.302986062,1.149143735,0.095482602,74.96889937,0.088689554,0.136429417,0.425354347,0.162552253,0.038036798,0.063498285,0.097259168,0.418306993,4.47685824,1.590901435,0.614307068,0.346981542,0.706326452,3.234447189,0.652804038,2.567067912,0.138378016,21.96578186,4.624711512,0.129417611,11.12952142
2038,A,Company 301,Rating agency 3,3/25/2016,Technology,2.863155672,1.310472432,1.295097347,0.0,0.140346765,0.200892271,0.412138215,0.214996254,0.119919116,0.202034435,0.366302924,0.845416993,8.486016398,2.009265696,0.674107231,0.299396195,0.876402197,5.431939226,8.468021861,2.987441906,0.202399377,11.1006797,6.260161834,0.17196379,17.44896627
2039,B,Company 376,Rating agency 3,3/25/2016,Technology,0.887394569,0.587912993,0.160197834,57.6862463,0.083864451,0.114108423,0.997119292,0.133958348,0.034763264,0.055837836,0.120771439,0.413461907,4.048292496,2.529366572,0.722872172,0.329822918,0.752308982,2.802441254,4.5993296112,3.50463058,0.113666239,12.79559182,3.673749326,0.216496866,4.863796961
2040,BB,Company 474,Rating agency 3,3/25/2016,Capital Goods,1.562149831,0.970477468,0.176225437,81.44274866,0.042194604,0.0593683,0.315890939,0.071708993,0.024685577,0.041807701,0.054128373,0.58370192,6.115706404,1.187078876,0.547076593,0.207806856,0.765430828,1.871431171,4.568531097,2.197810435,0.060051678,9.011643881,2.42507798,0.076316358,3.756337153
2041,BBB,Company 109,Rating agency 2,3/25/2016,Public Utilities,1.684828339,1.216965847,0.707305991,39.81640112,0.07698869,0.112032021,1.0061994,0.15107094,0.02356361,0.038299922,0.087642621,0.310375643,0.516687958,2.695814063,0.727304794,0.319506008,-0.001048634,-0.008934243,2.0010688114,3.707898466,0.113183073,5.390875486,8.606894122,0.259058657,4.577969091
2043,B,Company 326,Rating agency 3,3/29/2016,Basic Industries,1.855464279,1.0933047954,0.24038160520000001,33.04474743,0.018478229,0.000182941,0.231486263,0.041378371,0.01068562,0.000114532,0.030651314,0.581279094,1.149043869,1.902396956,0.651136093,0.11180737119999999,0.127390223,0.146039656,3.9170730899999997,2.910758468,0.000181508,14.17832217,1.148471803,0.095101932,10.01702783
2044,BBB,Company 302,Rating agency 4,3/29/2016,Finance,1.1451993514,0.9001088994000002,1.067258356,0.416694309,0.109578113,0.13771675,0.998645021,0.161441404,0.023519957,0.032918898,0.074776644,0.215413547,12.5599609,2.169856551,0.688154873,0.207316563,0.874818087,2.7982171389999997,4.42715692,3.167247424,0.138263278,10.10848442,3.0593171022,0.122207761,0.0
2045,B,Company 194,Rating agency 3,3/30/2016,Capital Goods,1.868412108,1.462732508,0.164358441,55.453271220400005,0.030101155,-0.067580455,0.245481311,-0.006788723,0.021920547,-0.060468197,0.078638162,0.720370563,11.7263216,2.535596135,0.717316993,0.253706856,0.997670954,-0.507741377,0.753515139,3.519706281,-0.067472763,9.171250893,-0.502210585,-0.045394148,10.32646929
2046,B,Company 449,Rating agency 4,3/31/2016,Basic Industries,0.670835826,0.465667923,0.340331895,46.28308823,0.1308403096,0.12637790840000002,0.298689398,0.1997896904,-0.0053930988,-0.046627956000000005,0.1001730832,0.125530132,0.141693437,0.0,0.549380607,0.100243376,1.007531077,0.8097246331999999,5.6579535714,1.421531588,0.12608849119999999,0.153858374,3.2969127138,0.06671422,1.976722991
2048,BBB,Company 502,Rating agency 3,3/31/2016,Health Care,1.801125572,1.238204783,0.38087049,72.27238964,0.108854173,0.144415203,0.805002298,0.151340059,0.072484754,0.110157863,0.2043078,0.658411183,2.024408043,1.813225724,0.648735082,0.221594822,0.774761721,4.805334281,5.118464518400001,2.826597884,0.144559696,14.1316904,6.201913408,0.210706832,7.257469433
2050,BB,Company 394,Rating agency 3,4/1/2016,Health Care,1.523812775,0.892378566,0.506056275,52.88059914,0.135380988,0.136161723,0.521455177,0.172926858,0.063369964,0.075786524,0.121149815,0.469021545,5.767057041,0.93191361,0.479469624,0.031864389,0.794641948,5.854742979,4.5297113124,1.929894309,0.136108437,14.48295826,7.31261566,0.166897293,13.02688591
2051,B,Company 286,Rating agency 3,4/7/2016,Consumer Services,1.092913744,0.830689244,0.622594017,22.78957593,-0.004498336,0.000868858,0.994013316,0.018245029,-0.005327794,0.001552754,0.13095447119999998,1.173119877,9.81429824,3.942886412,0.797129013,0.2259440332,0.526270733,0.77725908,6.479393268,4.942101554,0.000881665,9.918900614,1.503476128,0.041138187,0.0
2052,AA,Company 162,Rating agency 4,4/8/2016,Energy,1.341306027,0.918850212,0.417950437,34.13575751,0.033216569,0.035308878,0.839530283,0.035198795,0.017243254,0.020276952,0.030334711,0.520764335,0.734162256,0.742658115,0.425743714,0.027328805,-0.518377512,-5.331188764,3.089602223,1.746553762,0.035289781,7.249491406,10.34547471,0.141755338,1.716660293
2054,CCC,Company 585,Rating agency 3,4/8/2016,Energy,1.553978274,1.52310596,0.043193754,68.38132362,0.14261844360000003,0.1688770632,0.731146375,0.17758349420000002,-0.007718494599999999,-0.0150115012,0.0749997788,0.380334106,0.463498015,1.3440130103999999,0.8179152391999999,0.17207166,-0.170789746,-0.664285444,1.073010035,2.38410354,0.17429593799999998,-1.166620993,3.95859733,0.2257546702,1.126857812
2055,BB,Company 84,Rating agency 3,4/11/2016,Technology,2.218607847,0.893372541,0.591068082,0.0,0.178152241,0.160967008,0.325084758,0.186080432,0.11967466,0.128877537,0.237313806,0.669572674,1.53808792,0.95985938,0.487020922,0.060482346,0.226430216,1.111930901,3.300825579,1.954423555,0.159641172,3.832397171,4.827621355,0.319222427,4.228617418
2056,BB,Company 548,Rating agency 4,4/13/2016,Technology,0.784962368,0.715688502,0.321789576,46.25665129,0.182596369,0.119767704,0.344201664,0.155549299,0.10182726,0.079856782,0.1524679904,0.550155003,4.681792165,2.1585504246,0.910630577,0.339785212,0.459513014,0.890630981,1.261524108,3.1532673991999998,0.119934838,11.63939894,1.92832505,0.1785156,13.97835096
2058,BBB,Company 550,Rating agency 3,4/13/2016,Basic Industries,2.156490078,1.069484911,0.175323801,45.89881906,0.127423929,0.089035037,0.284172614,0.177422602,0.10756471,0.086625323,0.199751055,0.850133306,1.315552793,0.847011427,0.460204332,0.503633488,-0.014194668,-0.044890256,0.860877931,1.839595532,0.089112664,10.93887276,3.135900596,0.16333617,8.894795058
2059,BB,Company 277,Rating agency 3,4/14/2016,Technology,1.297763851,1.293907985,0.153331299,4.378104466,0.0566266156,0.0669319098,0.814737784,0.10759655480000001,0.159672502,0.0449462868,0.09570462360000001,0.445975036,3.593213366,2.2453761446,0.8001457137999999,0.232293087,0.942404404,5.316119332,16.69535276,3.1007542121999996,0.0934434246,13.19473912,5.730997446,0.10476300359999999,1.016898245
2060,BB,Company 253,Rating agency 3,4/14/2016,Energy,0.893339786,0.528393831,0.012505665,51.11190086,0.10034509300000001,0.1272340112,0.996874741,-0.083337194,-0.023652762,-0.038496022,0.1051692282,0.181375064,0.189134912,2.175984055,0.685970118,0.338829722,1.005553111,4.976598182,0.284778769,3.177742385,0.12748674,9.760955531,5.063841734,0.068054604,0.0
2061,B,Company 178,Rating agency 3,4/15/2016,Consumer Services,2.013817434,1.036745494,0.074702115,40.29568919,0.000340985,0.005897362,0.287534623,0.070083842,0.000492258,0.010536568,0.1374097226,1.473170848,8.4200466006,1.9095144310000003,0.7144347238,0.29353655980000004,0.593152642,0.000900164,0.001000208,3.1059563928,0.005829913,6.661896084,0.001517243,0.033208356,9.136138789
2063,BB,Company 9,Rating agency 3,4/19/2016,Technology,1.678626112,1.57385021,0.088795764,60.61977809,0.037937168,0.06177418,0.071960587,0.072103366,0.041138018,0.077415712,0.091595987,1.093019045,2.5863655386,1.190691353,0.547871139,0.381508715,0.92831897,7.816853708,8.4587826634,2.182400586,0.06167042,9.046119652,8.499807831,0.05546076,2.007481932
2064,BBB,Company 440,Rating agency 3,4/19/2016,Capital Goods,2.094508232,1.29231019,0.706505005,73.96211459,0.0117892,0.054322291,0.186565557,0.055827581,0.005908542,0.040296606,0.018318316,0.503198339,2.951799882,2.080093568,0.676129288,0.172568947,0.169730984,0.19724939,3.810053299,3.109924333,0.058241214,12.4108221284,1.180106826,0.145609194,3.509756655
2066,A,Company 247,Rating agency 3,4/21/2016,Consumer Non-Durables,1.31128453,1.05066233,0.519277447,37.42981609,0.087022242,0.117768729,0.551740741,0.133060967,0.078067662,0.14419317,0.251053806,0.907017484,3.852537519,4.786113759,0.824614686,0.261068863,0.739577127,5.283382035,8.211220074,5.782973483,0.118715022,15.38404375,7.243491748,0.166565705,2.119440372
2067,CC,Company 201,Rating agency 3,4/21/2016,Energy,0.744492795,0.575278339,0.373751495,25.30501117,0.08707904179999999,0.1254414592,0.985985493,0.0909222662,-0.010019206,-0.0203247814,0.0039125244,0.417715984,0.512839164,1.6455061866,0.695099966,0.163263305,1.00403632,1.758597328,5.788243452800001,2.9047182942,0.1248412418,-1.697360092,1.760823097,0.262248904,0.087232055
2068,BB,Company 374,Rating agency 3,4/22/2016,Technology,1.626588093,1.49556426,0.52404584,51.18075421,0.036124983,0.057694974,0.08707127,0.06151671,0.100687925,0.271119931,0.407782425,1.4011594062000001,7.6177500994,3.08186108,0.753893181,0.367128091,0.925397589,5.44869671,4.193784795400001,4.074265794,0.057246512,10.63077744,5.86479052,0.071965651,11.2135634
2069,BBB,Company 68,Rating agency 3,4/22/2016,Energy,1.475391377,1.056016499,0.253688693,73.87186981,-0.095554498,-0.109876823,0.389508229,-0.111736202,-0.039123842,-0.049992765,0.1861449946,0.402093925,0.552702284,1.218885918,0.550363824,0.228912728,-0.012236382,-0.037410586,4.3626584822000005,2.230703293,-0.111306547,9.889556273,3.056067289,0.222171243,8.734974251
2070,BBB,Company 206,Rating agency 3,4/22/2016,Consumer Non-Durables,1.244361858,0.769772998,0.138505234,76.6445696,0.059525397,0.057203136,0.388332138,0.102217543,0.048121657,0.063326859,0.193781942,0.812500553,9.900644846,2.963920553,0.754144088,0.231524314,0.625611254,1.314816197,2.4331447543999998,4.009961157,0.057337709,16.56089763,2.096865907,0.095957455,5.581292397
2071,BB,Company 219,Rating agency 3,4/25/2016,Consumer Services,1.321722748,1.172679464,0.21407162,66.03934298,0.151518877,0.204388616,0.702817512,0.298455083,0.053980343,0.077963053,0.211183677,0.353867522,6.68851319,2.883606756,0.740636474,0.323907477,0.807401609,2.184216806,3.1511524680000003,3.920911074,0.203252586,6.380455062,2.716497889,0.200330336,10.51285427
2072,AA,Company 34,Rating agency 3,4/26/2016,Energy,0.795441096,0.439299115,0.06896026,17.95727612,0.059782148,0.082054291,0.991971555,0.081136666,0.047756237,0.078293022,0.093800862,0.802919808,1.064590146,0.964441935,0.495046852,0.245578183,0.125764627,0.917718972,2.484148538,1.981168049,0.081859229,9.074321359,7.164872979,0.11354134,0.0
2073,B,Company 145,Rating agency 4,4/26/2016,Consumer Services,1.077733404,1.634402579,0.746298831,18.93023519,-0.048232191,-0.112951307,0.89125578,-0.01686125,-0.017808623,-0.045330453,0.1261755202,0.365738908,0.591918297,3.891895524,0.792917151,0.00634521,-0.479020376,-0.897600305,3.419574074,4.888466471,-0.114330815,11.3620821208,1.854025075,0.109985064,5.043579215
2074,BBB,Company 448,Rating agency 3,4/26/2016,Energy,0.944088099,0.729351316,0.418084466,79.33134732,0.001243423,0.013268628,0.131698868,0.024068913,0.000948145,0.041067992,0.002882956,0.761694975,4.035640377,2.001194742,0.670386271,0.14418897120000002,0.534792646,0.797712532,2.5076633442,3.004168216,0.026291817,12.4365502604,1.493988868,0.060444892,3.654469584
2075,BBB,Company 387,Rating agency 3,4/27/2016,Capital Goods,1.447508598,1.3745940082,0.4135357676,21.25557208,0.124447394,0.194167837,0.270972037,0.224183018,0.08985924,0.145635426,0.217934898,0.720685744,1.206484902,1.433201956,0.58842886,0.338696525,0.788497528,4.926638445,5.4381323113999995,2.426633302,0.197730151,0.875895255,6.241794263,0.146475312,3.3301435708
2076,BB,Company 592,Rating agency 3,4/28/2016,Capital Goods,2.989194118,1.299418092,0.425924272,30.41605221,0.07571057960000001,0.09201164479999999,0.199815941,0.06221147619999999,0.0942337698,0.1497939948,0.2286743784,1.119903649,2.802770267,0.614034242,0.378226872,0.366501359,0.598494624,5.58870747,5.944604905,1.612909233,0.0918277056,6.025090490599999,9.282143619,0.11333255,14.43722965
2077,BB,Company 578,Rating agency 3,5/2/2016,Technology,1.144748475,0.76979993,0.446692499,57.47108991,0.037772984,0.021103873,0.727389582,0.033425253,0.021459282,0.016596611,0.054837691,0.568387287,19.21965818,1.584197005,0.614074899,0.3426152858,0.830744549,1.303567794,1.7239327206,2.562996367,0.020968421,9.6206062712,1.568844807,0.144681767,4.0705700314
2078,CCC,Company 135,Rating agency 4,5/2/2016,Basic Industries,1.830334865,0.607107262,0.352267358,0.0,0.024094459399999997,-0.12699966,0.037124688,-0.10450972,0.053169771399999996,0.106965895,0.1377755364,1.260974521,2.609717798,2.794017032,0.736211314,-0.12432303,-0.461501454,-1.13558899,8.79597667,3.760786554,-0.125421057,5.1566295718,2.436737766,0.031215314,7.886509041
2080,A,Company 207,Rating agency 4,5/5/2016,Consumer Non-Durables,2.102655943,1.253602291,0.474868241,39.46949482,0.100543201,0.145525496,0.798775441,0.150127218,0.131896486,0.253582515,0.299267307,1.314986733,7.214163083,1.260913008,0.556332757,0.298714982,0.75159084,3.886942235,3.981422552,2.265718098,0.144677563,17.26894478,5.097813428,0.181955103,3.313254138
2081,BB,Company 315,Rating agency 3,5/5/2016,Energy,1.25717301,1.164024215,0.001343015,28.48615113,0.082874076,0.1136136928,0.995190485,0.13891157959999997,0.013403741,0.041589163400000004,0.1271238972,0.232074979,0.0105971648,1.506481697,0.60110089,0.322437209,0.999585664,4.088536531,1.691710821,2.507252375,0.1192192894,10.74557242,4.119502748,0.425382847,0.0
2082,B,Company 357,Rating agency 4,5/10/2016,Capital Goods,0.927815685,0.586528673,0.416169971,23.1448323,0.003025138,0.00452671,0.117109008,0.022410443,0.003165079,0.051006071,0.01985076,1.043057218,4.04727788,2.3749120344000003,0.83679354,0.333919548,0.094927142,0.549325949,13.02498878,3.3964089416,0.026161143,2.851416865,5.796250894,0.087920787,4.583288039
2083,B,Company 327,Rating agency 3,5/11/2016,Basic Industries,2.628628674,1.387435378,0.737949036,46.75375574,-0.054275478,-0.037556671,0.097904265,-0.017535361,-0.058885037,-0.051562463,0.0922505554,1.102397726,3.116807624,2.695110296,0.72751629,0.29605147519999997,0.240293807,0.285846544,3.748229424,3.707864851,-0.037516947,10.50918849,1.195447027,0.045710884,10.26570957
2084,B,Company 268,Rating agency 3,5/11/2016,Consumer Durables,1.020217907,0.276877547,0.014569408,14.74939113,0.016856238,0.025688316,0.148167252,0.029535263,0.041047256,0.130596616,0.181427086,0.9404733412,12.59689278,3.502369467,0.773608442,0.321686517,0.486078036,2.140183489,5.294958660000001,4.460312831,0.025749171,6.202395716,4.360931329,0.020343048,8.9314464652
2085,CCC,Company 411,Rating agency 4,5/11/2016,Basic Industries,3.045807747,1.16585716,0.200858493,34.97166048,-0.000158322,0.000604077,0.180842638,0.034427237,-0.000324377,0.00153102,0.003529357,2.021742978,7.951466253,1.5987401034,0.5766871834,0.2312094492,0.905598842,7.368373691,8.819719430800001,2.6029771932,0.000594985,7.076220588,8.001469363,0.082145857,12.51977187
2086,BBB,Company 468,Rating agency 2,5/16/2016,Capital Goods,1.586288917,1.092563861,0.434493207,81.9663449,0.142942835,0.155336922,0.326598103,0.153249492,0.094517804,0.138073674,0.260247164,0.664877527,5.577454376,1.718197385,0.63441628,0.184323932,0.620560371,1.597168057,5.301664416,2.712008981,0.154824351,5.798141542,2.560568645,0.092901035,5.372796536
2087,BB,Company 432,Rating agency 3,5/17/2016,Consumer Services,1.855024578,0.614350052,0.16093214,45.7189936,0.075737957,0.086715532,0.358825756,0.106586757,0.078005327,0.123327512,0.290911769,1.023963604,7.898368841,2.744032778,0.727583813,0.129631289,0.870134235,4.418794344,3.8805240791999998,3.736291021,0.087120905,6.504386452,5.093769005,0.094698971,5.529924498
2089,A,Company 216,Rating agency 4,5/18/2016,Consumer Non-Durables,0.940631958,0.719043944,0.07705823,72.82606366,0.080317812,0.102454587,0.365660196,0.119325111,0.072816351,0.155798803,0.10034829780000001,0.912363965,3.73697143,2.9441232634,0.868796636,0.203191918,0.674172139,2.9842444,0.834072647,3.8147526897999997,0.121837269,13.84490626,4.454103722,0.145679731,2.693323482
2090,BB,Company 165,Rating agency 3,5/18/2016,Technology,1.292420018,1.04113008,0.508971165,66.15775841,0.019672905,0.023559074,0.166757948,0.057504286,0.014123468,0.022563343,0.046785292,0.719138956,1.118910615,2.359936927,0.705529786,0.411350217,0.06923708,0.168590231,2.216375128,3.332871137,0.023471968,3.729268459,2.459002448,0.199546875,5.523529303
2091,CCC,Company 518,Rating agency 3,5/18/2016,Consumer Services,2.360006595,2.217281172,0.6561097119999999,50.35891906,0.0774723606,0.136086695,0.99018021,-0.089671161,0.050709237399999996,-0.13299589,0.1886721388,0.495513067,1.153733052,1.9846317012,0.936585108,-0.011559651,-0.289709239,-0.379788173,2.2667317308,2.9978254403999998,0.10400121960000001,5.3830255886,1.306441148,0.20767781,8.141946995
2092,BB,Company 415,Rating agency 3,5/19/2016,Public Utilities,0.482978699,0.482172737,0.209334256,70.53248821,0.020375577,-0.016474922,0.661696992,0.254941873,0.001698379,0.021984501,0.003742901,0.083898898,0.08853007,1.235291599,0.548941672,0.32768133299999996,0.76123673,3.101925186,4.442944549600001,2.23780698,0.244929848,10.74822705,4.082230481,0.362749768,1.58848283
2093,AA,Company 235,Rating agency 3,5/20/2016,Technology,1.119340728,0.72917046,0.260161909,26.19798635,0.228321019,0.307777969,0.399832661,0.305579204,0.08102183119999999,0.1375822774,0.1942323952,0.796866299,10.32815136,1.426198047,0.592539679,0.262395396,0.858138807,7.701622552799999,10.6087249028,2.44697059,0.312403577,7.843484209,14.23992637,0.344629699,3.947129724
2094,B,Company 443,Rating agency 3,5/20/2016,Energy,1.63696616,1.574075472,0.672089303,21.97160154,0.13579701,0.1536978934,0.998184248,0.1584352048,-0.0031081892,-0.035242682600000005,0.024904082799999998,0.210136266,0.242814623,1.1784659912,0.8963244184000001,0.128772597,0.6789705532,-5.058358245,2.949265188,2.6191431552,0.15322433900000001,-1.810972956,0.649110169,0.119525793,0.0
2095,CCC,Company 118,Rating agency 4,5/20/2016,Health Care,1.191481138,0.717237897,0.083069643,53.21296804,-0.007527914,0.007743745,1.005546203,0.056261721,-0.005965684,0.007376479,0.09023297259999999,0.780664363,2.335605395,1.3587480502,0.96490509,0.468380541,0.178536874,1.857833383,3.575773375,2.6810311996,0.007743686,8.819823369,10.31637079,0.055482858,0.0
2096,BBB,Company 419,Rating agency 4,5/23/2016,Technology,2.394691704,1.043398469,0.573780687,75.9370325,0.123769632,0.013881823,0.432657764,0.149396113,0.07012502,0.010841807,0.12809955,0.561341525,8.38595688,0.836949291,0.453433272,0.28726409080000004,0.741346471,3.677318842,6.4943256382,1.82763716,0.013826308,12.06032761,4.96607599,0.147879253,9.842877096
2097,BBB,Company 239,Rating agency 4,5/23/2016,Health Care,1.272909455,1.287652927,0.11287758,43.72815199,0.095506347,0.147482119,0.376182049,0.185372209,0.070805342,0.124411565,0.151670809,0.759599065,8.033634587,1.136163278,0.530064021,0.339425545,0.677886508,3.775157661,4.212962088,2.136450394,0.14859791,7.64191828,5.641227436,0.108635802,4.586154761
2098,BBB,Company 112,Rating agency 3,5/25/2016,Technology,1.765778241,1.585199305,1.116936617,55.71258124,0.125515184,0.14278781,0.677580571,0.186806007,0.052919252,0.070129069,0.127805865,0.420909475,11.54805884,1.389530123,0.581713448,0.119465433,0.84487015,3.634732599,6.1719777468000006,2.385272721,0.142248442,6.131963136,4.284048454,0.280537592,2.478108678
2099,BB,Company 522,Rating agency 3,5/26/2016,Basic Industries,2.547006053,0.993682011,0.132992474,37.82201735,-0.070024436,-0.070461716,0.22286101,-0.059649248,-0.061101914,-0.067426084,0.23445088740000003,0.871976852,2.001677307,1.189930714,0.541803878,0.003919106,-0.343792353,-0.512708582,4.0455639772,2.192022384,-0.069604247,3.0045164682,1.487912772,0.037911657,6.514214068
2100,BB,Company 551,Rating agency 3,5/26/2016,Consumer Services,0.195206406,0.029522987,0.028461177,0.0,0.080548806,0.08641082,0.38625862,0.104574669,0.031591954,0.043339021,0.082100118,0.399361558,0.442789819,1.582366174,0.616081296,0.078398051,0.169469044,1.496737426,0.566481765,2.577994678,0.086209466,15.76552532,8.832070412,0.234357423,16.91465081
2101,BB,Company 88,Rating agency 3,5/31/2016,Miscellaneous,2.388573623,1.402509392,1.066577311,34.58232526,-0.002453904,-0.000424742,0.464147391,-0.000425221,-0.0024402,-0.000605081,0.065900991,0.996761234,7.982852897,2.2661638844,1.035862376,0.1740660242,0.756209987,1.945246966,8.141364802,3.6623475038000004,-0.000431654,7.0079588956,2.599513448,0.098286642,5.224207401
2102,BBB,Company 103,Rating agency 4,5/31/2016,Health Care,1.583829111,0.953915811,0.302089932,105.0921935,0.090072455,0.097719447,0.448318865,0.156085417,0.037913944,0.050199603,0.087304848,0.426523559,4.789530307,1.269977406,0.56648182,0.074241555,0.822626889,3.466846088,3.303438999,2.27493212,0.096693768,12.02949964,4.28035228,0.214311942,4.714183143
2104,B,Company 478,Rating agency 3,6/1/2016,Consumer Services,0.718240447,0.51742463,0.45064398,4.231491263,0.021550546,0.018370526,0.916223107,0.156040712,0.010852478,0.010067917,0.092121155,0.508543717,0.986897516,2.0056353054,0.887260456,-0.17842814,0.613889534,1.847067847,3.0118978746,3.3318968026,0.01812764,8.945864087,3.011671896,0.153018122,2.206590077
2106,BBB,Company 97,Rating agency 3,6/1/2016,Public Utilities,0.957205787,0.704770254,0.029210805,43.78533954,-0.04491901,-0.06073978,0.446181026,-0.029370413,-0.018590942,-0.013309462,0.146538675,0.417160172,0.776879731,1.567101302,0.609335419,0.249062318,0.588083923,1.859847612,0.060155164,2.592366769,-0.029610147,7.2842290976,3.133965148,0.269986816,10.15509761
2107,BBB,Company 248,Rating agency 4,6/1/2016,Consumer Services,1.762065062,0.289362808,0.290650856,0.0,0.056397989,0.088417783,0.304031433,0.092624009,0.094655505,0.183442962,0.185529946,1.674176189,9.003854233,0.962107771,0.49341949,0.365739887,0.713095345,3.112173376,3.0990361504,1.949092442,0.088207619,11.4683245,4.317846148,0.069954363,9.480358423
2108,BBB,Company 270,Rating agency 3,6/1/2016,Public Utilities,0.571022944,0.454877618,0.295384017,53.15920984,0.1277492,0.15421703,0.844866393,0.185951457,0.048345599,0.089264863,0.193768213,0.377558212,0.870129008,2.978224601,0.74230656,0.171194523,0.453777378,3.184821398,5.761534972600001,3.987575127,0.156328295,2.080367526,4.1995744213999995,0.458435161,0.512869181
2109,CCC,Company 398,Rating agency 3,6/1/2016,Energy,0.879649195,2.660436116,0.37520025,37.76347635,0.061409986400000005,0.0753366962,0.268483779,0.0923502834,0.069884896,0.0879194594,0.0952713522,0.287658842,8.026293223,1.5970867294000002,0.963044835,0.0,0.9438951,3.9449666701999995,6.494036410599999,2.5953001494,0.0756465754,8.41107019,5.543254322,0.413452744,18.31026953
2110,BB,Company 445,Rating agency 3,6/3/2016,Consumer Services,1.323255064,0.452390401,0.336096498,5.355738594,-0.049482425,-0.050107388,0.554364452,-0.048767532,0.0568236242,-0.109004677,0.14782839779999998,1.639828583,4.118296276,0.922507206,0.480130334,0.015729578,0.277529875,0.736627889,2.5622505176,1.931664907,-0.050120322,9.274792281199998,2.644248946,0.089280867,8.885831188
2111,B,Company 564,Rating agency 3,6/7/2016,Consumer Services,3.232662103,2.673819808,1.105445791,74.3129763,0.06599319,0.109334662,0.371418283,0.234060063,0.018245278,0.031853209,0.092202488,0.279025985,2.542399171,4.031863812,0.794236842,0.402966737,0.770775653,1.186200688,7.193598120200001,4.992313023,0.111063315,9.853683949,1.530588764,0.178036975,2.7752362552000003
2112,B,Company 229,Rating agency 4,6/7/2016,Consumer Non-Durables,2.147731498,1.206046521,0.486123884,38.75974254,0.09095085,0.140903767,0.480083635,0.150351753,0.113494843,0.21419768,0.203646152,1.253895497,12.69756293,0.78823456,0.445396116,0.20134574179999998,0.831005369,2.339254183,2.2042484559999997,1.800942454,0.13740886,15.46262839,2.806082001,0.09990368,8.781511638
2113,BB,Company 545,Rating agency 3,6/7/2016,Consumer Durables,1.33116021,0.335640275,0.002758856,6.677925227,0.025572286,0.041187284,0.162589003,0.045566719,0.072906517,0.210305074,0.142282537,0.9580331974,8.603083681,3.2076587774000003,0.860905428,0.381503912,0.534907104,3.184084296,3.8278816668000006,4.2153028352,0.041910018,6.275472801,5.860441584,0.023687077,19.64316252
2114,BBB,Company 47,Rating agency 4,6/8/2016,Basic Industries,1.237701,0.617203188,0.200140855,39.47768108,0.048129807,0.060319057,0.36599244,0.108308088,0.045517857,0.076447577,0.1771996472,0.953215018,7.620484381,3.1247797652,0.929396046,0.210758896,0.817314406,3.865003268,6.7248529912,3.9594890156,0.06106242,12.46918231,4.734843531,0.137252102,6.630949568
2115,BB,Company 61,Rating agency 4,6/9/2016,Technology,1.750494714,0.985177829,0.298691779,53.8773144,0.05862291,0.027589989,0.076185815,0.03155598,0.107401506,0.082994121,0.246159916,1.808829191,10.78411961,1.307399816,0.563927128,0.19722637400000004,0.319577271,0.686972946,9.277514292800001,2.309697429,0.027450299,6.088990796,2.156569689,0.027594471,5.664128879
2116,BBB,Company 431,Rating agency 4,6/9/2016,Technology,1.285246545,0.583033954,0.241006119,32.65456646,0.023198633,0.0255868,0.05878256,0.025649635,0.051193598,0.137700221,0.253426789,1.162815315,12.45271369,3.972205635,0.797236575,0.10495117,0.559255342,0.762810336,5.631141124999999,4.892234599,0.025478128,5.877705264,1.37076464,0.030236611,5.360948315
2117,B,Company 296,Rating agency 3,6/10/2016,Transportation,1.330056971,1.267604818,0.787445237,82.21249845,0.041291745600000006,0.043293479800000007,0.243699486,0.050724656,-0.045421482,-0.008845684,0.048005593,0.167325185,0.262738587,1.885936214,0.628629558,0.022854343,0.198744684,0.802828783,4.938899409399999,2.979215555,-0.048137594,16.46031578,4.110562735,0.0882558,5.189112511
2118,BB,Company 437,Rating agency 3,6/10/2016,Basic Industries,1.77822662,0.204600391,0.051139072,16.85444583,0.009185583,0.014915085,0.072986878,0.021443912,0.01129536,0.028617241,0.032090183,1.213329508,9.400173726,1.84978327,0.653364944,0.385260264,0.6165937744000001,-0.445512988,1.531127747,2.856966751,0.015053715,9.432350828,0.286213345,0.002886295,4.824257375
2119,BBB,Company 85,Rating agency 4,6/10/2016,Public Utilities,0.689487937,0.429407249,0.0,103.4079303,0.141102076,0.027138781,0.314666236,0.051021685,0.035007781,0.016754238,0.064731548,0.248017729,1.147357324,0.820832555,0.44920791,0.18429426019999998,0.263907845,0.126354484,4.3604445866,1.847238174,0.05051078,11.093123079,0.473497464,0.299673981,1.509726157
2120,B,Company 525,Rating agency 4,6/14/2016,Capital Goods,1.854754607,0.72685205,0.29393739,50.4105045,0.080487758,0.103878467,0.387507234,0.109523825,0.099296326,0.210224997,0.174516421,1.220079426,6.949333116,0.788000355,0.435763388,0.232360143,0.82232392,5.420304971,4.529711312400001,1.76818229,0.104593261,11.53823858,6.665832971,0.176863949,10.370384
2122,B,Company 65,Rating agency 3,6/16/2016,Energy,1.464968736,0.64205701,0.001884362,11.06701261,0.004204739,0.003998516,0.057572744,0.011166813,0.016339753,0.019810366,0.06689917,0.5067052376000001,8.315140498,3.13796968,0.755019604,-0.04514308,-0.483536583,-0.947744263,2.080872739,4.07570714,0.004030764,5.312331191,1.955759436,0.006115319,5.9077408632
2123,BB,Company 205,Rating agency 3,6/16/2016,Basic Industries,3.003972908,1.893613867,0.342964395,48.55425931,0.14468737,0.19391086,0.300879621,0.200716118,0.097214239,0.147807313,0.249610864,0.673015082,1.382222624,1.539444288,0.605127135,0.259792183,-0.580086282,-2.356529621,2.2437545372,2.533300974,0.196928731,10.57713163,4.093874319,0.125676976,0.176127012
2124,B,Company 169,Rating agency 3,6/17/2016,Technology,0.672944033,0.64942161,0.303605795,7.741632524,0.026135566399999997,0.03961906899999999,0.644617007,0.0521633248,0.039272091,0.09633916420000002,0.0839621068,1.665907035,9.884982252,3.214235168,0.759021399,0.178550388,0.652330505,2.847087439,2.4828345206,4.197945291,0.039973736999999995,6.563753702,4.31166442,0.070634752,11.92867331
2126,BB,Company 366,Rating agency 4,6/20/2016,Consumer Services,1.361842669,1.255139263,0.242376272,58.83678498,0.044019416,0.073871494,0.503998047,0.087322998,0.080026745,0.190351517,0.09801797040000002,1.838435172,6.2362244248000005,1.9979292478000001,0.940926323,0.398862284,0.885259462,0.001901077,0.001435472,3.0022288098,0.073451061,9.4169914072,0.002123546,0.059032051,5.37280726
2127,BBB,Company 566,Rating agency 4,6/21/2016,Miscellaneous,1.69179974,1.507078469,0.631744317,59.88409872,0.106788672,0.163520677,0.321392837,0.162766178,0.121958208,0.233815766,0.306353903,1.13035402,8.9071965506,1.552950886,0.612526557,0.342865667,0.841072656,3.058444024,2.724708379,2.546051954,0.163811733,12.57581866,3.624569252,0.159656484,15.89023781
2128,BBB,Company 323,Rating agency 4,6/22/2016,Energy,2.181127956,0.794409558,0.719330923,4.950420748,0.058880578,0.076301424,0.272265794,0.080013243,0.076620029,0.141633262,0.190272851,1.296290989,8.080625276,1.464926487,0.587835723,0.280097086,0.585673646,2.071735088,3.9678193202000003,2.45775789,0.077260752,8.368501497,3.508486006,0.078034215,8.797053895
2130,BB,Company 414,Rating agency 3,6/24/2016,Consumer Durables,1.082597313,0.001890126,0.001898719,0.0,0.008904061,0.014960117,0.145915388,0.022633458,0.024155236,0.088202411,0.118078751,0.7041965672,10.80786692,4.864180115,1.003913567,0.3810982556,0.3621317946,2.8801475636,5.4757074968,5.0801687396,0.015073184,3.219898549,3.437876513,0.007229169,5.5700016784
2131,BB,Company 508,Rating agency 3,6/24/2016,Transportation,1.012550895,0.893457998,0.222220683,4.382564424,0.174446543,0.275239771,0.994602068,0.293929332,0.164397941,0.1564149038,0.1877390224,0.926100585,1.422391596,2.842308667,0.741672583,0.363502267,0.310045072,6.691307622,5.896395512800001,3.848244716,0.275768947,7.01112743,7.3805929702,0.286938744,5.068496096
2132,A,Company 105,Rating agency 3,6/28/2016,Capital Goods,2.356333306,0.810679891,0.498825633,0.0,0.080407554,0.111690402,0.240476708,0.112170121,0.08247308,0.145410834,0.197753693,1.030377342,7.610309095,1.395635704,0.58381747,0.292396823,0.837615268,7.598485603,8.7323978994,2.416587678,0.113235747,10.28741666,9.070082377,0.10325223,8.77744884
2133,B,Company 202,Rating agency 3,6/28/2016,Consumer Services,0.935583694,0.978315067,0.19921815,38.4333110112,0.1940565528,0.1677652138,0.62780775,0.24165459239999998,0.0700420478,0.11893448659999999,0.2577035162,0.438398457,0.645892828,2.1115115446,0.827572915,0.356039695,0.987511209,0.6307802188000002,3.4668137563999997,3.1115516637999994,0.191585818,1.828746038,11.68006102,0.34554258039999997,0.962283802
2135,BB,Company 227,Rating agency 3,6/28/2016,Capital Goods,2.3297573374,1.649222743,1.035258086,43.38621769,-0.046711228,0.032332046,0.236175387,0.042820482,-0.034088337,0.027881798,0.12867620340000002,0.727651253,2.638416483,0.949431099,0.487037457,0.2357081436,0.39634928,0.659768442,2.4801607307999998,1.952663658,0.032582,6.513970745,1.671559882,0.106728137,11.08563114
2136,BB,Company 485,Rating agency 4,6/28/2016,Technology,0.991331006,0.8172301712,0.304122847,44.457942235999994,0.136092362,0.199906986,0.99006919,0.224767037,0.027505676,0.052248312,0.069962789,0.201462613,3.567187314,1.526357901,0.606232568,0.316749221,0.955490007,2.539885221,4.229400324799999,2.534390071,0.215674686,20.24859251,2.612486021,0.424512438,0.0
2137,BB,Company 167,Rating agency 3,7/1/2016,Public Utilities,0.492504556,2.636172878,0.057500519,45.39085249,-0.056001966,-0.050388949,0.786198295,0.093064517,-0.009051857,-0.008597681,0.029175462399999998,0.160044081,0.264699149,1.687030527,0.892332462,0.066269361,0.440213736,2.169801719,5.888740868400001,3.0042839434,-0.049921696,17.9270416,4.887121803,0.490610215,2.542344182
2138,B,Company 320,Rating agency 3,7/5/2016,Basic Industries,1.494114673,0.923588314,0.499875096,50.40435154,0.06491758280000001,0.18807149,-0.132148514,0.10502277400000001,0.088792145,0.06163409,0.228154068,0.292292623,0.343914812,1.582338714,0.615376017,0.1333296536,0.42818329880000006,-0.4237571696,2.1638127888000005,2.577872592,0.188620808,4.4647490560000005,-0.87425351,-0.059101878,7.856771605
2139,BBB,Company 258,Rating agency 3,7/5/2016,Consumer Durables,1.239310444,0.610235006,0.201245128,46.48210576,0.029130995,0.01385331,0.15810523,0.051221758,0.016121549,0.009485048,0.07632215,0.55592732,2.052389507,3.735469023,0.794959183,0.3890330992,0.2245487604,-2.626654791,4.035684196,4.711886277,0.013712375,14.26056503,1.22736241,0.021432545,3.571227682
2141,BBB,Company 245,Rating agency 4,7/5/2016,Public Utilities,0.748701874,0.458247986,0.007003617,53.92829319,0.114645332,0.133693157,1.00332679,0.161706051,0.028340707,0.036553117,0.097917939,0.24946331,0.325637201,2.461904598,0.711935175,0.133543555,-0.390805501,-1.48267876,0.167126995,3.453149609,0.133667964,10.86488422,3.775284387,0.261262032,0.43245621
2142,CCC,Company 76,Rating agency 4,7/5/2016,Energy,2.564340105,1.94657848,0.5060724598,73.0162798,0.185720342,0.224140815,0.992395628,0.272704075,0.029205881,0.037773526,0.049290249,0.153384384,0.196288525,0.703605288,0.416315432,0.11383138,0.296461262,1.536011352,5.0338354576,1.694797655,0.222757921,5.182094333,5.230127308,0.456465623,0.0
2143,A,Company 187,Rating agency 4,7/12/2016,Consumer Services,0.757225297,0.599026489,0.152677907,35.96133224,0.107171479,0.177242151,0.997686383,0.2077073,0.047698167,0.090571666,0.162259951,0.444018349,2.199883647,2.344355694,0.703053118,0.366839466,0.441077646,3.508885147,2.084628617,3.33977078,0.179552841,6.43742483,7.972148153,0.238124355,0.0
2144,BB,Company 352,Rating agency 3,7/12/2016,Energy,0.882924018,0.7117190782,0.056491179,7.127038019,0.130117307,0.07039737000000001,0.687946944,0.1757496994,0.083817616,0.085919812,0.335961327,0.212985373,0.301713492,2.979111783,0.742504222,-0.001802075,-0.306408962,-1.247278048,2.083598578,4.002399269,0.1443172594,12.89505535,4.054266089,0.30026940159999993,4.610551598
2146,BBB,Company 334,Rating agency 3,7/13/2016,Health Care,0.925616608,0.456143299,0.053583022,56.74588129999999,0.014949367,0.038461902,0.527585865,0.06334662,0.003567462,0.029235712,0.009835344,0.235622063,2.727585189,1.758776023,0.620694293,0.61634086,0.761487777,3.319898753,4.8349865348,2.788383436,0.100069421,17.95851158,4.308621977,0.177852178,4.761007304
2147,BB,Company 476,Rating agency 3,7/14/2016,Consumer Non-Durables,2.846059023,1.95785888,0.888374094,76.89937976,0.058662305,0.079043941,0.26368069,0.090050658,0.060960848,0.10376682,0.135461001,1.050645111,6.47825836,1.182512388,0.545538673,0.27549204,0.81025488,5.737189916,8.7490897626,2.172381538,0.078852994,10.36653378,6.930764499,0.132247811,7.495022323
2148,B,Company 299,Rating agency 3,7/15/2016,Energy,2.059312488,1.305581332,0.415214632,52.58193226,0.0692647554,0.0942347614,0.385214812,0.112941143,0.0469937438,0.0970978708,0.225360211,0.393894537,0.478300684,4.452895868,0.821973068,-0.013602908,0.833700001,1.52747922,0.6255775,5.452075105,0.1228970272,13.1254768756,1.840860138,0.198425842,12.09549083
2149,BB,Company 370,Rating agency 3,7/15/2016,Energy,1.235360294,1.155963878,0.865086581,30.963675596,0.11336196520000001,0.1622545786,-0.042276415,0.1697639286,0.027919932399999996,0.06322926079999999,0.0637684058,0.013881524,0.015433111,1.070204556,0.514918017,0.364631794,0.990984947,2.980118675,3.804684355,2.049661441,0.16218459000000002,6.1643347296,2.980923948,0.17655092919999998,0.388620999
2150,BB,Company 242,Rating agency 3,7/15/2016,Finance,1.6196761949999998,1.1053338116,0.4106680706,43.72341083,0.0972243,0.0326907204,0.3078486266,0.07928073699999999,0.000365064,0.011906626,0.002678406,0.003760376,1.128928391,2.3590444327999998,0.854544758,0.15416655,0.997235357,0.93411822,3.5868922724,3.3607576844000002,0.043833395799999994,14.67496096,0.952506048,0.12380547639999999,12.1290873
2151,BB,Company 246,Rating agency 3,7/18/2016,Consumer Services,3.779290181,1.4011789478000003,0.8079773024,92.13772617,0.078188962,0.130774473,0.961061177,0.190276101,0.039376867,0.069299573,0.112001172,0.49954918,4.632321334,1.806154321,0.649937692,0.393227829,0.835887831,0.540699784,5.434202827200001,2.796070314,0.129404599,10.84526937,0.636402211,0.221051666,0.308044562
2152,BBB,Company 152,Rating agency 3,7/19/2016,Health Care,1.901383645,0.762948064,0.179092193,22.64351552,0.011092475,0.017596508,0.122964645,0.020639993,0.040143053,0.102280179,0.113247434,0.8120205368000001,6.285554575200001,1.833390338,0.651514682,0.36588648,0.892920855,2.735096074,2.6997776052000004,2.858319508,0.0176092,10.93576685,3.063781249,0.019257479,11.4778176
2153,BBB,Company 524,Rating agency 3,7/19/2016,Miscellaneous,0.852362659,0.505744989,0.232729776,24.36173295,0.069038251,0.090221195,0.359686757,0.116069042,0.064029463,0.108942523,0.191505458,0.928070297,3.220483806,1.984023192,0.667594798,0.233235343,0.534537021,3.164238743,1.627351875,2.994528472,0.090421229,10.34631865,6.034636353,0.215231656,17.96564011
2155,B,Company 325,Rating agency 3,7/20/2016,Basic Industries,2.610306348,2.213790908,0.43588736240000003,4.125994261,0.054662469,0.054179038,0.420366525,0.094938783,0.033940523,0.038898184,0.087384243,0.617331959,7.581771878,1.602396809,0.619433272,-0.009444386,0.824345346,6.144818307,6.0987850188,2.594428681,0.05332868,10.85248262,7.499699387,0.133002569,5.358663499
2156,B,Company 376,Rating agency 3,7/20/2016,Technology,0.587891735,0.570294435,0.10705379,50.00277353,0.055018409,0.084289753,1.003547227,0.139458043,0.027165707,0.051058477,0.105837438,0.497158673,4.336421624,2.922502543,0.749933235,0.332411716,0.805819913,3.797544187,1.297994206,3.907607139,0.083247092,10.18737631,4.686368813,0.211920487,6.145949943
2157,BB,Company 114,Rating agency 4,7/21/2016,Basic Industries,1.6942133562,1.006143971,0.850554438,6.862413703,0.08312534,0.120682412,0.974626328,0.121658357,0.058933796,0.095729921,0.129940464,0.709818608,5.8613455214,1.192194864,0.540377239,0.312714769,0.85327863,1.969513586,6.2216128161999995,2.195380485,0.121473182,9.630779635,2.313119631,0.046795124,0.481267503
2159,BBB,Company 21,Rating agency 3,7/21/2016,Health Care,1.17863302,0.594249538,0.127271705,25.12142213,0.030086691,0.048328144,0.161233109,0.058663142,0.056579356,0.125931454,0.143064481,1.883996604,17.38905998,1.562664253,0.610744776,0.384575973,0.777704159,7.377073649,5.2331192692,2.561742122,0.048790414,8.348785778,9.379640619,0.056771563,18.67206769
2160,B,Company 427,Rating agency 3,7/22/2016,Consumer Services,1.613776238,0.848576913,0.019146229,32.93565204,0.022728239,0.003389118,0.252722996,0.037291591,0.050048185,0.010077904,0.159650435,0.9795072966000001,9.667628818,1.9877827260000003,0.890152484,0.18473685499999998,0.73262537,1.037052687,6.3137692884000005,2.854111611,0.003421718,8.418328953,1.420765299,0.024617928,11.63804543
2161,BB,Company 531,Rating agency 4,7/25/2016,Capital Goods,3.162364359,1.20813846,0.044308881,38.67927607,0.132545409,0.193322324,0.202898878,0.134707446,0.081785901,0.123903837,0.148079149,0.603458397,0.906537026,0.81712453,0.446285447,0.305414052,0.662413116,3.584771735,0.490986307,1.813307167,0.191636777,16.6538238,5.340575771,0.234015098,13.70407397
2163,BBB,Company 506,Rating agency 3,7/25/2016,Consumer Services,1.413699512,1.117928678,0.729142296,40.02386748,0.035244093,0.043964276,0.496961498,0.172765134,0.01011344,0.013676883,0.028878844,0.283703552,0.504163769,1.898833069,0.653872813,0.283599974,-0.095734172,-1.389785962,3.2376800712,2.868911085,0.044403382,19.02898828,14.38738516,0.282659941,3.158520309
2165,BBB,Company 109,Rating agency 3,7/25/2016,Public Utilities,0.924784113,0.425009163,0.047623642,47.98788591,0.035853166,0.063681307,0.998640342,0.099603095,0.009946803,0.019718254,0.043647241,0.272859475,0.441199724,3.41547422,0.776326993,0.385791116,-0.012733529,-0.116317342,1.689672194,4.442186897,0.063698435,7.561943273,9.184717114,0.266970494,3.66872439
2166,BBB,Company 453,Rating agency 3,7/25/2016,Consumer Services,2.049853563,0.3197167,0.277933468,0.0,0.069979347,0.10944834,0.378520066,0.11641991,0.128875831,0.289391952,0.331425352,1.85192403,7.075902629,1.532136596,0.601660079,0.364677338,0.670159446,4.176571974,5.4086335182,2.563148398,0.109941305,5.360560396,6.166070084,0.084303825,6.766420806
2167,BBB,Company 101,Rating agency 3,7/25/2016,Consumer Non-Durables,0.987614152,1.9797102464000003,0.171356975,20.8326033,0.101120043,0.136250192,0.671294711,0.155971724,0.141462283,0.288966304,0.07292627380000001,1.397782389,8.494773542,2.1365733612,0.862541946,0.256227317,0.737977795,3.47888729,6.7196131916000015,3.6713390390000002,0.137171034,8.850671471,4.743227772,0.108658428,6.113716567
2168,BB,Company 485,Rating agency 3,7/26/2016,Technology,0.667457369,0.548881583,0.099226331,85.10181691,0.055621368,0.05155443,0.622880814,0.095778168,0.010898324,0.011429332,0.018969986,0.196649739,6.627215939,0.722556525,0.419298712,-0.035758366,0.770675057,1.577302182,3.3225571981999997,1.739714142,0.052476323,10.168217023599999,2.067679959,0.235525722,17.58658477
2169,A,Company 208,Rating agency 4,7/28/2016,Transportation,0.705241668,0.515346398,0.225506898,26.38552652,0.11365977940000001,0.1236091818,0.54919252,0.21563321220000004,0.098975725,0.158256488,0.244511917,0.326114176,0.35620011,1.507572166,0.594480503,0.262762989,0.500555987,3.27633309,0.855415104,2.51063048,0.13428594340000002,9.656136319,6.554346811,0.432016378,3.596976934
2170,CCC,Company 154,Rating agency 4,7/28/2016,Energy,1.313899808,0.480728727,0.117035324,49.4784285,0.11017484959999999,0.11713156840000001,0.996625632,0.1768013928,-8.116800000000021e-05,-0.0013260679999999997,0.044439978199999994,0.129954816,0.14128675,0.923193423,0.476434094,0.061111687,0.997232849,2.347082278,0.2241738,1.910903147,0.120289691,21.40561387,2.36825489,0.464615413,0.0
2171,BB,Company 123,Rating agency 3,8/1/2016,Miscellaneous,1.972748907,1.888329459,0.6267958144,70.36393783,0.228371537,0.09416757099999999,0.774841984,0.14001592599999999,0.085244783,0.151750786,0.24083611019999998,0.375874899,12.15789221,1.863004759,0.897750938,0.3229046,0.929287915,4.193103916,5.0192752546,2.8770589992,0.0959307216,16.16737997,4.484847367,0.378728203,5.7476775756
2172,A,Company 131,Rating agency 4,8/2/2016,Transportation,0.980643566,0.716317006,0.349411566,23.23707061,0.213875697,0.17590601760000002,0.996413677,0.362451801,0.075976959,0.13016794,0.212269384,0.358476456,0.392533736,1.778124031,0.637933574,0.377852871,0.532908335,4.813843907,2.8818330402,2.810819924,0.1763738886,11.09101122,9.022841081,0.37641947,0.519893805
2173,A,Company 324,Rating agency 4,8/2/2016,Consumer Non-Durables,0.954699037,0.463242244,0.156235763,28.68278346,0.096278244,0.146338758,0.424009666,0.163346243,0.131354255,0.1361472916,0.21189647260000002,1.337344354,3.410379373,2.5801317206,0.857143486,0.348293741,0.731950579,2.3043950892000002,4.885863639,3.5867495947999997,0.147623301,5.562380458,4.4664754524,0.132344322,8.150294768
2175,AA,Company 512,Rating agency 4,8/2/2016,Technology,2.0410000164,1.5900376377999998,0.766803962,56.92146351,0.214759576,0.266613495,0.609578001,0.264459772,0.116515869,0.160120424,0.139153794,0.539303143,2.615259868,0.20423308,0.5573430449999999,0.194022086,0.719395688,2.5631780120000003,6.3824929134,1.206537094,0.2684496,8.879259387,3.1469418974,0.399235125,17.2992827
2177,B,Company 492,Rating agency 3,8/2/2016,Consumer Services,1.840688159,1.359531713,1.18584346,18.35177254,0.096741738,0.154197454,0.899443876,0.146708663,0.051889583,0.098571914,0.311259447,0.533057437,5.897324247,1.6179050449999999,0.833032122,0.364910195,0.787762859,4.728582127,3.4946074978000006,2.6451925130000005,0.153265706,12.32152916,5.976839813,0.187299643,2.884644827
2178,BBB,Company 128,Rating agency 4,8/2/2016,Basic Industries,1.710928658,1.067029685,0.25223667,51.45119767,0.042769492,0.045625217,0.281829933,0.045026018,0.026948193,0.032370403,0.207742169,0.631888505,1.512659515,1.556874402,0.878308997,0.255972538,0.45608163,2.757392744,3.268161491,2.5739564294,0.045171618,15.27879809,6.050480591,0.116402692,6.61776021
2179,B,Company 250,Rating agency 3,8/3/2016,Consumer Services,0.570992669,0.209707227,0.175576477,4.582684091,0.034199242,0.045789998,0.950106914,0.065529501,0.012825793,0.0202729,0.055370917,0.37799818,1.075160707,3.2731703,0.770813095,0.25569461,0.023007178,0.101912,2.128304152,3.076581924,0.046234083,14.25335312,4.411803708,0.133366453,0.282539725
2180,BB,Company 374,Rating agency 4,8/3/2016,Technology,1.389303448,1.226142071,0.280674881,53.8716974,0.026922055,0.042622519,0.094956894,0.052194681,0.055677594,0.128340726,0.304879086,2.020584402,6.616197035000001,4.543388105,0.823087388,0.362501947,0.91042336,4.490962412,4.714245186,5.613561376,0.042812128,10.13547557,4.882163857,0.05195846,11.07149358
2181,BBB,Company 259,Rating agency 3,8/3/2016,Capital Goods,1.653515236,0.116190106,0.116138997,0.0,0.069495573,0.104448195,0.244059385,0.122897196,0.050708147,0.086758487,0.102518413,0.736233707,1.836433401,1.01321948,0.507652233,0.318831762,0.556579889,4.624352793,0.9708865,2.028730786,0.104322497,7.935545231,8.222411016,0.167463393,4.474404819
2182,BB,Company 145,Rating agency 3,8/4/2016,Consumer Services,0.964871019,1.388827385,0.634934618,20.91563415,0.116405751,0.132912977,0.903921828,0.222149321,0.038934608,0.048831368,0.178534724,0.33512156,0.513976532,3.529869354,0.779227363,0.017741064,-0.470792883,-1.280196913,4.680452518,4.500078704,0.133677586,9.373578467,2.714143023,0.16360671,3.783030307
2183,BBB,Company 263,Rating agency 4,8/4/2016,Capital Goods,1.447831461,0.795687541,0.161431007,61.39841112,0.111607674,0.111571206,0.554938912,0.134461343,0.044304401,0.049406984,0.093929279,0.398410376,7.056734953,1.140756517,0.527194544,-0.000693776,0.856677503,6.854180192,2.028811148,2.149998202,0.111582256,17.18699762,7.942491169,0.171636535,8.876527767
2184,B,Company 478,Rating agency 3,8/5/2016,Consumer Services,0.842885796,0.617390463,0.534185157,5.09486953,0.189996819,0.003655721,0.918099171,0.119033152,0.089642054,0.001862704,0.10544002960000001,0.463732206,0.836761183,3.978873215,0.80737415,0.08627312039999999,0.467439273,1.253391432,1.708757584,4.950676791,0.003688642,11.46226992,2.635653276,0.137515901,2.04006178
2185,A,Company 171,Rating agency 4,8/8/2016,Consumer Non-Durables,1.590451838,0.214816464,0.047118618,11.13290512,0.020362556,0.029225762,0.059059548,0.029074834,0.03243421,0.069032055,0.074424643,1.556353969,6.394589237,1.318182254,0.572877261,0.291855575,0.404368912,1.011777774,2.9286566177999998,2.316201695,0.029511644,11.83344157,2.487519864,0.023543317,16.34974301
2186,BB,Company 230,Rating agency 3,8/8/2016,Consumer Services,2.085187611,1.833827595,0.575935675,95.41955717,0.047126508,0.069976528,0.334522283,0.078422826,0.038303691,0.069303734,0.070439743,0.807362534,8.72818274,0.847386143,0.458619287,0.333818279,0.874268598,4.965687091,5.245272696,2.5757434928,0.071008628,9.7562146,5.714861297,0.129847917,13.9824626
2187,BBB,Company 195,Rating agency 3,8/8/2016,Basic Industries,2.045920693,1.190492833,0.39046399,67.06051658,0.078480984,0.110692596,0.193869737,0.115461368,0.036990607,0.057349327,0.112560789,0.465696375,0.794911579,2.088192951,0.68151473,0.245656849,0.244589239,1.591054876,4.403742145,3.076194482,0.110828709,11.78728502,6.491222565,0.16318047,8.291088908
2188,BBB,Company 100,Rating agency 5,8/8/2016,Public Utilities,0.566566302,0.382095883,0.084588065,50.06244046,0.140925309,0.1908648,0.404672758,0.238823657,0.058768069,0.120834186,0.162110786,0.425526387,0.96643693,1.767925446,0.633674124,0.265572656,0.433069163,3.308518191,2.0524408072,2.788398073,0.23161725,6.782275427,7.650107794,0.3086573,3.54848894
2190,BBB,Company 356,Rating agency 3,8/8/2016,Capital Goods,3.587381948,1.14957474,1.140503354,0.0,0.069114826,0.087743481,0.261726775,0.097445686,0.072224808,0.108738436,0.183492301,1.05133604,4.905619648,1.529047305,0.60777555,0.192329945,0.741520753,7.198797626,10.968492291999999,2.540147126,0.087188902,11.18713607,9.804443042,0.087468663,10.41912892
2191,A,Company 177,Rating agency 4,8/9/2016,Capital Goods,1.190695113,0.866897791,0.180432261,42.0077348,0.09362134,0.134387441,0.504114848,0.138790486,0.089306008,0.209202756,0.270486459,0.955763819,9.088583846,1.986087434,0.660867894,0.277661518,0.820796457,5.879293021,5.6856095066000005,3.016580115,0.135705415,11.98523178,7.142138158,0.069573239,6.051857392
2192,B,Company 237,Rating agency 3,8/9/2016,Energy,0.538521639,0.522551376,0.022764304,45.64235076,0.1624866522,0.16906393720000001,0.991554849,0.1528297482,0.046160333399999996,0.0819928446,0.13546420720000002,0.19009121,0.201901088,1.551067222,0.610370791,0.371462296,0.995151032,7.179405635,0.836197706,2.551080481,0.1689451052,2.883012757,7.150683166,0.454969476,0.0
2194,A,Company 90,Rating agency 3,8/10/2016,Health Care,1.1326326424000002,0.693074236,0.287575785,50.3966436,0.0831880056,0.11062228560000001,0.81584896,0.11743225799999998,0.100291443,0.138764047,0.258873816,0.294214618,4.623853788,1.590044214,0.618711018,0.15795122,0.911790673,4.0881194802,8.127182430000001,2.577368763,0.11057696319999999,12.27843514,13.76943513,0.453182518,4.560699504
2195,BBB,Company 7,Rating agency 4,8/10/2016,Public Utilities,0.70154217,0.29185225,0.033761854,11.95832822,0.094031409,0.164195579,1.008718497,0.232655362,0.016313406,0.030730615,0.052572459,0.169714209,0.275755846,2.232073812,0.690250116,0.308151159,-0.161020056,-1.590199508,3.761695801,3.207814207,0.1628823,10.92612825,9.819414403,0.300623909,2.21817437
2196,BBB,Company 377,Rating agency 3,8/10/2016,Consumer Durables,1.26814127,0.647183492,0.044823092,56.15582854,0.104421545,0.137934138,0.316444065,0.143292146,0.090827565,0.164150591,0.160582629,0.871024313,2.66518998,0.774557844,0.434727015,0.247463824,0.491627459,8.796450092,5.14234953,1.754879601,0.137636736,10.77547988,8.5821005036,0.149161852,4.638788565
2197,BBB,Company 45,Rating agency 4,8/10/2016,Health Care,2.409968355,1.627497107,1.01812989,60.66238673,0.0404536602,0.07182152459999999,0.406563833,0.071502429,0.016352289,0.010039469200000001,0.0780810954,0.652962051,2.346262195,0.872286147,0.463615726,-0.002409571,0.567569469,1.701859941,7.858945344,1.87320171,0.072041457,16.82963043,3.030459615,0.162763323,2.307505315
2199,CCC,Company 557,Rating agency 4,8/10/2016,Technology,1.576797365,1.178306124,0.543668508,32.55255894,-0.043272555,-0.037400952,0.226839872,0.00394738,-0.067543773,-0.08908355,0.408675766,1.560919007,3.807221094,2.106712456,0.6652619550000001,-0.1454127,0.5101248718,-0.350362922,3.9170730899999997,3.1087848179999997,-0.037512719,15.22540692,0.22104614,0.010986959,10.24486258
2200,BBB,Company 289,Rating agency 4,8/11/2016,Public Utilities,0.887932019,0.533942525,0.025711157,60.53881809,0.046533811,0.059345238,1.004275238,0.142632887,0.011200148,0.015485041,0.04487728,0.243817671,0.353230042,3.044903367,0.75122856,0.113382496,-0.480833238,-2.997874541,3.6898161688,4.028009564,0.058848875,15.17653001,6.145936021,0.205715149,3.236593789
2201,B,Company 268,Rating agency 3,8/12/2016,Consumer Durables,1.03586837,0.421310522,0.005712735,15.96898093,0.017111771,0.025228738,0.148782413,0.028522339,0.038525778,0.109258021,0.197571608,1.1958877928,11.02798745,4.031109934,0.802855801,0.314130788,0.443568815,1.904221318,10.58342283,5.101885595,0.025338991,9.840584999,4.218249888,0.018258115,6.2950026141999995
2202,BBB,Company 141,Rating agency 2,8/12/2016,Energy,1.046328057,0.900904087,0.584104302,69.16100902,0.05853501440000001,0.10727149799999999,1.009532574,0.07243772539999999,-0.026631286,-0.055555275,0.0414866586,0.183773504,0.224820883,1.088092884,0.517936144,0.444171494,-0.547467263,-1.880122373,6.504714298800001,2.089148282,0.107291626,11.55828442,3.470097895,0.32059978,0.0
2204,AAA,Company 59,Rating agency 3,8/15/2016,Technology,2.340249112,2.201430211,0.108897964,77.82590948,0.195680151,-0.003806909,0.62154091,0.236147234,0.085992654,-0.002401584,0.232191093,0.439311778,4.684526763,1.688360648,0.624355399,0.24052601759999997,0.753033321,3.15169731,2.7134918724,2.667728863,-0.003836803,18.38587809,4.205213748,0.391479711,4.784599035
2206,B,Company 498,Rating agency 3,8/15/2016,Consumer Services,1.428461451,0.964138833,0.003303849,49.44589994,0.032342725,0.048663254,1.003280217,0.10252763,0.015122171,0.024449085,0.041197196,0.463906513,2.692811716,1.745900747,0.631596157,0.339518723,1.004633365,0.001499725,5.1e-06,2.742161731,0.049305729,8.095532836,0.001513063,0.141820251,0.0
2207,BBB,Company 400,Rating agency 3,8/15/2016,Technology,1.398223945,1.35742069,0.165089297,81.46179512,0.022415217,0.035905863,0.168662858,0.038300685,0.058589908,0.179232887,0.188061912,0.47645142539999996,9.2121705626,2.208868873,0.686993828,0.369833703,0.911931672,7.78154628,7.017335126599998,3.182615175,0.035852541,8.260375482,8.528632814,0.030542501,8.578070596
2209,BB,Company 313,Rating agency 3,8/17/2016,Consumer Non-Durables,3.080842115,1.88043056,1.105766803,38.88004226,0.035073695,0.044323543,0.387005384,0.064315643,0.036157649,0.052802439,0.091162658,1.028137265,17.20630518,1.516331952,0.604522977,0.209024047,0.805712837,2.545632184,3.884503696,2.515385529,0.044080747,13.00561798,3.106111917,0.117890421,10.17804729
2211,BBB,Company 78,Rating agency 4,8/17/2016,Public Utilities,1.141438115,2.374406756,0.370543948,47.8709225,-0.065331893,-0.152494933,1.005571176,-0.098012199,-0.0126647,-0.032239756,0.098209154,0.197692566,1.8986056506,4.713185914,0.819517209,0.591065422,-0.249481367,-4.250433911,5.0789876534000005,5.662168006,-0.153576629,21.26923877,0.4015845332,0.330437241,1.568792911
2212,BBB,Company 223,Rating agency 3,8/18/2016,Capital Goods,1.481692464,0.803297476,0.202058086,43.76148252,0.021711816,0.027792712,0.203867822,0.038933351,0.022420399,0.040756492,0.058028673,1.033123162,5.454935658,1.584846671,0.615846759,0.448429775,0.452582276,2.073471229,3.484796139,2.5766762,0.027632956,11.4559026,4.579137333,0.049928691,8.173182309
2213,BBB,Company 542,Rating agency 3,8/18/2016,Technology,1.814921486,1.680371664,1.021643039,19.44592118,0.0462111306,0.197883162,0.694609008,0.203366341,0.162892291,0.189147198,0.343630569,0.626840145,10.02586795,1.081392007,0.520451374,0.30286978719999996,0.996881324,3.944937309,2.3360231606,2.2883862094,0.197513706,16.18842027,3.916048248,0.276124938,15.13430639
2214,BBB,Company 309,Rating agency 3,8/18/2016,Energy,0.762491289,0.403399497,0.030460037,17.51187837,0.0721375836,0.10758899419999998,0.991391806,0.0989100936,0.118642823,0.128698687,0.380684413,0.325156659,0.420186615,2.239623914,0.689494212,0.003991825,0.299598266,1.276075797,0.398563525,3.254562805,0.1192665426,20.088058,4.188771333,0.432840038,6.370439856
2215,BBB,Company 238,Rating agency 3,8/19/2016,Energy,0.729855372,0.371384004,0.070066317,49.10420084,0.11609834459999999,0.15427792880000002,1.007800795,0.1670180838,0.0164472526,0.026468820800000004,0.0665595068,0.135703702,0.1446574,0.594426862,0.367900271,0.373342465,0.999808669,6.303257794,0.425428998,1.599460211,0.15436439200000002,2.964876921,10.24914156,0.1906978688,0.0
2217,A,Company 424,Rating agency 4,8/22/2016,Finance,0.834037756,0.825675871,0.021113508,70.66558991,0.04411417,0.063196488,1.007724807,0.062922055,0.030612126,0.062463435,0.129856749,0.697590414,19.73905862,3.18545525,0.766307139,0.279716483,0.927930837,4.276948976,6.0102118618,4.181407841,0.062926419,13.48765741,4.65818618,0.116005924,0.0
2218,BBB,Company 107,Rating agency 3,8/23/2016,Consumer Services,1.6643588976,1.505714954,1.148125383,18.34176306,0.113350495,0.173900351,0.608823116,0.184341235,0.089718609,0.162937508,0.160446224,0.799693554,4.413664972,0.764341286,0.430386161,0.347452845,0.686693224,4.419336192,6.992775201,1.777089238,0.174297141,9.090379902,6.297131935,0.197451594,4.906049947
2219,A,Company 81,Rating agency 4,8/24/2016,Public Utilities,0.359907073,0.148728126,0.016300578,21.98460382,0.111437386,0.119281586,1.008614785,0.176410843,0.025535245,0.031155995,0.091549379,0.230473331,0.318040232,2.639009592,0.723929771,0.126398828,-0.146200355,-1.47079881,2.3855016666,3.597281565,0.118634591,8.526289554,10.02199751,0.274583007,3.350973747
2221,B,Company 327,Rating agency 3,8/24/2016,Basic Industries,1.964062324,1.026699921,0.402312972,52.05442538,-0.027059158,-0.025955078,0.113247952,-0.016878996,-0.027032643,-0.036899358,0.1185459646,0.997767955,2.873481138,3.30196673,0.769043847,-0.099080427,0.0353533,0.029047767,3.657995436,4.275739596,-0.025984525,8.9619949022,0.799832335,0.03463763,7.50291428
2222,B,Company 499,Rating agency 3,8/24/2016,Basic Industries,1.9719115654,1.2679117138,0.5251565774,7.642748705,0.050416702,0.106497986,0.228484784,0.114406813,0.018902823,0.039748116,0.087710609,0.369426005,4.723836861400001,0.665279543,0.8453570859999999,0.0,0.991471331,0.264075072,-2.54165534,4.722457419,0.106882298,10.421160666399999,0.264126447,-0.04146163,2.289921601
2223,D,Company 27,Rating agency 3,8/24/2016,Energy,0.58310407,0.392053985,0.016673525,54.22232121,0.18098061,0.129314403,1.008557728,0.147620425,0.043929467,0.035650482,0.087690734,0.244574493,0.265354337,1.9187669258,0.6303362632,0.27301570059999997,0.421274403,1.356442446,1.257080967,3.1691611142,0.129471196,20.72526471,3.227363645,0.083363691,3.630877283
2224,BB,Company 561,Rating agency 3,8/25/2016,Capital Goods,2.867933557,1.587856098,0.411004107,71.92538814,0.064261325,0.104996657,0.271588683,0.116809948,0.050022812,0.092873547,0.088147254,0.773041105,11.0868887,0.774462348,0.435405731,0.385104196,0.783066271,2.529728536,4.253004153000001,1.773378649,0.105800876,10.45725455,3.164274437,0.087908719,11.27240008
2225,BB,Company 560,Rating agency 2,8/25/2016,Consumer Services,2.2157667326,1.663369896,0.120594031,97.22500054,0.071242698,0.101335524,0.374753772,0.106411004,0.072787149,0.123554385,0.153163042,1.016393371,8.934183711,1.11739359,0.523181876,0.290036917,0.489990901,2.736907048,1.9891452405999999,2.135306018,0.100608529,10.75284596,5.573698818,0.068195182,15.23936058
2226,CCC,Company 229,Rating agency 3,8/29/2016,Consumer Non-Durables,2.422124921,1.467740211,0.687494058,36.34755433,0.089640572,0.118489474,0.482843945,0.124845683,0.110988102,0.179134977,0.218418503,1.240851075,12.79983624,0.974749627,0.49539385,0.17108747,0.992783106,3.850506463,3.768409032,1.982659442,0.118871022,10.92127918,3.904967045,0.123674144,9.38190858
2227,A,Company 220,Rating agency 3,8/31/2016,Consumer Services,1.014222428,0.812735175,0.273363176,59.06670934,0.169443652,0.2581616,0.456301859,0.257600412,0.102085145,0.195767456,0.217339889,0.604939537,2.018216768,1.035488581,0.48459427,0.34802441,0.63651617,5.214880826,3.8535649576000006,2.133044899,0.267225035,9.587017451,8.142820972,0.235760225,3.295738341
2228,BB,Company 210,Rating agency 3,8/31/2016,Basic Industries,1.155699817,0.312947546,0.205618268,7.484795955,0.0650046166,0.091842397,-0.233111588,0.0961640894,-0.034647881,-0.058954931,0.1441545896,0.204245755,0.238033768,0.941387733,0.482781514,0.512174072,0.253522061,0.181208392,0.119852753,1.965025475,0.1010005192,11.831806998400001,0.711141503,0.372405952,6.490658615
2229,BB,Company 432,Rating agency 3,8/31/2016,Consumer Services,2.041697368,0.790490811,0.287882546,49.41178515,0.089200976,0.094101491,0.379364217,0.128873639,0.077797739,0.108023483,0.149772148,0.879194952,8.681526906,4.679292289,0.82201221,0.059539374,0.854999354,1.372482116,4.3353944032000005,5.617782003,0.095174245,13.60152753,1.578251364,0.099646459,4.895687456
2230,BBB,Company 323,Rating agency 2,9/2/2016,Energy,1.747563906,0.532761652,0.440012376,4.735418556,0.061233369,0.086188857,0.271152395,0.090617258,0.084862974,0.168262412,0.192531735,1.378991888,6.920775837,1.276616024,0.556191121,0.298184489,0.54225359,2.499784957,6.171605543,2.285393547,0.08655222,10.62874848,4.603857109,0.093088262,8.2399423
2232,B,Company 280,Rating agency 3,9/6/2016,Capital Goods,1.43820427,0.650279898,0.252004487,43.98728735,-0.018972907,-0.025139269,0.245520812,0.009712306,-0.020206464,-0.039145822,0.23085621379999996,1.055327169,6.907701956,2.6649217621999997,0.949019348,0.22611195,0.584721789,0.001107275,4.8697779358,3.6905832032,-0.025256998,2.0489116716,0.00187728,0.054782579,4.376313645
2233,BBB,Company 31,Rating agency 4,9/6/2016,Basic Industries,2.760075533,1.645603322,0.50489587,68.8389576,0.061233807,0.067629441,0.241460196,0.102986786,0.049171671,0.061889554,0.117734446,0.79144333,1.880627162,1.390876976,0.580136053,0.210668537,0.707327091,4.530089091,3.174428526,2.391133137,0.067447556,9.62637742,6.244153679,0.163701238,4.998586006
2234,BBB,Company 517,Rating agency 3,9/6/2016,Capital Goods,1.700952276,1.199732336,0.547475368,55.51983171,0.139920881,0.192216239,0.491395419,0.200239052,0.106154685,0.178419761,0.325354102,0.767002372,11.36457987,2.026672594,0.674769808,0.272275251,0.88900753,2.921167064,2.323239231,3.026932467,0.192524875,15.35487079,3.272096831,0.182262196,4.784364817
2235,B,Company 564,Rating agency 3,9/7/2016,Consumer Services,1.8522270008,1.3576332534,0.4368323158,66.00437754,0.077146591,0.12909392,0.416852421,0.287670098,0.022402007,0.039813057,0.126166904,0.292841819,2.466932725,4.624029426,0.826359568,0.407579444,0.789675778,2.249381625,4.756800891,5.602579466,0.130353153,7.154173876,2.903998916,0.252392514,3.2111770730000004
2237,BB,Company 361,Rating agency 3,9/7/2016,Basic Industries,1.5028112774,0.6528872085999999,0.30530212900000003,3.661034057,0.066756169,0.073851611,0.228715475,0.091869172,0.073968607,0.091433272,0.124684744,1.104642942,2.552280586,0.701014424,0.413801363,0.12065547,0.630430457,1.51086473,5.012140774800001,1.698444353,0.07355363,7.670439113,2.379667344,0.151928036,7.762941339
2238,BBB,Company 409,Rating agency 3,9/7/2016,Consumer Services,1.225347537,0.657738957,0.517443969,1.574925329,0.045816711,0.065203967,1.005272793,0.065000321,0.026335437,0.042085907,0.052128367,0.567387531,1.040684144,0.981535664,0.49784802,0.293956713,0.565319449,2.086061671,6.6138497876,2.003835369,0.064799877,13.27622329,3.665197195,0.109905473,0.0
2239,BBB,Company 125,Rating agency 4,9/7/2016,Energy,2.018998108,1.166784011,0.575853016,0.0,0.030042489,0.041702456,0.12799335,0.047312625,0.049466398,0.083863403,0.113466775,1.63410242,2.884266348,1.308738012,0.570203002,0.239633675,0.740472724,7.66919722,9.352833816399999,2.295720093,0.04209599,6.318923473,10.45509535,0.063938926,10.39889949
2240,B,Company 522,Rating agency 3,9/8/2016,Basic Industries,2.294422559,0.833513528,0.074951881,36.7077697,-0.022825808,-0.016112803,0.235464521,-0.00728636,-0.019090768,-0.014919588,0.1310246162,0.834364132,1.913726471,1.511824859,0.603884742,0.0830471952,0.31626401319999997,-1.85785238,3.6225674664000005,2.506245594,-0.016098808,6.556706561,0.909627824,0.022668731,5.804211739
2241,CCC,Company 150,Rating agency 4,9/8/2016,Basic Industries,2.100045546,1.209039555,0.822702022,22.35922833,0.081730215,0.097765992,0.186201669,0.113225777,0.090682993,0.135303047,0.1581712632,1.103629618,2.162419941,1.2634558304000003,0.4985546874000001,-0.058658764,0.767892021,1.186415444,4.492213414,2.269269716,0.0979279,10.22119655,1.52889943,0.143386736,15.89731665
2242,B,Company 477,Rating agency 4,9/9/2016,Energy,1.487225243,1.422305946,0.907742447,21.111058538,0.10375369939999998,0.1265154992,0.998219197,0.1296785164,-0.05477483,-0.092561639,0.032376412,0.08461861,0.09467415,0.71339574,0.412582636,0.373615531,0.999894828,9.922021063,1.570714465,1.709375265,0.1258536938,4.2140187628,9.835477002,0.1197574742,0.153858857
2243,A,Company 89,Rating agency 4,9/13/2016,Consumer Non-Durables,0.991422212,0.8833154827999999,0.620308308,0.0,0.1215125392,0.1854071324,0.45223018,0.337813001,0.1052423182,0.1813734898,0.127453086,0.56431602,13.1512256,2.599879025,0.72275459,0.344968582,0.941567477,1.829476602,5.1001072036,3.600081868,0.185858457,16.69457829,1.953404074,0.147244648,18.16762672
2244,B,Company 283,Rating agency 3,9/13/2016,Public Utilities,0.9855605,1.350897961,0.041463975,54.63345387,0.086939175,0.137949466,0.8577467,0.078548933,0.066256231,0.124476006,0.067597241,0.764335694,1.098091562,1.123059257,0.6583072378,0.37456992,0.10534333,-2.682385185,1.3566035274000003,2.4266733672,0.137643263,7.68780841,4.131863126,0.145930477,1.613948752
2246,B,Company 201,Rating agency 3,9/13/2016,Energy,0.94476854,0.559728921,0.348201771,39.59520494,0.1585853472,0.196459441,0.993654177,0.24515318279999998,0.0573210742,0.0942087424,0.377239097,0.479035189,0.737262027,1.1821477850000002,0.6787085394,0.149826706,1.000047325,0.148673942,0.728373194,2.6440790542,0.2126061054,2.3904326203999995,0.146959257,0.035178091,0.0
2248,BB,Company 494,Rating agency 3,9/13/2016,Consumer Services,0.406628428,0.173897982,0.073183731,4.963364178,0.061289722,0.087431852,0.744317787,0.097825095,0.136837651,0.277279668,0.1264406466,1.3591548186,3.108851229,2.655117972,0.7107652424,0.299647933,0.710488155,4.912242978,0.538781784,3.5345633264,0.08867321,7.979660117,6.838166861,0.12021893,8.860348885
2249,BBB,Company 294,Rating agency 4,9/13/2016,Public Utilities,0.754773949,0.28613405,0.154094977,28.44153483,0.016997521,0.175567904,0.998480609,0.232010423,0.003067073,0.035890441,0.013529438,0.179874465,0.254309013,3.464867553,0.778436603,0.270996398,-0.489613089,-2.564593008,2.205339009,4.406994067,0.175838225,11.81811508,5.110737365,0.245536493,0.27925463
2250,B,Company 139,Rating agency 4,9/14/2016,Miscellaneous,1.620111397,1.282735494,0.203523967,72.09920313,-0.07245541,-0.071494385,0.393940863,-0.043630897,0.0430730098,0.0931019072,0.1631942322,1.610428812,10.52151235,2.0985320084000003,1.029974832,0.024759278,-0.37528259,-0.663818274,4.584848765399999,3.1330503536,-0.072595443,11.849238603199998,1.772285449,0.018048766,4.200897735
2251,BB,Company 508,Rating agency 3,9/14/2016,Transportation,1.084409256,0.949752473,0.163949853,10.99605359,0.161252865,0.252102452,0.998116243,0.270391836,0.131857011,0.272419873,0.12059785059999999,0.811170576,1.254770618,2.521679374,0.716697164,0.36304148,0.426777423,8.948923712,5.033715892799999,4.0505737086,0.253643213,7.535045818,8.564962461799999,0.252615279,15.94941902
2252,BBB,Company 113,Rating agency 4,9/14/2016,Energy,1.373812385,1.071730335,0.206348899,113.1502099,-0.025810854,0.008427881,0.235474423,0.038071546,-0.011680256,0.068897791,0.053400107399999994,0.459617828,0.802871162,1.355050888,0.578118608,0.17947571599999998,-0.179787814,-0.380818622,3.312289307,2.337087808,0.118939074,8.837215184,2.100413034,0.136273841,2.57158077
2253,BBB,Company 367,Rating agency 2,9/14/2016,Energy,1.051126361,0.919604335,0.333495492,41.46942154,0.090579054,0.094835741,0.87031835,0.094597422,0.014136901,0.015501916,0.022639684,0.156222706,0.242217882,0.619853942,0.384762207,-0.049120755,0.063047996,0.244666281,4.071841598000001,1.610332217,0.094978768,20.13839721,3.83131746,0.22958496040000004,2.896848102
2254,BB,Company 135,Rating agency 3,9/15/2016,Basic Industries,1.858948829,0.869796167,0.64928477,0.0,-0.042740468,-0.040663645,0.061801352,-0.016167583,-0.04786744,-0.060468562,0.037997038,1.128005154,2.564652454,3.030256902,0.748074424,-0.057481999,0.573572511,2.662111427,12.91337296,4.003790285,-0.040605727,19.43473307,4.634640426,0.071236593,6.026803977
2256,BBB,Company 111,Rating agency 3,9/16/2016,Transportation,0.987086497,1.990998502,0.405387793,34.71614915,0.169170996,0.261576301,1.00078116,0.311920847,0.047605967,0.078607773,0.133489968,0.28302151,0.334280872,1.797960525,0.650279509,0.355596239,0.37604665,3.884698135,2.459115525,2.83400701,0.260820026,10.78586761,10.34578148,0.309354616,0.575046282
2257,BB,Company 40,Rating agency 4,9/19/2016,Energy,1.892616652,1.680864919,1.210303312,70.3697529,0.0672509428,0.1446857986,0.617630515,0.18346111680000002,0.0302367396,0.05599913599999999,0.1217274054,0.169467963,0.20447034,0.976118644,0.49505432,0.274879986,0.993438971,2.560924492,9.059561117,1.963324658,0.1653766098,11.337020542,2.550957701,0.164388948,4.315297379
2258,BB,Company 163,Rating agency 3,9/19/2016,Technology,1.922541521,1.113606696,0.678208329,59.26244303,0.04696757,0.045943887,0.331672479,0.059860472,0.026176613,0.033164541,0.100422988,0.562954773,1.823822655,2.771533023,0.740457306,-0.021738362,0.637436123,0.88728939,2.472246397,3.766221001,0.046165316,13.62266097,1.410914208,0.149679521,5.975633181
2259,BBB,Company 282,Rating agency 3,9/19/2016,Consumer Non-Durables,0.780383026,0.462248402,0.153670507,30.37087663,0.102921225,0.117478505,0.351296024,0.163842349,0.078049252,0.117120179,0.346793562,0.766911925,4.401814433,3.386229534,0.775392221,0.387546018,0.727826562,3.2006104,1.57421498,4.373165785,0.117133288,14.05377025,4.3651413,0.158316203,5.237844231
2260,BBB,Company 254,Rating agency 2,9/19/2016,Finance,1.394031628,1.357059477,0.914053896,71.84093096,0.0341153482,0.0338359478,0.680893761,0.0623707582,0.039804507999999995,0.07896031839999999,0.10337631480000001,0.659311462,4.712574270199999,1.9642202206000001,0.920134406,0.29930034,0.923896442,5.090389641,7.078707432200001,2.9495466956,0.03388822479999999,9.286089822,5.553894782,0.260002085,9.589893175
2261,BB,Company 442,Rating agency 3,9/20/2016,Consumer Durables,1.233260643,0.752531336,0.11883344,40.59285989,0.116950048,0.090843904,0.421700966,0.133055481,0.136000329,0.132303162,0.12682793539999998,1.156899908,7.425666226,1.4324875234,0.993927051,0.1821791948,0.618515923,0.8297897384,8.543676357399999,2.4454506177999997,0.090632795,0.377563803,1.1654239524,0.053279509,8.246215154
2263,BBB,Company 180,Rating agency 3,9/20/2016,Consumer Services,1.327355515,0.881065914,0.282196673,49.720637074,0.067274208,0.053093405,0.273808913,0.187249833,0.010256897,0.031303877,0.062606012,0.1541831,0.533657567,3.415995448,0.568062829,0.3332877406,1.195904557,3.761692452,0.818139923,3.596269164,0.185101202,14.44344019,3.119768429,0.126639853,1.483946157
2265,CCC,Company 443,Rating agency 3,9/20/2016,Energy,0.975299351,0.92357626,0.723949878,39.8267551,0.13569681179999998,0.1765890456,0.991596857,0.21784328239999998,0.0165511934,0.032745220000000005,0.0490124376,0.199192545,0.222033916,1.2857379186,0.8293246114,-0.055467721,0.6442757298,2.1330555886000004,6.4838508072,2.8517966096,0.185089807,1.5371727272000002,-2.00507772,-0.134547432,0.0
2266,BB,Company 449,Rating agency 3,9/21/2016,Basic Industries,1.3970621624,0.9460992678,0.3501994398,45.59250343,0.161837345,0.1359289818,0.376498265,0.152511329,0.062347115200000004,-0.059038596,0.1792314728,0.09031171,0.117563632,0.35113917,0.255974875,0.21843209759999999,0.792775386,4.263321748,5.5359184818,1.370468198,0.11189504119999998,1.2792040034,0.789170226,0.26016919,2.959263892
2267,BB,Company 372,Rating agency 3,9/21/2016,Consumer Services,3.701690298,1.469964669,0.9332450532,0.0,0.072918513,0.112649427,0.337906861,0.113891644,0.142024309,0.271355724,0.209999931,1.965342942,11.11591443,0.482651363,0.325814267,0.356925742,0.694819361,3.741247069,7.405812584,1.487940966,0.113383697,7.854403774,5.354667355,0.100069776,17.54409675
2268,BBB,Company 310,Rating agency 3,9/21/2016,Energy,2.53821336,2.095613966,0.5496802113999999,61.25922761,-0.04903684,-0.080722921,0.097930486,-0.056986755,-0.02170323,-0.022143969,0.0551851396,0.435998671,0.613766919,1.183491394,0.539960097,0.383970764,-0.200640654,-0.208078727,4.480778124,2.16743782,-0.045259691,15.7212079,1.035477195,0.078580886,4.343695267
2269,BBB,Company 228,Rating agency 3,9/21/2016,Technology,2.57858619,2.350580968,0.252983098,37.01602414,0.122002943,0.148699982,0.563837256,0.14901947,0.082648594,0.149496973,0.137542852,0.684330758,10.7833708,0.630407887,0.383712781,0.173400477,0.928571939,2.003998298,4.2075679994,1.63797607,0.147701881,19.75596159,2.179860067,0.234160165,7.441562075
2270,A,Company 438,Rating agency 3,9/22/2016,Miscellaneous,1.359163146,1.016965922,0.550806234,42.57691357,0.11912252,0.161670108,0.294903069,0.139320103,0.10736576100000002,0.1049632314,0.1257454586,1.673024059,5.052290817599999,1.718853716,0.630216877,0.223808246,0.887911167,6.508175935,7.85960983,2.749698612,0.160129868,12.91439557,7.366422755,0.130532811,19.19645898
2271,BB,Company 315,Rating agency 3,9/22/2016,Energy,0.397634345,0.362396945,0.000451327,80.85924121,0.1157253912,0.14912001260000002,1.00621,0.1594143104,-0.046498713,-0.075259673,0.066757032,0.0974753,3.7123344036,1.09067144,0.524084702,0.352999928,0.999085008,2.010139116,6.2216128161999995,2.087438574,0.16128161020000004,7.5513646214,2.042967412,0.348605254,0.0
2272,BB,Company 415,Rating agency 3,9/22/2016,Public Utilities,0.527585683,0.525935229,0.19825562,75.35729886,0.001619109,-0.019873779,0.572525307,0.233565301,0.000143369,0.021468303,0.00031601,0.088924476,0.09732434,1.186187338,0.539788955,0.2572865112,0.414691919,1.825858818,2.781698847,2.191040191,0.226046406,10.67813649,4.436041459,0.257858594,1.899594607
2273,BB,Company 547,Rating agency 2,9/22/2016,Technology,1.028797406,0.342689163,0.137748637,51.52586963,0.022898288,0.030793531,0.14635554,-0.014932176,0.012084484,0.052066035,0.073578535,0.524098499,6.18232202,2.2326203998,0.84001073,0.2621767406,0.9986812,-4.832637203,10.567971862000002,3.2147778312,0.030801163,5.0558637554,-4.861713779,-0.097244187,5.554888967
2275,BBB,Company 510,Rating agency 3,9/22/2016,Technology,1.488093261,0.891539662,0.133916102,41.16292168,0.010072697,0.014590259,0.048441894,0.01529448,0.041858879,0.156376881,0.132594005,0.8570011376,4.1143535258,2.187613083,0.680055914,0.305671158,0.888668842,4.663851877,14.8854997,3.167809798,0.01444683,5.270051169,5.2254004,0.007145063,7.379486563
2277,BBB,Company 333,Rating agency 4,9/22/2016,Capital Goods,1.343982383,0.964157299,0.302252188,53.51803792,0.052836732,0.072427643,0.112333742,0.071899341,0.09853961,0.235268927,0.319359682,1.886931295,9.221946117,2.259658239,0.692935095,0.27812049,0.674561134,3.2384277676,17.67090726,3.219993005,0.072531974,6.341514754,4.1450749986,0.08666818,6.219646097
2278,B,Company 326,Rating agency 3,9/23/2016,Basic Industries,2.8829975372,2.0798952988,0.579800279,58.48806476,-0.072923461,-0.140132136,0.146849898,-0.095208722,-0.019778725,-0.039235551,0.0937868912,0.270176596,0.712235443,0.625026393,0.387799153,0.467285295,0.6056429038000001,-0.703509864,2.0962733277999996,1.627685652,-0.137682289,10.7088044458,0.005832914,0.000676767,6.764381134
2279,B,Company 414,Rating agency 3,9/23/2016,Consumer Durables,1.039549856,0.001611534,0.001600595,0.0,0.009556814,0.016097794,0.145660127,0.023801895,0.025804618,0.090578175,0.129645221,0.9215155328000002,9.693133243,4.4325701992,1.003389446,0.361561376,0.047132702,3.8068653249999995,5.341855729200001,5.016762411,0.015966207,2.879667589,4.4533440152,0.022195229,5.5700016784
2280,BBB,Company 388,Rating agency 3,9/23/2016,Capital Goods,1.256150171,1.039223907,0.153963846,65.79027596,-0.07273303,-0.067919584,-0.113925087,-0.06520398,0.016719748,-0.118590355,0.1491003428,1.042015384,11.87417003,1.786422106,0.638130083,-0.0647873,0.7110441436,-0.401915944,7.272612682,2.7693254,-0.068680682,11.9023700952,0.045285546,0.001434699,6.382382837
2281,B,Company 379,Rating agency 3,9/26/2016,Technology,1.280520909,0.83074849,0.164576707,64.32792533,-0.038082675,-0.03588852,0.455867731,0.022504918,-0.029513015,-0.035098442,0.10331814720000002,0.776832111,12.13966217,4.896669331,0.825160268,-0.061795535,0.797259047,5.73075459,4.684397769599999,5.81494727,-0.036234766,16.98191405,7.155869373,0.103329117,4.661404934
2282,B,Company 278,Rating agency 3,9/27/2016,Capital Goods,1.3750815741999998,1.2069298810000002,0.142000856,100.7353328,0.024514621,0.114429403,1.548682037,0.312072239,0.002120573,0.009870868,0.007325372,0.086887255,10.02605524,2.429765141,0.713019591,0.297693307,0.917739949,4.722293042,1.3713227923999998,3.452071076,0.114345808,8.772149855799999,5.170336117,0.15080629799999998,-1.024780118
2283,BB,Company 458,Rating agency 3,9/27/2016,Energy,0.49228281,0.164733312,0.038846779,6.246354858,0.1616306096,0.15808418019999998,1.007043152,0.187455104,-0.059787099,-0.093494132,0.025150033999999998,0.121600402,0.146187661,1.286678704,0.55816212,0.39765171,0.5549287549999999,-4.248840612,0.357526531,2.293276547,0.158489148,2.3183625688,4.206360036,0.277005399,0.0
2284,BBB,Company 96,Rating agency 3,9/27/2016,Technology,1.047781173,0.406519829,0.164186817,27.0636056,0.013863958,0.021044525,0.082782649,0.028700243,0.024622817,0.080635561,0.105134346,1.765955513,5.509709628,3.212241087,0.764766439,0.339695219,-0.008721794,-0.042184276,4.835955729,4.204863947,0.021237693,4.380175941,4.843457058,0.049524642,4.715039462
2285,BBB,Company 402,Rating agency 3,9/27/2016,Capital Goods,2.868340871,1.949777974,1.212430755,54.92245594,0.114920202,0.124414942,0.553727541,0.137952185,0.087970351,0.114754331,0.22076851,0.762816519,5.653748028,1.51007415,0.596801323,0.084385664,0.783568504,1.923096227,3.0558115602,2.501869303,0.124649268,12.25625465,2.428360099,0.14145168,6.872832048
2286,BBB,Company 97,Rating agency 3,9/28/2016,Public Utilities,1.197514305,0.927057755,0.222860008,52.91989223,0.073142777,0.107129756,0.418312494,0.134788373,0.02217273,0.03452696,0.043589125,0.302879799,0.709784673,0.987705852,0.492985148,0.314493061,0.563414409,2.907933239,4.1326951276,1.972833653,0.106785748,12.54232978,5.207715221,0.236074065,7.759544403
2287,B,Company 94,Rating agency 3,9/29/2016,Energy,0.59176988,0.531210914,0.244010536,48.87520295,0.11493294759999999,0.1447828724,0.99223644,0.14317873320000002,0.013134744600000001,0.0216475592,0.039257305799999996,0.609469047,0.742856089,1.4068002553999999,0.8406328734,0.041680824,0.8429558455999999,-2.180878977,3.0350513171999998,2.6144044418,0.1448422318,5.498758898,-0.26500544,-0.026136444,0.0
2288,BB,Company 9,Rating agency 3,9/29/2016,Technology,1.620017051,1.523974161,0.086392173,89.2896034,0.037717836,0.061169785,0.071642011,0.070792449,0.031775991,0.059200101,0.078532143,0.831106137,0.3544115172,1.47467803,0.59398917,0.372701433,0.925546607,8.664402519,4.966981746,2.474174768,0.060856065,12.19624851,9.378741929,0.068466752,0.5960702928
2289,BB,Company 205,Rating agency 3,9/29/2016,Basic Industries,1.903624525,1.142480272,0.207821249,101.8831998,0.144257747,0.174923985,0.261219704,0.15222485,0.065914961,0.093616236,0.226405145,0.458743668,1.039840853,2.424793925,0.713649687,0.175736796,-0.089838091,-0.443809681,3.029898007,3.413135927,0.174977761,14.99631116,4.945719138,0.145767668,0.152052341
2291,BBB,Company 565,Rating agency 2,9/29/2016,Miscellaneous,1.521423097,0.304580737,0.094083119,7.225938941,0.128738949,0.150615151,1.004079455,0.147029111,0.042705146,0.10106266,0.095190986,0.3266507,7.277723431,1.252749962,0.550496254,0.142044095,0.79013152,2.068092215,3.8099840164,2.267928237,0.150629829,20.86057244,2.59160115,0.290783021,0.0
2292,BB,Company 140,Rating agency 3,9/30/2016,Public Utilities,1.276005731,0.828528151,0.187770872,107.6391799,0.070391735,0.086921515,0.601320928,0.201547249,0.015338334,0.046301463,0.048519034,0.218288365,0.349598945,1.806021853,0.575361707,0.185287602,0.528360727,1.375463142,2.247414436,3.120958192,0.180436561,6.215536317,2.605840297,0.311669833,2.308853184
2293,BB,Company 514,Rating agency 4,10/3/2016,Consumer Non-Durables,1.0529071,0.570062085,0.200777045,57.65600737,0.036381398,0.031902096,0.600411432,0.058170453,0.02202271,0.02653348,0.14033231000000002,0.613917225,6.873172685,2.220656769,0.956529867,0.2623661848,0.695958635,1.025920262,1.069707606,3.2545267572,0.03183287,13.895843892799999,1.438687789,0.115123377,1.907610453
2294,BB,Company 580,Rating agency 3,10/4/2016,Basic Industries,1.822019595,1.328389441,0.426755343,68.87903718,0.142755351,0.219691947,0.384041775,0.194707699,0.149504399,0.0193800998,0.15433430979999999,1.055340919,5.952384376,1.9066772403999999,0.6777691456,0.35365672,0.78057234,1.215044839,1.0814062074000002,2.732432423,0.225080223,11.17509947,1.55113426,0.160289423,6.663535698
2295,BBB,Company 321,Rating agency 2,10/4/2016,Capital Goods,1.947549311,1.068231461,0.310894979,81.04154434,0.032880554,0.012489389,0.309238027,0.067479081,0.027847669,0.014087459,0.081899585,0.854451591,5.456646907,1.895504719,0.655053523,0.18673071,0.631693541,1.163835743,2.807049406,2.935309385,0.012414233,20.3209599,1.853439079,0.06081376,6.670440778
2297,BBB,Company 520,Rating agency 4,10/4/2016,Capital Goods,1.489779319,0.925290424,0.248956621,82.12170504,0.068674545,0.021194963,0.385951222,0.107394187,0.039935232,0.015368067,0.118918297,0.583748077,6.131286699,1.957278414,0.666368533,0.19963341760000003,0.752555025,2.084385902,5.7401865236,2.93539931,0.021373081,19.75118297,2.76037799,0.132674878,5.014802581
2298,AA,Company 17,Rating agency 2,10/5/2016,Energy,2.183135745,1.719798832,0.987921306,70.56858865,0.068753672,0.073264426,0.290667289,0.076815081,0.02336569,0.028708263,0.112055195,0.339975931,2.438369388,3.785925928,0.795722507,0.051033324,0.2456108594,-0.844769182,3.055955251,4.798257983,0.072648014,10.2581590282,-0.027811464,-0.001975459,6.092161646
2299,B,Company 515,Rating agency 3,10/6/2016,Energy,0.9392216189999999,0.3856638648,0.0409975888,29.271800570000003,0.07505066519999999,0.1084605488,1.00656652,0.0950819292,0.033570004599999995,0.0550335942,0.07592329,0.091391321,0.162844674,0.940388002,0.486701886,0.002968555,0.993281046,2.80562439,10.54716745,1.933145093,0.10801724180000001,5.1917178356,2.806331712,0.2340928404,0.0
2300,BB,Company 433,Rating agency 3,10/6/2016,Public Utilities,2.188315658,1.964471316,0.816166776,61.38575409,0.012229886,0.02095138,0.728173229,-0.000762452,0.006739263,0.012733792,0.013284254,0.55451176,1.592350414,0.951099627,0.486273216,0.398805013,0.997971487,4.4421448782,8.63243587,1.963674054,0.020881626,10.209506091,6.976504459599999,0.408001554,3.511405583
2301,BBB,Company 138,Rating agency 4,10/6/2016,Public Utilities,0.527414026,0.30536677,0.059372655,49.81221886,0.134781425,0.179150773,0.997697671,0.054983648,0.028789288,0.043382611,0.105854407,0.211709418,0.307070283,2.698741875,0.736103185,0.211247549,0.7698243118,4.323923369200001,1.731540923,3.657175356,0.180181838,17.04964155,9.221171861,0.227801311,0.059603915
2303,AA,Company 590,Rating agency 5,10/7/2016,Energy,0.9350151984,0.46363757880000006,0.3302905134,55.193633680000005,0.0784192402,0.0323050478,0.9988002386,0.035948737200000004,0.07450684160000001,0.1192406952,0.14500632779999997,0.438570289,4.1374027354,2.020720991,0.670005791,0.3910068926,0.38724809520000003,0.3311162972000002,3.569060115,2.1418327527999996,0.11964238199999999,10.981357750199999,7.3877609894,0.1900623642,0.0
2305,BB,Company 61,Rating agency 3,10/7/2016,Technology,1.695516069,0.981578596,0.28268128,55.37124491,0.029086818,0.031713883,0.078566489,0.034862325,0.051507155,0.091295503,0.116758736,1.786554227,10.47886492,1.242912441,0.558353638,0.081785383,0.687506292,3.585077579,5.280490334,2.264066701,0.031745,6.383950671,5.179181319,0.060048479,5.303290396
2306,BB,Company 436,Rating agency 3,10/10/2016,Health Care,2.310663549,2.158315304,0.870301191,62.90837157,-0.004636043,0.017021813,0.82127857,0.148899331,-0.001000234,0.004191283,0.1193613886,0.213128935,2.4702671609999998,1.667801692,0.620821913,0.2051567734,0.96930804,7.009680692,4.2977781749999995,2.646177255,0.017110468,3.817114569,7.191101102,0.460754077,3.6896344572000004
2307,BBB,Company 117,Rating agency 4,10/11/2016,Technology,1.496516984,1.495459104,0.479432103,69.747073332,-0.044040244,-0.038046363,0.396834745,0.052743439,-0.025953022,-0.030494278,0.23235847940000004,0.60149484,9.401404964,2.759461619,0.729788926,-0.151713692,0.819228562,2.588356648,6.496616833,3.847986925,-0.038349004,14.941354188000002,3.141114287,0.074335465,5.743116724
2308,BBB,Company 418,Rating agency 3,10/11/2016,Energy,0.908762122,1.0099793466000002,0.017892155,40.966755284,0.049362431600000006,0.057612891799999996,1.008507017,0.062471180400000006,0.100107051,0.102913412,0.259058561,0.00753973,0.011627434,1.608839774,0.622071787,0.004893176,0.995254648,5.121305869,11.90665905,2.64647132,0.0840353708,15.1907913,5.195126473,0.14816912180000003,0.0
2309,A,Company 62,Rating agency 3,10/13/2016,Consumer Services,0.238086208,0.084486699,0.085433513,0.0,0.168881825,0.171044501,0.425131443,0.187891361,0.071134541,0.096194662,0.123186868,0.423878782,0.50106162,0.729128449,0.418735036,0.017303735,0.400672531,2.769529175,5.202859186,1.717556919,0.18826212,9.747012461,6.849236459,0.311840654,13.2134902
2310,BBB,Company 413,Rating agency 4,10/13/2016,Public Utilities,1.256566628,1.344144119,0.7019677,101.1709327,0.073910404,0.144971539,0.489516185,0.361524104,0.033759309,0.143954787,0.091650819,0.454899421,0.986585261,1.453200424,0.52763205,0.479425176,0.720433697,1.553601176,5.7589843626,2.714732065,0.246553364,5.860454102,2.148341843,0.330556558,1.234733996
2311,BBB,Company 56,Rating agency 3,10/14/2016,Miscellaneous,0.989893157,0.537132536,0.331644172,48.63039162,0.027158977,0.072577043,0.969949799,0.072268281,0.015955152,0.069925732,0.16466361759999998,0.588304976,10.77060012,1.680108778,1.019036039,0.530244513,0.66593445,1.737653829,4.277528095,2.7421858770000003,0.071937423,12.93599722,2.613714074,0.142662327,0.055627492
2312,BBB,Company 369,Rating agency 3,10/14/2016,Energy,2.492350265,1.973256982,0.887712167,79.00866786,0.010842973,0.009770568,0.122465943,0.031386535,0.007864858,0.008476479,0.016314379,0.725733645,1.953479187,1.0667927,0.512029047,0.2839378998,0.666139835,2.317160712,5.221754146,2.064245087,0.009767934,9.425554398,3.470594725,0.148815562,2.2356453721999996
2313,BBB,Company 36,Rating agency 4,10/14/2016,Transportation,1.214218621,0.95555587,0.295694163,31.13553869,0.153750263,0.249360932,0.991385423,0.305088739,0.048166488,0.082235947,0.145589881,0.31430108,0.352353074,2.025754429,0.66460463,0.37619695,0.210398894,0.67588186,4.0418965596,3.032140721,0.246301178,11.99627764,3.214634351,0.272521947,0.890865279
2314,CCC,Company 335,Rating agency 3,10/14/2016,Energy,1.172280723,0.687943321,0.556380865,28.44026583,0.09372693299999998,0.12108073500000001,0.880674352,0.1353023596,0.051663361199999994,0.04586972439999999,0.14645059440000002,0.555183024,2.545096459,4.924107401,0.829212463,-0.072853257,0.052708049,0.007288151,4.608863029,5.93048418,0.1463179546,13.98163259,0.139111464,0.009133104,0.784211783
2315,BB,Company 297,Rating agency 3,10/17/2016,Energy,1.452855563,1.078908448,0.040116744,16.13069057,-0.016041404,-0.016078478,0.077083772,-0.008850398,-0.033484066,-0.038659244,0.07393705219999999,2.111747588,7.125830722,2.369345242,0.709075577,0.001973421,0.8462773254,-0.002960589,0.002359793,3.375954808,-0.016018015,5.469408292,0.00332451,0.030226435,6.2424704341999995
2316,BBB,Company 196,Rating agency 3,10/17/2016,Basic Industries,2.575279882,1.181184866,0.542223755,40.36811527,0.144087944,0.232057685,0.317850476,0.290259329,0.059114392,0.102712287,0.132664887,0.408156166,0.619710231,1.258489881,0.555968429,0.39966909,-0.213172903,-0.251178428,0.764766983,2.291776392,0.23524328,15.82278223,1.187495866,0.172417801,5.187052579
2317,BB,Company 284,Rating agency 4,10/18/2016,Consumer Services,1.34881013,0.769456453,0.16942206,59.08795236,-0.059052715,-0.054655539,0.715408623,0.043714144,-0.054035836,-0.06880527,0.0802417172,0.92385993,2.94613857,1.8039564802,0.931635883,-0.083034068,0.560854596,1.13405007,1.157419389,2.9826088578,-0.0551485,8.180990721,1.974754027,0.110438254,3.826285182
2318,CCC,Company 252,Rating agency 3,10/18/2016,Energy,1.283640911,0.445977242,0.008405822,21.95459251,-0.090983939,-0.093706385,0.112793174,-0.011104672,0.004902507,-0.0173001216,0.08897464879999999,1.314880934,2.13842659,2.3472120976,0.916242492,0.022991965,0.749715169,-1.758190863,1.7191351714,3.3357052175999997,-0.094063246,13.14004806,0.053748383,0.00113865,10.74777372
2319,B,Company 416,Rating agency 3,10/20/2016,Public Utilities,0.655667315,0.563801618,0.003679219,47.9702467,-0.021685042,-0.039909906,0.382207604,0.093843034,-0.008971221,-0.01832286,0.1296915058,0.418944237,0.851334853,3.055922687,0.754631269,0.459840251,0.276137694,0.949054497,2.7343003976,4.043714014,-0.04008694,8.704213918,3.387851493,0.167109404,10.04329583
2320,BB,Company 429,Rating agency 3,10/20/2016,Consumer Services,1.137669223,0.8076603362,0.12941992,41.992270502000004,0.005573889,0.007174443,0.037247743,0.021590688,0.007053746,0.014967947,0.028459909,1.259005347,6.2829400326,3.099329917,0.750374795,0.3209200674,0.770727144,4.055172396,4.2171576612,4.052416658,0.007252073,10.07109925,5.248753018,0.04665434,8.781182929
2321,BB,Company 469,Rating agency 3,10/20/2016,Basic Industries,1.9720953274,1.5579091172000001,0.4220108472,48.87142638,0.037552136,0.064381402,0.172832119,0.1246888,0.03017074,0.103892246,0.091519568,0.806815793,1.256223914,2.047195753,0.678150564,0.415602113,0.692664062,1.520609552,2.182647386,3.05935735,0.119655923,6.067706391,2.163835903,0.151212593,8.434224519
2323,BBB,Company 28,Rating agency 3,10/20/2016,Consumer Services,2.167589305,2.132372118,0.5661507452000001,22.25213122,0.181516078,0.21556852,0.384807618,0.213550127,0.036331628,0.043950342,0.191209964,0.197677003,0.244581688,4.288597978,0.815766136,0.311620196,0.048500734,0.752491952,5.229198414600001,5.244381211,0.214923553,10.33671269,5.288752001000001,0.437349386,5.003221897
2324,BBB,Company 300,Rating agency 3,10/20/2016,Miscellaneous,1.402118793,1.11456266,0.419176533,63.24058337,0.11395941,0.175338272,0.410804426,0.191359419,0.100379908,0.198970922,0.134278807,0.900103214,17.87997847,0.6284169494,0.845147312,0.331578064,1.001692541,2.053178911,1.405232433,1.9964749382,0.175665098,21.74414437,2.02647987,0.151850947,0.4394954978
2326,A,Company 130,Rating agency 3,10/21/2016,Capital Goods,1.21542692,0.771370593,0.271840273,56.36815884,-0.001747767,0.003638096,0.266124287,0.012944662,-0.000889433,0.002856699,0.1884099896,0.517300273,2.528148073,4.611279765,0.825962262,0.1558426766,0.800048493,7.643037296,4.6026483932,5.617469512,0.003632621,15.21107064,9.663201544,0.144827343,6.123718548
2327,BB,Company 496,Rating agency 3,10/21/2016,Consumer Durables,1.043837333,0.094023504,0.010277349,5.846396652,0.013636249,0.020957602,0.14659649,0.030944958,0.03271091,0.094379296,0.159105838,0.6842438684000001,9.613586001,3.785969034,0.795772558,0.355924424,0.587576182,4.751534265000001,4.7554183802,4.828761195,0.020757842,7.469860041,7.7943476128,0.035210325,7.055787906200001
2328,A,Company 523,Rating agency 3,10/24/2016,Capital Goods,1.608793061,1.29778262,0.470563272,71.92314805,0.056313349,0.079615738,0.202496705,0.084407726,0.069011937,0.143948864,0.153196225,1.216017873,6.072239406,1.239732639,0.557774667,0.300058339,0.414451009,4.066033103,15.88006444,2.256101812,0.079070859,6.077182406,9.904693085,0.086360525,6.730648081
2329,A,Company 533,Rating agency 3,10/24/2016,Consumer Non-Durables,1.042347958,0.567663125,0.18415524,61.02406585839999,0.0101493168,0.0296316804,0.731582972,0.0567282994,0.115983367,0.217639126,0.14084247639999997,0.353518562,3.822821739,3.860554651,0.787418083,0.23207427,0.877085185,2.864981769,1.458297148,4.833221898,0.033650964799999995,14.98818935,3.230197944,0.34474686,0.444794777
2330,B,Company 490,Rating agency 3,10/24/2016,Capital Goods,1.5651875554,1.1559995044,0.329701385,62.29000667,-0.061213243,-0.029280245,0.732077144,-0.000919937,-0.033047418,-0.018363032,0.11832674039999999,0.546805316,5.439904528,2.1329606952,0.981272514,0.18425560079999997,0.638669668,1.344512736,2.6357265155999996,3.1262752261999998,-0.029132441,14.57892714,2.11430403,0.050805049,1.637131259
2332,B,Company 403,Rating agency 3,10/24/2016,Consumer Services,1.250341273,0.379431418,0.321443931,0.0,0.021281924,0.029792828,0.31707058,0.042699523,0.013638861,0.029034708,0.070340782,0.645063562,6.1767899532,4.090527602,0.804037874,0.283956761,1.067923484,-3.705380838,3.6553928893999994,5.11019862,0.029442674,11.82324079,-3.457967649,-0.168286495,19.26373572
2333,BB,Company 218,Rating agency 3,10/24/2016,Consumer Non-Durables,1.964509889,1.203013541,0.254728626,42.06873929,0.029946366,0.035946088,0.994652708,0.044913739,0.021812627,0.029106781,0.052172757,0.716188409,2.227136717,1.389597893,0.58117015,0.124660607,0.373713977,0.894683121,1.9345460927999998,2.397738031,0.035853684,7.824417333,2.369393677,0.114530169,14.72068689
2334,BB,Company 589,Rating agency 3,10/24/2016,Technology,1.6837367432,2.515353516,1.298736506,22.31629445,0.217593864,0.02968304420000001,1.003384939,0.342293363,0.047350001,0.080084467,0.111230553,0.220647279,6.683282786,1.338188159,0.577391701,0.383959753,0.901592979,2.673368946,4.914985098200001,2.32857361,0.0331338042,22.63409804,2.980316392,0.1908548108,0.072910433
2336,BBB,Company 6,Rating agency 3,10/24/2016,Public Utilities,0.762279436,0.477916652,0.113310279,37.72566166,0.077102134,0.120710475,0.880532494,0.14755865,0.031158382,0.055529693,0.101657507,0.405833296,1.313062319,2.248638479,0.695502022,0.324570578,0.452238611,2.906499155,1.21139302,3.266111729,0.121195222,7.410322262,6.381847439,0.241231822,0.602771724
2337,BBB,Company 1,Rating agency 3,10/24/2016,Consumer Durables,0.961242835,0.494784809,0.142643276,47.47382872,0.043246593,0.053307624,0.176020131,0.06486287,0.046570458,0.096266704,0.184946597,1.072558599,5.453198277,3.002627291,0.756150895,0.167171253,0.45314817,7.191451484,14.17055268,4.019124298,0.05402613,8.293761711,5.2880446092,0.058036698,3.851890071
2338,A,Company 579,Rating agency 3,10/25/2016,Basic Industries,1.427184177,1.259464571,0.081866349,65.1378329,0.058446483,0.092959911,0.418853065,0.120660854,0.029604061,0.050572172,0.073478402,0.509527782,4.946640605,1.494089044,0.593654868,0.366589903,0.754336884,4.888287156,6.3745153344,2.0684530476,0.09121349,13.80149994,6.414528133,0.152406546,12.87755256
2339,BBB,Company 82,Rating agency 4,10/25/2016,Public Utilities,1.133104177,0.67997793,0.037390024,51.98980608,0.081944871,0.104929293,1.009847045,0.136178796,0.026930295,0.037320692,0.096195945,0.331942436,0.535774025,2.567367061,0.717767386,0.244910455,0.280485598,3.256404147,5.083251859800001,3.556672999,0.10304564,11.12750657,11.58426896,0.195421769,5.113545085
2340,BBB,Company 466,Rating agency 4,10/25/2016,Capital Goods,1.135940549,0.586673188,0.056188069,46.60034989,0.076251545,0.10957215,0.29487618,0.117414059,0.157822409,0.0626871544,0.246640287,2.071490533,10.11626013,2.4988499552,0.987860999,0.31035116,0.755586782,6.2311837,3.8017000266,3.4857850456,0.109768877,15.62114229,8.117452075,0.097095307,7.037021078
2341,A,Company 77,Rating agency 2,10/26/2016,Public Utilities,0.873507805,0.713114058,0.095709881,50.71830783,0.104954058,0.166533664,0.829162226,0.21663326,0.053590745,0.09853223,0.0980576264,0.512690754,1.471659049,2.7711017477999995,0.906006151,0.353600275,0.227633592,1.257543827,4.8748821456,4.0735518264,0.165490493,7.180301169,5.581219621,0.179167496,1.138830686
2342,B,Company 286,Rating agency 3,10/26/2016,Consumer Services,1.084224479,0.851981323,0.622606942,24.81120225,0.000352871,0.005740834,1.000435783,0.023399484,0.000433019,0.011221851,0.002619756,1.23048699,11.13044721,5.011120762,0.825636233,0.574858991,0.700250774,2.064405403,3.1795303694000006,4.0869571881999995,0.005821711,10.63604434,2.957398487,0.070826525,0.0
2343,BB,Company 507,Rating agency 4,10/26/2016,Health Care,0.975562508,0.518092331,0.452677152,0.0,0.013952568,0.028245369,0.954794465,0.031217993,0.027594943,0.09929907,0.096160846,1.990948012,7.0260336379999995,2.432670321,0.706307431,0.519335842,0.830318841,9.679435414,3.1009601922,3.427954314,0.028384766,3.763053576,11.68994972,0.045135449,0.49642768
2344,BBB,Company 206,Rating agency 2,10/27/2016,Consumer Non-Durables,1.742635536,0.772361345,0.135957656,75.94317699,0.040053142,0.061783854,0.334394969,0.082622743,0.015748864,0.027612658,0.046684383,0.389970362,8.577647049,1.999427737,0.670257484,0.354238357,0.756644458,3.287543266,1.398547992,2.997841739,0.061303912,19.95882276,4.302996329,0.138758635,5.868326889
2346,BBB,Company 419,Rating agency 3,10/27/2016,Technology,1.697208932,1.5150800232000001,0.3618764196,77.80769284,0.156421688,0.162140511,0.44286527,0.183732857,0.074164381,0.097560988,0.156339904,0.479802545,9.110747945,1.090809425,0.522722793,0.047905374,0.875368087,7.423590169,8.233047774800001,2.081072118,0.162986768,9.68219636,8.513505007,0.229640029,9.352866892
2348,BB,Company 555,Rating agency 3,10/28/2016,Technology,2.223480017,1.197249355,0.775647714,39.98617443,0.020958994,-0.068100507,0.428662647,-0.01686427,0.007988512,-0.01025579,0.018114319,0.383954816,4.053103729,1.268929531,0.556318645,0.2931826594,0.825008913,5.492290018,5.1293465531999995,2.273815266,-0.02441027,21.00973608,6.614493652,0.240092235,5.630210804
2350,BBB,Company 32,Rating agency 3,10/31/2016,Energy,1.345100165,0.875838978,0.287426226,23.62967396,0.018292951,0.026129686,1.004436197,0.026000971,0.030378124,0.052267989,0.070010562,1.626929597,4.039004927,1.313479232,0.570522993,0.249550666,0.992875368,5.622979952,5.37531327,2.308394942,0.026035746,15.16864264,5.572427702,0.034818049,0.0
2351,BBB,Company 16,Rating agency 2,10/31/2016,Public Utilities,0.860938709,0.785580771,0.088844143,46.51855644,0.086613298,0.129642519,0.996383419,0.202901242,0.025419348,0.04314755,0.128977424,0.295954602,0.405009655,4.106081892,0.796005121,0.328631458,-0.026411868,-0.153377455,4.548769654,5.074915559,0.128328618,9.663114961,5.807903835,0.253265527,1.192662253
2353,BBB,Company 519,Rating agency 3,10/31/2016,Capital Goods,1.966738329,1.438277682,0.277431647,83.3675879,0.103812954,0.140646615,0.318304621,0.155434631,0.045909097,0.081061569,0.139396815,0.449739589,5.707000324,1.979410965,0.660551109,0.241902876,0.88635429,4.408384187,5.761113336,2.973216991,0.142246017,17.68869895,4.992730259,0.154250188,3.821741109
2355,BB,Company 439,Rating agency 3,11/1/2016,Health Care,1.643502421,1.128160263,0.348431556,71.35994508,0.046841927,0.035642066,0.476822352,0.086249443,0.028828286,0.026236281,0.101884105,0.626087821,7.648107969,2.473141593,0.710369996,0.164047737,0.704806682,3.053937557,6.6932067128,3.50102426,0.035829611,12.62127056,4.261105835,0.106677711,10.38188202
2357,BBB,Company 172,Rating agency 4,11/1/2016,Basic Industries,2.065616338,1.244630002,0.45477945,27.86023621,0.041635264,0.033870611,0.111982386,0.044704673,0.017508902,0.015934666,0.031106849,0.422664822,0.775325356,0.750099026,0.431810416,0.33943874139999997,0.335093235,1.214712142,3.633080471,1.746290268,0.033591428,13.60016563,3.614421276,0.17745676,13.53659797
2358,BBB,Company 191,Rating agency 4,11/1/2016,Public Utilities,0.807295842,0.629842264,0.245152877,44.9313257,0.068416648,0.093227398,0.999279008,0.094061709,0.029269052,0.074969485,0.089903167,0.424123576,1.563216119,1.963555497,0.642494225,0.253513793,0.050034664,0.16407828,4.0551966636,3.053517145,0.126070645,6.294977687,3.319656207,0.213162093,0.0
2359,A,Company 129,Rating agency 4,11/2/2016,Technology,1.340583307,0.824270297,0.180781286,67.48409764,0.075222717,0.100938507,0.361163435,0.104269118,0.050602279,0.084367329,0.132659791,0.665813789,7.195760263,1.655385559,0.628424381,0.260543182,0.801471208,4.456433933,2.256703725,2.681402776,0.101267445,12.11570557,5.529516075,0.127861774,5.191462388
2360,BBB,Company 489,Rating agency 4,11/2/2016,Public Utilities,1.000339572,0.536010561,0.12790764,46.7198855,0.097800509,0.1430163,1.008622072,0.174814335,0.0223567,0.035489226,0.06795637,0.227211606,0.228112784,2.065186312,0.665964134,0.313477651,-0.297985295,-1.934995705,3.0401926058,3.022901668,0.142307763,9.697212283,6.618947662,0.362345376,0.0
2361,B,Company 437,Rating agency 3,11/3/2016,Basic Industries,1.851271264,0.194405743,0.096352699,10.77118271,0.019194921,0.029918579,0.091452129,0.040824325,0.023539345,0.05898178,0.061099062,1.231429696,10.46833013,1.613447306,0.609884663,0.356494605,0.859196701,1.993801839,2.1682087636,2.618676664,0.02998371,7.768363944,2.289142394,0.022922619,4.499820968
2362,A,Company 19,Rating agency 4,11/4/2016,Energy,1.313919712,1.190557636,0.351330006,43.21027876,-0.056336437,0.19812515660000002,0.487146775,0.2256593768,-0.013354255,-0.05050515,0.15676330919999998,0.235484011,0.314579791,1.007259083,0.500552316,0.360638758,0.198352124,0.876368694,4.796930502,2.002278921,0.22028283380000002,6.4170746744,4.427934556,0.335474261,1.326957117
2363,BBB,Company 368,Rating agency 3,11/4/2016,Consumer Services,0.700855657,-0.605174028,0.116132028,72.95715791,0.07023665679999999,0.1270960848,0.961834169,0.1685965162,0.046061428,0.04648715,0.10388349,0.102160484,4.159854552,1.231293396,0.552581316,0.002537016,0.282131046,1.360502824,5.840257701600001,2.207866379,0.1296959218,21.3722622,4.848623585,0.27632056,0.189685417
2364,B,Company 457,Rating agency 3,11/7/2016,Energy,0.819454275,0.748705972,0.175549462,53.54975698,0.12473699419999999,0.1510320026,1.005312351,-0.14633413,0.030827775800000002,0.05550479900000001,0.10578868579999998,0.33211731,0.441065663,1.7589030265999999,0.905813113,0.0,-0.048200883,-0.076003957,0.23768458,3.2599348356,0.1514443976,4.635119808800001,1.594794114,0.2613409356,0.0
2365,B,Company 505,Rating agency 3,11/7/2016,Technology,2.001259081,1.368701197,0.679366451,84.36945965,0.010790452,-0.09941536,0.583365136,-0.062845559,-0.010961975600000003,-0.070639555,0.14330558,0.562018659,8.629541175,1.821755003,0.64847736,0.21327500120000004,0.595574542,0.209106185,4.5945299431999995,2.811359073,-0.101037492,9.086691605199999,0.34575177,0.098380734,2.241656109
2366,BBB,Company 383,Rating agency 3,11/8/2016,Basic Industries,1.5845253602,2.252315151,0.43911056760000006,23.26134522,-0.075322759,-0.061612623,0.229833608,0.036615678,-0.018324828,-0.015547093,0.0652493448,0.244581348,0.38056504,3.499656614,0.773332162,0.300721109,0.515192991,1.1931286277999997,5.625728796,4.517738224,-0.061761439,15.95425619,2.624306633,0.16804997,4.430154569
2368,B,Company 569,Rating agency 4,11/9/2016,Miscellaneous,2.61514773,2.020754997,1.018023587,63.15865015,0.009798953,0.050503795,0.250456844,0.090945433,0.008481236,0.057477026,0.17840821099999998,0.870316308,5.224424635,2.0070375986,1.046380119,0.406744381,0.5909477848,-1.28988746,14.35657019,3.0306979976,0.050893176,2.300137739,-0.305900352,-0.008436695,5.960655362
2370,B,Company 385,Rating agency 3,11/10/2016,Basic Industries,2.324458503,1.381121726,1.064270126,25.97132864,-0.013315282,-0.017388053,0.090755255,0.010516315,-0.001780154,0.000213166,0.0524073448,0.133777894,0.16314516,0.903203052,0.474412026,0.232432668,0.40783489920000005,-0.533107618,0.397220039,1.915172029,0.0015421,12.54750448,0.550089121,0.23845838720000004,2.783601267
2371,A,Company 35,Rating agency 3,11/14/2016,Technology,3.143923123,1.2288895744,0.807583772,34.21543528,0.241411773,0.291978627,0.591022447,0.276928492,0.108081613,0.15096272,0.179090465,0.446801019,10.14301805,0.641369262,0.39387038,0.165113303,0.920149149,4.614288541,4.9673594867999995,1.65518375,0.288850309,13.39072985,4.986042399,0.314443247,5.29941012
2372,BB,Company 160,Rating agency 3,11/14/2016,Technology,1.81975042,1.414067674,1.176638008,41.27778411,0.018624405,0.011665901,0.266954382,0.035570152,0.007424526,0.005955278,0.021836474,0.395766213,3.695525356,1.953532954,0.66688977,0.2864846844,0.699928805,5.800423482,8.1099435344,2.925542629,0.011747629,10.28609445,8.250232128,0.152407698,5.064730205
2373,BBB,Company 71,Rating agency 4,11/14/2016,Health Care,1.665166781,1.134821942,0.519446656,67.79180089,0.231274745,0.306853321,0.778371678,0.368995523,0.090914269,0.140918189,0.1988433918,0.384567498,9.754815044,2.3439088511999997,0.936632629,0.242794647,0.935545074,4.039102069,3.961603844,3.3522546318,0.309213019,12.24810719,4.313182953,0.273349248,0.624880427
2374,BBB,Company 103,Rating agency 3,11/15/2016,Health Care,1.486860765,0.869135259,0.199280952,109.0347061,0.04372378,0.010942875,0.420739167,0.063074371,0.013878923,0.004122533,0.042897716,0.31709009,4.737383133,2.105425027,0.678211449,0.22598740200000003,0.817124422,3.215562756,2.106187084,3.119674828,0.010929493,14.81695248,3.970002545,0.184230085,4.769703527
2375,BBB,Company 217,Rating agency 4,11/15/2016,Energy,0.914351827,1.009202308,0.009994133,41.14421106,0.035858828,0.037182379,0.146455005,0.04913957,0.030049566,0.038287231,0.083034688,0.832825833,1.445483251,1.760729135,0.638119433,0.111891623,0.08206777280000001,-1.306443195,5.105827774,2.78681623,0.037771234,10.9612022,1.550706933,0.036321708,6.664056186
2376,B,Company 118,Rating agency 3,11/16/2016,Health Care,1.30105235,0.912679334,0.176287346,54.30430861,-0.009849328,0.012639738,0.99977038,0.061661394,-0.007836834,0.012103242,0.0437753152,0.797551879,2.430918595,1.3080568766,0.991646523,0.270062373,-0.565406382,-3.214055285,2.1871181556000003,2.6251310342,0.012619525,7.718567156,5.621601794,0.028298609,0.0
2377,BBB,Company 363,Rating agency 3,11/16/2016,Energy,2.657364338,1.493969693,0.660419243,16.69064548,-0.024577892,-0.01635331,0.168962252,-0.009483487,-0.027661803,-0.020528456,0.133813413,1.113325354,2.621741588,1.012659447,0.503059413,-0.112584846,0.381872694,1.315701638,6.413434635,2.033901382,-0.016298257,10.964362443199999,3.452175533,0.057047266,9.364020842
2378,BBB,Company 331,Rating agency 4,11/16/2016,Public Utilities,0.550443437,0.356819095,0.068759915,60.12386049,0.096832348,0.117657269,0.361461282,0.21763121,0.013832196,0.018234708,0.045602974,0.142497331,0.230761881,2.166496652,0.661818049,0.178557887,-0.067631561,-0.314707136,5.4573113856,3.264566509,0.117117696,20.5012635,4.737165252,0.277528368,2.212398001
2379,BBB,Company 158,Rating agency 4,11/16/2016,Basic Industries,1.597936945,0.780379375,0.100984617,32.73087822,0.095585522,0.116579348,0.262618549,0.154205437,0.055534018,0.077401034,0.189058299,0.577624855,1.721727314,2.392491724,0.70236716,0.182104582,0.544129892,5.161717433,3.3205027217999996,3.386191197,0.116226066,9.087444242,9.391261097,0.153916298,4.4454428
2380,B,Company 504,Rating agency 3,11/17/2016,Health Care,1.399729793,1.165492546,0.172358771,48.55216041,0.026682545,0.0421855,0.146222965,0.069278856,0.02331679,0.040944785,0.14189814,0.861514264,4.812957898,1.929270407,0.833552163,0.307778162,0.528646815,1.454272431,0.769309981,2.917520423,0.042555102,9.030442262,2.690161775,0.081600767,4.3444140853999995
2381,BB,Company 303,Rating agency 4,11/17/2016,Energy,1.300239901,0.710290874,0.124008214,35.32289226,0.085046805,0.091989564,0.642669729,0.203155565,0.029835765,0.034364781,0.092744409,0.35250604,0.472578088,2.113646329,0.676075245,0.073489473,0.535028383,2.97032634,2.2887934993999997,3.144882627,0.092038249,12.52365332,5.603898397,0.249350862,5.374919443
2383,B,Company 169,Rating agency 3,11/23/2016,Technology,0.839079018,0.82593093,0.477119284,8.594029469,-0.035667737,-0.037935937,0.652615583,-0.022570446,-0.066043965,-0.080682327,0.1001309786,1.858495439,9.366333461,5.01619634,0.838823454,0.070652183,0.830078286,5.536695446,1.800909353,2.9204842720000004,-0.038410293,0.81920411,6.612336401,0.118319382,9.468581645
2384,B,Company 486,Rating agency 3,11/23/2016,Technology,0.606260647,0.520227308,0.034447418,101.9930221,-0.03453599,-0.035697672,0.326586143,0.035296086,-0.03058146,-0.064287915,0.084737081,0.886733008,17.75867322,0.7232805314,0.4046823206,0.146319554,0.8132004605999998,-0.470237408,-0.723813636,1.9614084766000002,-0.035857904,11.88339659,0.106061752,0.003898784,3.751818565
2386,B,Company 446,Rating agency 3,11/28/2016,Consumer Services,2.141627258,1.1991283830000001,0.5269551638,27.45607593,0.033668328,0.054568648,0.563191562,0.141911439,0.020364762,0.035927175,0.09754234640000001,0.605162322,1.243486576,1.2480592086,1.064658912,0.383775734,0.580738846,1.418194506,6.098710419,2.257330536,0.054529461,12.38503251,2.425348898,0.241209341,16.73611617
2388,BBB,Company 285,Rating agency 4,11/28/2016,Consumer Services,1.054254425,0.672706392,0.04205872,78.07645253,-0.022946251,0.041849602,0.192559436,0.041871744,-0.013633036,0.033891167,0.11830398360000001,0.595900829,4.813933309,1.612537406,0.620522146,0.22947098559999998,0.343667305,0.963029475,2.6504349336,2.601862816,0.042346375,17.15496915,2.860957873,0.050359821,4.519952957
2389,BBB,Company 126,Rating agency 3,11/28/2016,Basic Industries,3.408780637,1.122138801,0.272872154,50.9847541,0.006289014,0.011885097,0.142490052,0.028452585,0.00400805,0.008665382,0.010293945,0.646302237,1.335761498,1.525117938,0.606213285,0.477180563,0.630268489,3.359761863,1.711050391,2.523265377,0.011817893,14.06829545,5.343621716,0.141438162,9.555576197
2390,BBB,Company 143,Rating agency 4,11/28/2016,Energy,0.631873395,0.526561549,0.125289959,52.86705351,0.059424735,0.064398715,0.307071102,0.074780381,0.024199284,0.052105634,0.097195689,0.405619801,0.542727292,2.93474349,0.748606272,0.064609508,-0.009619218,-0.057530431,1.794481663,3.981074866,0.109718334,12.55453244,5.95698031,0.151437678,3.20920238
2391,BBB,Company 183,Rating agency 4,11/28/2016,Capital Goods,1.206405862,1.028334824,0.455599979,49.57279106,0.089919822,0.120418129,0.546039429,0.130861665,0.085751936,0.144873502,0.415758464,0.950826487,6.801749089,3.879063066,0.794235389,0.248112733,0.674895645,0.13005532979999979,2.6374816408,4.823185025,0.118475546,12.58140252,0.6627655942000003,0.115678509,7.150413073
2392,A,Company 53,Rating agency 4,11/29/2016,Public Utilities,0.87912972,0.266982503,0.026028049,25.48531771,0.101401084,0.15351942,1.0046472,0.197669357,0.027237275,0.044560977,0.10121478,0.267552184,0.340471899,2.709300448,0.728866377,0.33983063,-0.066539301,2.757166419,8.5287692988,3.703011612,0.153899926,3.935282415,3.8886932958000004,0.27263598,0.741802157
2393,BB,Company 15,Rating agency 3,11/29/2016,Consumer Non-Durables,3.591193126,1.4185669129999998,-0.031693638,4.033736785,0.041731823,0.074875932,0.348664312,0.139102735,0.050593695,0.105629576,0.10913245220000001,1.205708604,11.6193707664,0.4986125128,0.41518515800000005,0.389732243,0.732898747,0.567918978,3.8383039994,1.9621392458000002,0.07419751,12.88017104,0.78613889,0.057170964,-0.1970224692
2394,BB,Company 190,Rating agency 3,11/29/2016,Consumer Non-Durables,1.433575113,0.339481426,0.10901896,14.40199914,0.017487598,0.023267837,0.056423056,0.023244215,0.038887457,0.086779014,0.105169626,1.1215010963999998,8.389286179,1.684265493,0.627071528,0.219003863,0.590790707,7.935308609,6.70498717,2.696401827,0.023468216,8.217336227,13.73029614,0.04453441,11.48715187
2395,A,Company 105,Rating agency 3,12/1/2016,Capital Goods,2.195992801,1.578110144,0.519134728,51.39604393,0.071590016,0.097256826,0.223721591,0.097647292,0.067409981,0.114222757,0.174699316,0.950571857,7.295488025,1.647226441,0.618833154,0.277507999,0.865181,7.571704132,6.9212629734,2.636855802,0.097301068,12.15990767,8.593828407,0.103632774,8.577447276
2396,BB,Company 474,Rating agency 3,12/1/2016,Capital Goods,1.613250972,1.018768221,0.199624871,91.65865458,0.034962116,0.057345781,0.314544792,0.065619964,0.019894394,0.039613578,0.044589783,0.567796425,6.017061838,1.210768726,0.542735067,0.301425045,0.745200596,1.505385396,2.66145272,2.224853737,0.057576579,15.53092197,2.022377805,0.067584541,4.141289339
2397,BBB,Company 431,Rating agency 3,12/1/2016,Technology,1.275475485,0.551858935,0.245641482,30.32435711,0.018100358,0.018549543,0.066154538,0.018645726,0.036047105,0.077681522,0.174249238,1.987413804,10.86658337,3.851243167,0.792983654,0.023510511,0.549097289,1.129147754,5.715645879599999,4.825035623,0.018447707,8.108482855,2.033995813,0.046291287,5.36952392
2398,BBB,Company 330,Rating agency 4,12/1/2016,Basic Industries,1.405256049,0.875308207,0.10835557,65.05810786,0.092883226,0.12654235,0.472513355,0.146309784,0.066625692,0.107658997,0.178251151,0.71677195,3.933661034,1.670017296,0.624950779,0.245447273,0.640709193,4.252523406,4.117370298999999,2.664776653,0.124399898,15.24897888,6.616434731,0.146081917,7.033883166
2399,BB,Company 68,Rating agency 4,12/2/2016,Energy,1.417090287,0.979251521,0.322023909,82.95127001,0.0741048812,0.121622912,0.395527034,0.1611608808,-0.0007311965999999999,0.023037173200000004,0.09272675459999999,0.274551331,0.355958291,1.520103049,0.598834104,0.157444644,0.254810167,0.497759667,1.060949486,2.525020806,0.1194440094,15.538311274,1.907455181,0.239911666,5.093537677
2401,BB,Company 394,Rating agency 3,12/2/2016,Health Care,2.763395397,1.921652351,1.277656286,52.92256257,0.126634787,0.13108267,0.529779241,0.170770714,0.061044486,0.070279682,0.110397573,0.484426003,6.19633014,0.823073849,0.448304841,0.032750456,0.864339223,8.243393081,6.012894606600001,1.825052276,0.132724605,16.98447014,9.504733982,0.221511993,12.49159098
2402,BB,Company 30,Rating agency 4,12/2/2016,Miscellaneous,1.50728804,1.040763953,0.823006901,33.81594621,0.160632012,0.231211828,0.886266237,0.237392866,0.056946399,0.096001985,0.133340669,0.351993152,1.088986957,1.32546112,0.568670863,0.28415654,0.802470153,1.318943554,5.8402577016,2.330270391,0.229250104,22.02229974,1.680739762,0.315360825,0.527315237
2403,BBB,Company 420,Rating agency 3,12/2/2016,Technology,2.811956026,1.825393992,1.023383932,48.99218391,0.024152154,0.028829395,0.355405826,0.030627602,0.021282009,0.031084283,0.037664532,0.868206908,3.071497015,0.759180491,0.42775406,-0.154101089,1.007871135,0.955464716,2.249578849,1.74923201,0.028548829,11.01497446,0.957824992,0.121684047,7.322412233
2404,B,Company 168,Rating agency 3,12/7/2016,Miscellaneous,2.837905995,1.904729051,0.980392367,45.83524529,0.038738545,0.056635522,0.241892836,0.083593387,0.050057984,0.089897974,0.230348433,1.310690791,7.537499493,3.501366875,0.773457102,0.321548305,0.885380215,2.217287113,0.8509125860000001,4.497517409,0.056904275,8.810930772,2.487048111,0.103258069,10.14663343
2405,BBB,Company 175,Rating agency 4,12/7/2016,Health Care,0.897605114,0.56117573,0.054829009,63.67809248,0.041630957,0.021286255,0.710393995,0.052827435,0.019048472,0.012209748,0.0516983,0.464690634,5.193533152,1.695926146,0.627160583,0.24075181639999998,0.608234393,0.441711983,0.402755132,2.665810978,0.02101487,12.6615750134,0.719955595,0.115098034,5.470147035
2406,BB,Company 392,Rating agency 3,12/8/2016,Technology,1.494697681,1.388246279,0.702215322,70.83367215,-0.006338089,0.000898208,0.572610056,0.070986966,-0.002197388,0.000346641,0.17202745319999999,0.344145009,10.50321402,1.925177433,0.65996221,0.1973205494,0.907870313,1.759253285,4.1689236478,2.949348793,0.000899232,16.47987467,1.94836752,0.291627766,8.803464047
2407,BB,Company 231,Rating agency 3,12/8/2016,Consumer Durables,1.658351456,1.071721395,0.105183925,91.12078652,0.061576195,0.080905991,0.328596147,0.106871212,0.045798757,0.075359091,0.134470041,0.752350858,7.898768404,1.912704261,0.658492734,0.237608474,0.892156514,1.38435862,3.0779558026,2.914705245,0.080194732,8.815758275,1.564599864,0.106705128,7.65317686
2408,B,Company 535,Rating agency 4,12/12/2016,Basic Industries,1.656749173,1.781936032,0.083821478,25.19170018,0.111405262,0.137105607,0.353967546,0.161115779,0.111827828,0.176470016,0.17089723819999997,1.019161418,5.999298347,2.906075392,0.74285466,0.357587172,0.747281591,2.918387471,1.0946507648000001,3.95151794,0.138804943,12.46061754,3.863202848,0.084200406,10.94817099
2409,CCC,Company 358,Rating agency 4,12/12/2016,Consumer Services,0.519437407,0.522506694,0.480649355,7.232783897,-0.000274288,0.000397289,0.997265534,0.000395677,-6.33e-05,0.000102495,0.00015179,0.234018592,0.288885126,1.5965300392,0.5790636972,0.1725417846,0.881206949,2.175823961,5.728589619999999,2.9047182942,0.000394772,20.01095273,2.463160839,0.485147744,0.0
2410,B,Company 83,Rating agency 4,12/13/2016,Energy,1.867469056,1.652279197,1.138089427,51.01400626,0.103452645,0.1359386342,1.00398151,0.14476429539999996,0.013954453199999998,-0.090305827,0.07299404540000001,0.199891007,0.230624708,0.991618636,0.499542181,0.113880179,1.004110764,4.595624904,5.4551263818,2.005480912,0.1360467276,3.8253807092,4.597988532,0.160471262,0.0
2411,B,Company 115,Rating agency 3,12/13/2016,Health Care,1.512940229,0.571017966,0.041628316,19.11580749,0.005348007,0.008976005,0.256045825,0.009131152,0.014556692,0.033454357,0.282831792,0.5094901336000001,13.52527657,1.484250053,0.956330938,0.40606857,0.32541414,0.320208671,0.122399987,2.4704374624,0.009022811,4.7727147504000005,0.967388741,0.032673859,14.71071794
2413,A,Company 199,Rating agency 3,12/14/2016,Consumer Services,1.04529959,0.667838906,0.471799274,13.11466224,0.133355281,0.196000575,0.596084233,0.195950048,0.0410807968,0.062341723800000005,0.0751620548,1.500446075,4.726956511,1.444467026,0.583978875,0.330284467,0.684207371,2.146467334,1.523363693,2.445594067,0.198259032,15.15758349,3.09348256,0.215264529,11.63890625
2414,B,Company 444,Rating agency 3,12/14/2016,Consumer Non-Durables,3.291786961,2.420665451,0.5959811594,27.68154738,-0.000654854,-0.005969948,0.309527893,0.109218238,-0.000352357,-0.003475899,0.1200836282,0.542033887,3.690047215,2.096307717,0.678124858,0.3483300582,0.756173938,5.586946514,16.63809931,3.08441771,-0.005978935,10.14312624,7.33342112,0.09921129,13.23250519
2415,BB,Company 307,Rating agency 3,12/14/2016,Technology,0.746937193,0.639150606,0.20930485,92.60363866,0.137544389,0.169931644,0.706037641,0.302038139,0.022727073,0.031690653,0.058147957,0.168178575,11.78641948,1.5361509,0.607411517,0.199674229,0.938366647,1.951853431,0.590280869,2.545363516,0.169606853,16.60520307,2.101940287,0.439547485,2.3097452592
2416,BB,Company 164,Rating agency 3,12/14/2016,Consumer Non-Durables,1.827992061,0.914302738,0.363711162,29.70484452,0.07137846,0.080585219,0.522625028,0.094515996,0.053196325,0.070767392,0.126233147,0.753348672,10.82997386,1.340165122,0.572301947,0.115634158,0.707342126,7.761427265,8.967525862,3.0142511366,0.081023256,9.337314382,10.96670428,0.111896857,6.06463553
2418,BB,Company 112,Rating agency 3,12/14/2016,Technology,2.491282064,2.36248633,0.5338315856,57.54009247,0.156222633,0.160185446,0.687945769,0.201695337,0.055109206,0.064618295,0.145122027,0.35088813,10.00236417,1.590447692,0.621897167,0.021669817,0.867108056,3.715590007,2.8835046259999997,2.5979626,0.15878192,7.360050064,4.331944617,0.289515681,2.239673672
2420,BB,Company 390,Rating agency 3,12/14/2016,Miscellaneous,1.399575478,0.907185528,0.253609296,70.98330705,0.041192455,0.057544773,0.679225522,0.092264096,0.034978816,0.066922999,0.389857989,0.851702177,8.714453586599998,1.7918822466000002,0.917688065,0.242349251,0.91012106,6.483172781,6.4819148662,3.118993989,0.057729609,8.426225812,7.075616228,0.135926681,2.673961794
2421,BBB,Company 179,Rating agency 3,12/14/2016,Capital Goods,1.319292113,0.827249248,0.17530132,54.17806832,0.041031831,0.04979124,0.170997018,0.04933043,0.081598759,0.180032639,0.1636836854,1.967911809,6.34303897,2.7990395146,0.871081119,0.205241608,0.332172375,2.91216485,6.183225903,3.8309067062000004,0.049022756,7.43028413,8.779837773,0.057280075,4.703542738
2422,BB,Company 573,Rating agency 3,12/15/2016,Energy,1.3654154744,0.4836719035999999,0.36785918659999994,10.202801252,0.0911908418,0.11359720300000001,0.998881201,0.11308138400000001,-0.030859699,-0.031741409,0.07697144720000001,0.00057634,0.000897769,0.448503391,0.308974606,-0.001175587,0.996814968,4.418919806,1.6818289212000004,1.438940894,0.11376814180000001,3.7028301234000005,4.440453413,0.207176515,0.0
2423,BB,Company 244,Rating agency 3,12/16/2016,Energy,2.229080393,1.618381235,0.95639295,40.206152634,0.0739774346,0.0767898808,0.997219506,0.0969775036,0.149296715,0.119995756,0.0726162148,0.01589848,0.019898327,1.0199503798,1.040959518,0.0,0.834033591,3.704360701,5.263964006,2.3201551874,0.0768583786,7.427241746,4.486761729,0.17327314,0.0
2424,BB,Company 165,Rating agency 3,12/16/2016,Technology,1.39609785,1.115481696,0.550602174,52.54015792,0.041828471,0.054809263,0.180112128,0.075969093,0.040263666,0.069638416,0.118610601,0.948661416,1.507580221,1.975842307,0.661083549,0.223959699,0.107899792,0.33364453,2.328975157,2.980393279,0.054864367,3.659117419,3.091027915,0.187804721,6.573351422
2425,BBB,Company 255,Rating agency 3,12/16/2016,Consumer Services,0.250500765,0.250290064,0.252988947,0.0,0.140492517,0.149543075,0.793368118,0.126027794,0.066714377,0.082490811,0.109462756,0.47856048,0.540331983,0.634165089,0.388493307,0.049466883,0.77581099,1.357197723,2.1204219036,1.640217399,0.148364927,10.77003192,1.76141891,0.241637305,3.98841313
2426,BBB,Company 527,Rating agency 3,12/16/2016,Capital Goods,1.581776368,1.414869644,0.532410823,60.26849378,0.081173739,0.111482846,0.383746641,0.122400596,0.090937663,0.156466633,0.347229375,1.109891589,3.537552707,2.822679079,0.74055804,0.26808961,0.659664135,2.6913295905999997,15.33758792,3.831610316,0.110038876,9.147324442,4.791037849,0.11701104,13.73535246
2427,CCC,Company 194,Rating agency 3,12/16/2016,Capital Goods,1.902484067,1.580902236,0.351859508,35.7228841412,-0.091023105,-0.078106008,0.228424396,-0.027849563,-0.064300907,-0.068944859,0.08069546999999999,0.698540117,13.32024753,2.417697257,0.705919419,-0.153583693,0.993862609,-0.20087071,2.7542782590000003,3.41246362,-0.078651941,9.4677314242,-0.202738606,-0.018536758,9.786319679
2428,BBB,Company 270,Rating agency 3,12/19/2016,Public Utilities,0.476599275,0.360702545,0.212324935,53.88689736,0.120915582,0.132339941,0.837207179,0.149602733,0.041980955,0.07517142,0.186354943,0.344403926,0.812506933,3.381547131,0.777754771,0.087158027,0.27715859,3.184821398,5.761534972600001,4.399658973,0.133262162,2.670993248,5.794276332600001,0.340243052,0.528820921
2429,BBB,Company 371,Rating agency 3,12/20/2016,Technology,2.230651364,1.935315587,0.502212828,100.0527079,0.082868278,0.130432181,0.507517214,0.173519714,0.070367381,0.154734892,0.247845489,0.856268071,12.0307690448,2.539572909,0.720711951,0.374858547,0.733803023,2.003956564,2.1499344907999998,3.553555853,0.130602318,9.713264085,2.718487952,0.109627337,10.69819442
2430,B,Company 178,Rating agency 3,12/21/2016,Consumer Services,2.269872236,1.35173736,0.310735533,40.6557614,0.199618257,0.032919578,0.332815853,0.098928753,0.0208100044,0.046694504,0.0931324586,1.216342566,8.266072529199999,1.4337729708,0.88186222,0.28020921919999997,0.789910788,0.001701584,3.0299136928,2.6358099768,0.032361105,8.4909631176,0.002137617,0.057590956,9.724915051
2431,BB,Company 551,Rating agency 3,12/23/2016,Consumer Services,0.169819473,0.030634953,0.029897705,0.0,0.15025022,0.151303924,0.409090742,0.173304826,0.057318544,0.071207307,0.140617584,0.381007724,0.422719579,1.442588494,0.588352484,0.0,0.008825476,0.10258494,4.6030271116,2.425224511,0.150450799,12.13840656,11.68473144,0.297237383,16.44971784
2432,BBB,Company 417,Rating agency 3,12/23/2016,Health Care,3.008394037,1.453731526,0.644544241,67.69258154,0.168486773,0.251262911,0.386510112,0.248884052,0.107211603,0.189538921,0.1686896478,0.639897205,3.533003948,4.122293916,0.810770707,0.333065426,0.690613545,1.004302484,1.7782460662,5.148561125,0.250175688,20.89338867,1.445877193,0.14452399,6.264596872
